[2025-09-11 15:15:44.393] [3664] [HailoRT] [info] [device.cpp:49] [Device] OS Version: Linux 6.12.34+rpt-rpi-2712 #1 SMP PREEMPT Debian 1:6.12.34-1+rpt1~bookworm (2025-06-26) aarch64
[2025-09-11 15:15:44.394] [3664] [HailoRT] [info] [control.cpp:108] [control__parse_identify_results] firmware_version is: 4.20.0
[2025-09-11 15:15:44.395] [3664] [HailoRT] [info] [control.cpp:108] [control__parse_identify_results] firmware_version is: 4.20.0
[2025-09-11 15:15:44.457] [3672] [HailoRT] [info] [device.cpp:49] [Device] OS Version: Linux 6.12.34+rpt-rpi-2712 #1 SMP PREEMPT Debian 1:6.12.34-1+rpt1~bookworm (2025-06-26) aarch64
[2025-09-11 15:15:44.458] [3672] [HailoRT] [info] [control.cpp:108] [control__parse_identify_results] firmware_version is: 4.20.0
[2025-09-11 15:15:44.459] [3672] [HailoRT] [info] [control.cpp:108] [control__parse_identify_results] firmware_version is: 4.20.0
[2025-09-11 15:15:44.509] [3680] [HailoRT] [info] [device.cpp:49] [Device] OS Version: Linux 6.12.34+rpt-rpi-2712 #1 SMP PREEMPT Debian 1:6.12.34-1+rpt1~bookworm (2025-06-26) aarch64
[2025-09-11 15:15:44.510] [3680] [HailoRT] [info] [control.cpp:108] [control__parse_identify_results] firmware_version is: 4.20.0
[2025-09-11 15:15:44.511] [3680] [HailoRT] [info] [control.cpp:108] [control__parse_identify_results] firmware_version is: 4.20.0
[2025-09-11 15:15:44.581] [3653] [HailoRT] [info] [vdevice.cpp:523] [create] Creating vdevice with params: device_count: 1, scheduling_algorithm: ROUND_ROBIN, multi_process_service: false
[2025-09-11 15:15:44.593] [3653] [HailoRT] [info] [device.cpp:49] [Device] OS Version: Linux 6.12.34+rpt-rpi-2712 #1 SMP PREEMPT Debian 1:6.12.34-1+rpt1~bookworm (2025-06-26) aarch64
[2025-09-11 15:15:44.594] [3653] [HailoRT] [info] [control.cpp:108] [control__parse_identify_results] firmware_version is: 4.20.0
[2025-09-11 15:15:44.594] [3653] [HailoRT] [info] [vdevice.cpp:651] [create] VDevice Infos: 0001:01:00.0
[2025-09-11 15:15:44.694] [3653] [HailoRT] [info] [hef.cpp:1929] [get_network_group_and_network_name] No name was given. Addressing all networks of default network_group: yolov8m_pose
[2025-09-11 15:15:44.694] [3653] [HailoRT] [info] [hef.cpp:1929] [get_network_group_and_network_name] No name was given. Addressing all networks of default network_group: yolov8m_pose
[2025-09-11 15:15:44.892] [3705] [HailoRT] [info] [internal_buffer_manager.cpp:204] [print_execution_results] Planned internal buffer memory: CMA memory 0, user memory 7300608. memory to edge layer usage factor is 1
[2025-09-11 15:15:44.892] [3705] [HailoRT] [info] [internal_buffer_manager.cpp:212] [print_execution_results] Default Internal buffer planner executed successfully
[2025-09-11 15:15:44.974] [3705] [HailoRT] [info] [device_internal.cpp:57] [configure] Configuring HEF took 104.512216 milliseconds
[2025-09-11 15:15:44.975] [3705] [HailoRT] [info] [vdevice.cpp:749] [configure] Configuring HEF on VDevice took 104.919287 milliseconds
[2025-09-11 15:15:44.975] [3705] [HailoRT] [info] [infer_model.cpp:436] [configure] Configuring network group 'yolov8m_pose' with params: batch size: 2, power mode: PERFORMANCE, latency: NONE
[2025-09-11 15:15:44.975] [3705] [HailoRT] [info] [multi_io_elements.cpp:756] [create] Created (AsyncHwEl)
[2025-09-11 15:15:44.975] [3705] [HailoRT] [info] [queue_elements.cpp:450] [create] Created (EntryPushQEl0yolov8m_pose/input_layer1 | timeout: 10s)
[2025-09-11 15:15:44.975] [3705] [HailoRT] [info] [filter_elements.cpp:101] [create] Created (PreInferEl1yolov8m_pose/input_layer1 | Reorder - src_order: RGB4, src_shape: (640, 640, 3), dst_order: NHWC, dst_shape: (640, 640, 3))
[2025-09-11 15:15:44.975] [3705] [HailoRT] [info] [queue_elements.cpp:450] [create] Created (PushQEl1yolov8m_pose/input_layer1 | timeout: 10s)
[2025-09-11 15:15:44.975] [3705] [HailoRT] [info] [edge_elements.cpp:187] [create] Created (LastAsyncEl4AsyncHwEl)
[2025-09-11 15:15:44.975] [3705] [HailoRT] [info] [queue_elements.cpp:450] [create] Created (PushQEl5AsyncHwEl | timeout: 10s)
[2025-09-11 15:15:44.975] [3705] [HailoRT] [info] [filter_elements.cpp:375] [create] Created (PostInferEl5AsyncHwEl | Reorder - src_order: FCR, src_shape: (40, 40, 56), dst_order: FCR, dst_shape: (40, 40, 51))
[2025-09-11 15:15:44.975] [3705] [HailoRT] [info] [edge_elements.cpp:187] [create] Created (LastAsyncEl0PostInferEl5AsyncHwEl)
[2025-09-11 15:15:44.975] [3705] [HailoRT] [info] [edge_elements.cpp:187] [create] Created (LastAsyncEl1AsyncHwEl)
[2025-09-11 15:15:44.975] [3705] [HailoRT] [info] [queue_elements.cpp:450] [create] Created (PushQEl2AsyncHwEl | timeout: 10s)
[2025-09-11 15:15:44.975] [3705] [HailoRT] [info] [filter_elements.cpp:375] [create] Created (PostInferEl2AsyncHwEl | Reorder - src_order: FCR, src_shape: (20, 20, 56), dst_order: FCR, dst_shape: (20, 20, 51))
[2025-09-11 15:15:44.975] [3705] [HailoRT] [info] [edge_elements.cpp:187] [create] Created (LastAsyncEl0PostInferEl2AsyncHwEl)
[2025-09-11 15:15:44.975] [3705] [HailoRT] [info] [edge_elements.cpp:187] [create] Created (LastAsyncEl3AsyncHwEl)
[2025-09-11 15:15:44.975] [3705] [HailoRT] [info] [edge_elements.cpp:187] [create] Created (LastAsyncEl0AsyncHwEl)
[2025-09-11 15:15:44.975] [3705] [HailoRT] [info] [edge_elements.cpp:187] [create] Created (LastAsyncEl8AsyncHwEl)
[2025-09-11 15:15:44.975] [3705] [HailoRT] [info] [edge_elements.cpp:187] [create] Created (LastAsyncEl6AsyncHwEl)
[2025-09-11 15:15:44.976] [3705] [HailoRT] [info] [queue_elements.cpp:450] [create] Created (PushQEl7AsyncHwEl | timeout: 10s)
[2025-09-11 15:15:44.976] [3705] [HailoRT] [info] [filter_elements.cpp:375] [create] Created (PostInferEl7AsyncHwEl | Reorder - src_order: FCR, src_shape: (80, 80, 56), dst_order: FCR, dst_shape: (80, 80, 51))
[2025-09-11 15:15:44.976] [3705] [HailoRT] [info] [edge_elements.cpp:187] [create] Created (LastAsyncEl0PostInferEl7AsyncHwEl)
[2025-09-11 15:15:44.976] [3705] [HailoRT] [info] [pipeline.cpp:891] [print_deep_description] EntryPushQEl0yolov8m_pose/input_layer1 | inputs: user | outputs: PreInferEl1yolov8m_pose/input_layer1(running in thread_id: 3728)
[2025-09-11 15:15:44.976] [3705] [HailoRT] [info] [pipeline.cpp:891] [print_deep_description] PreInferEl1yolov8m_pose/input_layer1 | inputs: EntryPushQEl0yolov8m_pose/input_layer1[0] | outputs: PushQEl1yolov8m_pose/input_layer1
[2025-09-11 15:15:44.976] [3705] [HailoRT] [info] [pipeline.cpp:891] [print_deep_description] PushQEl1yolov8m_pose/input_layer1 | inputs: PreInferEl1yolov8m_pose/input_layer1[0] | outputs: AsyncHwEl(running in thread_id: 3729)
[2025-09-11 15:15:44.976] [3705] [HailoRT] [info] [pipeline.cpp:891] [print_deep_description] AsyncHwEl | inputs: PushQEl1yolov8m_pose/input_layer1[0] | outputs: LastAsyncEl0AsyncHwEl LastAsyncEl1AsyncHwEl PushQEl2AsyncHwEl LastAsyncEl3AsyncHwEl LastAsyncEl4AsyncHwEl PushQEl5AsyncHwEl LastAsyncEl6AsyncHwEl PushQEl7AsyncHwEl LastAsyncEl8AsyncHwEl
[2025-09-11 15:15:44.976] [3705] [HailoRT] [info] [pipeline.cpp:891] [print_deep_description] LastAsyncEl0AsyncHwEl | inputs: AsyncHwEl[0] | outputs: user
[2025-09-11 15:15:44.976] [3705] [HailoRT] [info] [pipeline.cpp:891] [print_deep_description] LastAsyncEl1AsyncHwEl | inputs: AsyncHwEl[0] | outputs: user
[2025-09-11 15:15:44.976] [3705] [HailoRT] [info] [pipeline.cpp:891] [print_deep_description] PushQEl2AsyncHwEl | inputs: AsyncHwEl[0] | outputs: PostInferEl2AsyncHwEl(running in thread_id: 3731)
[2025-09-11 15:15:44.976] [3705] [HailoRT] [info] [pipeline.cpp:891] [print_deep_description] PostInferEl2AsyncHwEl | inputs: PushQEl2AsyncHwEl[0] | outputs: LastAsyncEl0PostInferEl2AsyncHwEl
[2025-09-11 15:15:44.976] [3705] [HailoRT] [info] [pipeline.cpp:891] [print_deep_description] LastAsyncEl0PostInferEl2AsyncHwEl | inputs: PostInferEl2AsyncHwEl[0] | outputs: user
[2025-09-11 15:15:44.976] [3705] [HailoRT] [info] [pipeline.cpp:891] [print_deep_description] LastAsyncEl3AsyncHwEl | inputs: AsyncHwEl[0] | outputs: user
[2025-09-11 15:15:44.976] [3705] [HailoRT] [info] [pipeline.cpp:891] [print_deep_description] LastAsyncEl4AsyncHwEl | inputs: AsyncHwEl[0] | outputs: user
[2025-09-11 15:15:44.976] [3705] [HailoRT] [info] [pipeline.cpp:891] [print_deep_description] PushQEl5AsyncHwEl | inputs: AsyncHwEl[0] | outputs: PostInferEl5AsyncHwEl(running in thread_id: 3730)
[2025-09-11 15:15:44.976] [3705] [HailoRT] [info] [pipeline.cpp:891] [print_deep_description] PostInferEl5AsyncHwEl | inputs: PushQEl5AsyncHwEl[0] | outputs: LastAsyncEl0PostInferEl5AsyncHwEl
[2025-09-11 15:15:44.976] [3705] [HailoRT] [info] [pipeline.cpp:891] [print_deep_description] LastAsyncEl0PostInferEl5AsyncHwEl | inputs: PostInferEl5AsyncHwEl[0] | outputs: user
[2025-09-11 15:15:44.976] [3705] [HailoRT] [info] [pipeline.cpp:891] [print_deep_description] LastAsyncEl6AsyncHwEl | inputs: AsyncHwEl[0] | outputs: user
[2025-09-11 15:15:44.976] [3705] [HailoRT] [info] [pipeline.cpp:891] [print_deep_description] PushQEl7AsyncHwEl | inputs: AsyncHwEl[0] | outputs: PostInferEl7AsyncHwEl(running in thread_id: 3732)
[2025-09-11 15:15:44.976] [3705] [HailoRT] [info] [pipeline.cpp:891] [print_deep_description] PostInferEl7AsyncHwEl | inputs: PushQEl7AsyncHwEl[0] | outputs: LastAsyncEl0PostInferEl7AsyncHwEl
[2025-09-11 15:15:44.976] [3705] [HailoRT] [info] [pipeline.cpp:891] [print_deep_description] LastAsyncEl0PostInferEl7AsyncHwEl | inputs: PostInferEl7AsyncHwEl[0] | outputs: user
[2025-09-11 15:15:44.976] [3705] [HailoRT] [info] [pipeline.cpp:891] [print_deep_description] LastAsyncEl8AsyncHwEl | inputs: AsyncHwEl[0] | outputs: user
[2025-09-11 15:15:44.981] [3705] [HailoRT] [info] [hef.cpp:1929] [get_network_group_and_network_name] No name was given. Addressing all networks of default network_group: yolov8m_pose
[2025-09-11 15:15:49.370] [3653] [HailoRT] [info] [async_infer_runner.cpp:86] [shutdown] Pipeline was aborted. Shutting it down
[2025-09-11 15:15:49.372] [3653] [HailoRT] [info] [queue_elements.cpp:570] [execute_deactivate] enqueue() in element PushQEl2AsyncHwEl was aborted, got status = HAILO_SHUTDOWN_EVENT_SIGNALED(57)
[2025-09-11 15:15:49.372] [3653] [HailoRT] [info] [queue_elements.cpp:570] [execute_deactivate] enqueue() in element PushQEl5AsyncHwEl was aborted, got status = HAILO_SHUTDOWN_EVENT_SIGNALED(57)
[2025-09-11 15:15:49.372] [3653] [HailoRT] [info] [queue_elements.cpp:570] [execute_deactivate] enqueue() in element PushQEl7AsyncHwEl was aborted, got status = HAILO_SHUTDOWN_EVENT_SIGNALED(57)
[2025-09-11 15:15:49.372] [3653] [HailoRT] [info] [queue_elements.cpp:570] [execute_deactivate] enqueue() in element PushQEl1yolov8m_pose/input_layer1 was aborted, got status = HAILO_SHUTDOWN_EVENT_SIGNALED(57)
[2025-09-11 15:15:49.372] [3653] [HailoRT] [info] [queue_elements.cpp:570] [execute_deactivate] enqueue() in element EntryPushQEl0yolov8m_pose/input_layer1 was aborted, got status = HAILO_SHUTDOWN_EVENT_SIGNALED(57)
[2025-09-11 15:15:49.372] [3653] [HailoRT] [info] [queue_elements.cpp:46] [~BaseQueueElement] Queue element EntryPushQEl0yolov8m_pose/input_layer1 has 0 frames in his Queue on destruction
[2025-09-11 15:15:49.372] [3653] [HailoRT] [info] [queue_elements.cpp:46] [~BaseQueueElement] Queue element PushQEl1yolov8m_pose/input_layer1 has 0 frames in his Queue on destruction
[2025-09-11 15:15:49.373] [3653] [HailoRT] [info] [queue_elements.cpp:46] [~BaseQueueElement] Queue element PushQEl5AsyncHwEl has 0 frames in his Queue on destruction
[2025-09-11 15:15:49.373] [3653] [HailoRT] [info] [queue_elements.cpp:46] [~BaseQueueElement] Queue element PushQEl2AsyncHwEl has 0 frames in his Queue on destruction
[2025-09-11 15:15:49.373] [3653] [HailoRT] [info] [queue_elements.cpp:46] [~BaseQueueElement] Queue element PushQEl7AsyncHwEl has 0 frames in his Queue on destruction
[2025-09-11 15:19:19.733] [3792] [HailoRT] [info] [device.cpp:49] [Device] OS Version: Linux 6.12.34+rpt-rpi-2712 #1 SMP PREEMPT Debian 1:6.12.34-1+rpt1~bookworm (2025-06-26) aarch64
[2025-09-11 15:19:19.734] [3792] [HailoRT] [info] [control.cpp:108] [control__parse_identify_results] firmware_version is: 4.20.0
[2025-09-11 15:19:19.735] [3792] [HailoRT] [info] [control.cpp:108] [control__parse_identify_results] firmware_version is: 4.20.0
[2025-09-11 15:19:19.785] [3800] [HailoRT] [info] [device.cpp:49] [Device] OS Version: Linux 6.12.34+rpt-rpi-2712 #1 SMP PREEMPT Debian 1:6.12.34-1+rpt1~bookworm (2025-06-26) aarch64
[2025-09-11 15:19:19.786] [3800] [HailoRT] [info] [control.cpp:108] [control__parse_identify_results] firmware_version is: 4.20.0
[2025-09-11 15:19:19.787] [3800] [HailoRT] [info] [control.cpp:108] [control__parse_identify_results] firmware_version is: 4.20.0
[2025-09-11 15:19:19.841] [3808] [HailoRT] [info] [device.cpp:49] [Device] OS Version: Linux 6.12.34+rpt-rpi-2712 #1 SMP PREEMPT Debian 1:6.12.34-1+rpt1~bookworm (2025-06-26) aarch64
[2025-09-11 15:19:19.842] [3808] [HailoRT] [info] [control.cpp:108] [control__parse_identify_results] firmware_version is: 4.20.0
[2025-09-11 15:19:19.843] [3808] [HailoRT] [info] [control.cpp:108] [control__parse_identify_results] firmware_version is: 4.20.0
[2025-09-11 15:19:19.912] [3781] [HailoRT] [info] [vdevice.cpp:523] [create] Creating vdevice with params: device_count: 1, scheduling_algorithm: ROUND_ROBIN, multi_process_service: false
[2025-09-11 15:19:19.924] [3781] [HailoRT] [info] [device.cpp:49] [Device] OS Version: Linux 6.12.34+rpt-rpi-2712 #1 SMP PREEMPT Debian 1:6.12.34-1+rpt1~bookworm (2025-06-26) aarch64
[2025-09-11 15:19:19.925] [3781] [HailoRT] [info] [control.cpp:108] [control__parse_identify_results] firmware_version is: 4.20.0
[2025-09-11 15:19:19.925] [3781] [HailoRT] [info] [vdevice.cpp:651] [create] VDevice Infos: 0001:01:00.0
[2025-09-11 15:19:20.025] [3781] [HailoRT] [info] [hef.cpp:1929] [get_network_group_and_network_name] No name was given. Addressing all networks of default network_group: yolov8m_pose
[2025-09-11 15:19:20.025] [3781] [HailoRT] [info] [hef.cpp:1929] [get_network_group_and_network_name] No name was given. Addressing all networks of default network_group: yolov8m_pose
[2025-09-11 15:19:20.172] [3833] [HailoRT] [info] [internal_buffer_manager.cpp:204] [print_execution_results] Planned internal buffer memory: CMA memory 0, user memory 7300608. memory to edge layer usage factor is 1
[2025-09-11 15:19:20.172] [3833] [HailoRT] [info] [internal_buffer_manager.cpp:212] [print_execution_results] Default Internal buffer planner executed successfully
[2025-09-11 15:19:20.249] [3833] [HailoRT] [info] [device_internal.cpp:57] [configure] Configuring HEF took 96.868268 milliseconds
[2025-09-11 15:19:20.249] [3833] [HailoRT] [info] [vdevice.cpp:749] [configure] Configuring HEF on VDevice took 97.366319 milliseconds
[2025-09-11 15:19:20.249] [3833] [HailoRT] [info] [infer_model.cpp:436] [configure] Configuring network group 'yolov8m_pose' with params: batch size: 2, power mode: PERFORMANCE, latency: NONE
[2025-09-11 15:19:20.249] [3833] [HailoRT] [info] [multi_io_elements.cpp:756] [create] Created (AsyncHwEl)
[2025-09-11 15:19:20.250] [3833] [HailoRT] [info] [queue_elements.cpp:450] [create] Created (EntryPushQEl0yolov8m_pose/input_layer1 | timeout: 10s)
[2025-09-11 15:19:20.250] [3833] [HailoRT] [info] [filter_elements.cpp:101] [create] Created (PreInferEl1yolov8m_pose/input_layer1 | Reorder - src_order: RGB4, src_shape: (640, 640, 3), dst_order: NHWC, dst_shape: (640, 640, 3))
[2025-09-11 15:19:20.250] [3833] [HailoRT] [info] [queue_elements.cpp:450] [create] Created (PushQEl1yolov8m_pose/input_layer1 | timeout: 10s)
[2025-09-11 15:19:20.250] [3833] [HailoRT] [info] [edge_elements.cpp:187] [create] Created (LastAsyncEl4AsyncHwEl)
[2025-09-11 15:19:20.250] [3833] [HailoRT] [info] [queue_elements.cpp:450] [create] Created (PushQEl5AsyncHwEl | timeout: 10s)
[2025-09-11 15:19:20.250] [3833] [HailoRT] [info] [filter_elements.cpp:375] [create] Created (PostInferEl5AsyncHwEl | Reorder - src_order: FCR, src_shape: (40, 40, 56), dst_order: FCR, dst_shape: (40, 40, 51))
[2025-09-11 15:19:20.250] [3833] [HailoRT] [info] [edge_elements.cpp:187] [create] Created (LastAsyncEl0PostInferEl5AsyncHwEl)
[2025-09-11 15:19:20.250] [3833] [HailoRT] [info] [edge_elements.cpp:187] [create] Created (LastAsyncEl1AsyncHwEl)
[2025-09-11 15:19:20.250] [3833] [HailoRT] [info] [queue_elements.cpp:450] [create] Created (PushQEl2AsyncHwEl | timeout: 10s)
[2025-09-11 15:19:20.250] [3833] [HailoRT] [info] [filter_elements.cpp:375] [create] Created (PostInferEl2AsyncHwEl | Reorder - src_order: FCR, src_shape: (20, 20, 56), dst_order: FCR, dst_shape: (20, 20, 51))
[2025-09-11 15:19:20.250] [3833] [HailoRT] [info] [edge_elements.cpp:187] [create] Created (LastAsyncEl0PostInferEl2AsyncHwEl)
[2025-09-11 15:19:20.250] [3833] [HailoRT] [info] [edge_elements.cpp:187] [create] Created (LastAsyncEl3AsyncHwEl)
[2025-09-11 15:19:20.250] [3833] [HailoRT] [info] [edge_elements.cpp:187] [create] Created (LastAsyncEl0AsyncHwEl)
[2025-09-11 15:19:20.250] [3833] [HailoRT] [info] [edge_elements.cpp:187] [create] Created (LastAsyncEl8AsyncHwEl)
[2025-09-11 15:19:20.250] [3833] [HailoRT] [info] [edge_elements.cpp:187] [create] Created (LastAsyncEl6AsyncHwEl)
[2025-09-11 15:19:20.250] [3833] [HailoRT] [info] [queue_elements.cpp:450] [create] Created (PushQEl7AsyncHwEl | timeout: 10s)
[2025-09-11 15:19:20.250] [3833] [HailoRT] [info] [filter_elements.cpp:375] [create] Created (PostInferEl7AsyncHwEl | Reorder - src_order: FCR, src_shape: (80, 80, 56), dst_order: FCR, dst_shape: (80, 80, 51))
[2025-09-11 15:19:20.250] [3833] [HailoRT] [info] [edge_elements.cpp:187] [create] Created (LastAsyncEl0PostInferEl7AsyncHwEl)
[2025-09-11 15:19:20.250] [3833] [HailoRT] [info] [pipeline.cpp:891] [print_deep_description] EntryPushQEl0yolov8m_pose/input_layer1 | inputs: user | outputs: PreInferEl1yolov8m_pose/input_layer1(running in thread_id: 3855)
[2025-09-11 15:19:20.250] [3833] [HailoRT] [info] [pipeline.cpp:891] [print_deep_description] PreInferEl1yolov8m_pose/input_layer1 | inputs: EntryPushQEl0yolov8m_pose/input_layer1[0] | outputs: PushQEl1yolov8m_pose/input_layer1
[2025-09-11 15:19:20.250] [3833] [HailoRT] [info] [pipeline.cpp:891] [print_deep_description] PushQEl1yolov8m_pose/input_layer1 | inputs: PreInferEl1yolov8m_pose/input_layer1[0] | outputs: AsyncHwEl(running in thread_id: 3856)
[2025-09-11 15:19:20.250] [3833] [HailoRT] [info] [pipeline.cpp:891] [print_deep_description] AsyncHwEl | inputs: PushQEl1yolov8m_pose/input_layer1[0] | outputs: LastAsyncEl0AsyncHwEl LastAsyncEl1AsyncHwEl PushQEl2AsyncHwEl LastAsyncEl3AsyncHwEl LastAsyncEl4AsyncHwEl PushQEl5AsyncHwEl LastAsyncEl6AsyncHwEl PushQEl7AsyncHwEl LastAsyncEl8AsyncHwEl
[2025-09-11 15:19:20.250] [3833] [HailoRT] [info] [pipeline.cpp:891] [print_deep_description] LastAsyncEl0AsyncHwEl | inputs: AsyncHwEl[0] | outputs: user
[2025-09-11 15:19:20.250] [3833] [HailoRT] [info] [pipeline.cpp:891] [print_deep_description] LastAsyncEl1AsyncHwEl | inputs: AsyncHwEl[0] | outputs: user
[2025-09-11 15:19:20.250] [3833] [HailoRT] [info] [pipeline.cpp:891] [print_deep_description] PushQEl2AsyncHwEl | inputs: AsyncHwEl[0] | outputs: PostInferEl2AsyncHwEl(running in thread_id: 3858)
[2025-09-11 15:19:20.250] [3833] [HailoRT] [info] [pipeline.cpp:891] [print_deep_description] PostInferEl2AsyncHwEl | inputs: PushQEl2AsyncHwEl[0] | outputs: LastAsyncEl0PostInferEl2AsyncHwEl
[2025-09-11 15:19:20.250] [3833] [HailoRT] [info] [pipeline.cpp:891] [print_deep_description] LastAsyncEl0PostInferEl2AsyncHwEl | inputs: PostInferEl2AsyncHwEl[0] | outputs: user
[2025-09-11 15:19:20.250] [3833] [HailoRT] [info] [pipeline.cpp:891] [print_deep_description] LastAsyncEl3AsyncHwEl | inputs: AsyncHwEl[0] | outputs: user
[2025-09-11 15:19:20.250] [3833] [HailoRT] [info] [pipeline.cpp:891] [print_deep_description] LastAsyncEl4AsyncHwEl | inputs: AsyncHwEl[0] | outputs: user
[2025-09-11 15:19:20.250] [3833] [HailoRT] [info] [pipeline.cpp:891] [print_deep_description] PushQEl5AsyncHwEl | inputs: AsyncHwEl[0] | outputs: PostInferEl5AsyncHwEl(running in thread_id: 3857)
[2025-09-11 15:19:20.250] [3833] [HailoRT] [info] [pipeline.cpp:891] [print_deep_description] PostInferEl5AsyncHwEl | inputs: PushQEl5AsyncHwEl[0] | outputs: LastAsyncEl0PostInferEl5AsyncHwEl
[2025-09-11 15:19:20.250] [3833] [HailoRT] [info] [pipeline.cpp:891] [print_deep_description] LastAsyncEl0PostInferEl5AsyncHwEl | inputs: PostInferEl5AsyncHwEl[0] | outputs: user
[2025-09-11 15:19:20.250] [3833] [HailoRT] [info] [pipeline.cpp:891] [print_deep_description] LastAsyncEl6AsyncHwEl | inputs: AsyncHwEl[0] | outputs: user
[2025-09-11 15:19:20.250] [3833] [HailoRT] [info] [pipeline.cpp:891] [print_deep_description] PushQEl7AsyncHwEl | inputs: AsyncHwEl[0] | outputs: PostInferEl7AsyncHwEl(running in thread_id: 3859)
[2025-09-11 15:19:20.250] [3833] [HailoRT] [info] [pipeline.cpp:891] [print_deep_description] PostInferEl7AsyncHwEl | inputs: PushQEl7AsyncHwEl[0] | outputs: LastAsyncEl0PostInferEl7AsyncHwEl
[2025-09-11 15:19:20.250] [3833] [HailoRT] [info] [pipeline.cpp:891] [print_deep_description] LastAsyncEl0PostInferEl7AsyncHwEl | inputs: PostInferEl7AsyncHwEl[0] | outputs: user
[2025-09-11 15:19:20.250] [3833] [HailoRT] [info] [pipeline.cpp:891] [print_deep_description] LastAsyncEl8AsyncHwEl | inputs: AsyncHwEl[0] | outputs: user
[2025-09-11 15:19:20.255] [3833] [HailoRT] [info] [hef.cpp:1929] [get_network_group_and_network_name] No name was given. Addressing all networks of default network_group: yolov8m_pose
[2025-09-11 15:19:28.406] [3781] [HailoRT] [info] [async_infer_runner.cpp:86] [shutdown] Pipeline was aborted. Shutting it down
[2025-09-11 15:19:28.408] [3781] [HailoRT] [info] [queue_elements.cpp:570] [execute_deactivate] enqueue() in element PushQEl2AsyncHwEl was aborted, got status = HAILO_SHUTDOWN_EVENT_SIGNALED(57)
[2025-09-11 15:19:28.408] [3781] [HailoRT] [info] [queue_elements.cpp:570] [execute_deactivate] enqueue() in element PushQEl5AsyncHwEl was aborted, got status = HAILO_SHUTDOWN_EVENT_SIGNALED(57)
[2025-09-11 15:19:28.408] [3781] [HailoRT] [info] [queue_elements.cpp:570] [execute_deactivate] enqueue() in element PushQEl7AsyncHwEl was aborted, got status = HAILO_SHUTDOWN_EVENT_SIGNALED(57)
[2025-09-11 15:19:28.408] [3781] [HailoRT] [info] [queue_elements.cpp:570] [execute_deactivate] enqueue() in element PushQEl1yolov8m_pose/input_layer1 was aborted, got status = HAILO_SHUTDOWN_EVENT_SIGNALED(57)
[2025-09-11 15:19:28.408] [3781] [HailoRT] [info] [queue_elements.cpp:570] [execute_deactivate] enqueue() in element EntryPushQEl0yolov8m_pose/input_layer1 was aborted, got status = HAILO_SHUTDOWN_EVENT_SIGNALED(57)
[2025-09-11 15:19:28.408] [3781] [HailoRT] [info] [queue_elements.cpp:46] [~BaseQueueElement] Queue element EntryPushQEl0yolov8m_pose/input_layer1 has 0 frames in his Queue on destruction
[2025-09-11 15:19:28.408] [3781] [HailoRT] [info] [queue_elements.cpp:46] [~BaseQueueElement] Queue element PushQEl1yolov8m_pose/input_layer1 has 0 frames in his Queue on destruction
[2025-09-11 15:19:28.409] [3781] [HailoRT] [info] [queue_elements.cpp:46] [~BaseQueueElement] Queue element PushQEl5AsyncHwEl has 0 frames in his Queue on destruction
[2025-09-11 15:19:28.409] [3781] [HailoRT] [info] [queue_elements.cpp:46] [~BaseQueueElement] Queue element PushQEl2AsyncHwEl has 0 frames in his Queue on destruction
[2025-09-11 15:19:28.409] [3781] [HailoRT] [info] [queue_elements.cpp:46] [~BaseQueueElement] Queue element PushQEl7AsyncHwEl has 0 frames in his Queue on destruction
[2025-09-11 15:19:57.581] [3879] [HailoRT] [info] [device.cpp:49] [Device] OS Version: Linux 6.12.34+rpt-rpi-2712 #1 SMP PREEMPT Debian 1:6.12.34-1+rpt1~bookworm (2025-06-26) aarch64
[2025-09-11 15:19:57.582] [3879] [HailoRT] [info] [control.cpp:108] [control__parse_identify_results] firmware_version is: 4.20.0
[2025-09-11 15:19:57.583] [3879] [HailoRT] [info] [control.cpp:108] [control__parse_identify_results] firmware_version is: 4.20.0
[2025-09-11 15:19:57.629] [3887] [HailoRT] [info] [device.cpp:49] [Device] OS Version: Linux 6.12.34+rpt-rpi-2712 #1 SMP PREEMPT Debian 1:6.12.34-1+rpt1~bookworm (2025-06-26) aarch64
[2025-09-11 15:19:57.630] [3887] [HailoRT] [info] [control.cpp:108] [control__parse_identify_results] firmware_version is: 4.20.0
[2025-09-11 15:19:57.631] [3887] [HailoRT] [info] [control.cpp:108] [control__parse_identify_results] firmware_version is: 4.20.0
[2025-09-11 15:19:57.677] [3895] [HailoRT] [info] [device.cpp:49] [Device] OS Version: Linux 6.12.34+rpt-rpi-2712 #1 SMP PREEMPT Debian 1:6.12.34-1+rpt1~bookworm (2025-06-26) aarch64
[2025-09-11 15:19:57.678] [3895] [HailoRT] [info] [control.cpp:108] [control__parse_identify_results] firmware_version is: 4.20.0
[2025-09-11 15:19:57.679] [3895] [HailoRT] [info] [control.cpp:108] [control__parse_identify_results] firmware_version is: 4.20.0
[2025-09-11 15:19:57.752] [3868] [HailoRT] [info] [vdevice.cpp:523] [create] Creating vdevice with params: device_count: 1, scheduling_algorithm: ROUND_ROBIN, multi_process_service: false
[2025-09-11 15:19:57.765] [3868] [HailoRT] [info] [device.cpp:49] [Device] OS Version: Linux 6.12.34+rpt-rpi-2712 #1 SMP PREEMPT Debian 1:6.12.34-1+rpt1~bookworm (2025-06-26) aarch64
[2025-09-11 15:19:57.766] [3868] [HailoRT] [info] [control.cpp:108] [control__parse_identify_results] firmware_version is: 4.20.0
[2025-09-11 15:19:57.766] [3868] [HailoRT] [info] [vdevice.cpp:651] [create] VDevice Infos: 0001:01:00.0
[2025-09-11 15:19:57.865] [3868] [HailoRT] [info] [hef.cpp:1929] [get_network_group_and_network_name] No name was given. Addressing all networks of default network_group: yolov8m_pose
[2025-09-11 15:19:57.865] [3868] [HailoRT] [info] [hef.cpp:1929] [get_network_group_and_network_name] No name was given. Addressing all networks of default network_group: yolov8m_pose
[2025-09-11 15:19:58.064] [3920] [HailoRT] [info] [internal_buffer_manager.cpp:204] [print_execution_results] Planned internal buffer memory: CMA memory 0, user memory 7300608. memory to edge layer usage factor is 1
[2025-09-11 15:19:58.064] [3920] [HailoRT] [info] [internal_buffer_manager.cpp:212] [print_execution_results] Default Internal buffer planner executed successfully
[2025-09-11 15:19:58.140] [3920] [HailoRT] [info] [device_internal.cpp:57] [configure] Configuring HEF took 92.620881 milliseconds
[2025-09-11 15:19:58.141] [3920] [HailoRT] [info] [vdevice.cpp:749] [configure] Configuring HEF on VDevice took 93.113635 milliseconds
[2025-09-11 15:19:58.141] [3920] [HailoRT] [info] [infer_model.cpp:436] [configure] Configuring network group 'yolov8m_pose' with params: batch size: 2, power mode: PERFORMANCE, latency: NONE
[2025-09-11 15:19:58.141] [3920] [HailoRT] [info] [multi_io_elements.cpp:756] [create] Created (AsyncHwEl)
[2025-09-11 15:19:58.141] [3920] [HailoRT] [info] [queue_elements.cpp:450] [create] Created (EntryPushQEl0yolov8m_pose/input_layer1 | timeout: 10s)
[2025-09-11 15:19:58.141] [3920] [HailoRT] [info] [filter_elements.cpp:101] [create] Created (PreInferEl1yolov8m_pose/input_layer1 | Reorder - src_order: RGB4, src_shape: (640, 640, 3), dst_order: NHWC, dst_shape: (640, 640, 3))
[2025-09-11 15:19:58.141] [3920] [HailoRT] [info] [queue_elements.cpp:450] [create] Created (PushQEl1yolov8m_pose/input_layer1 | timeout: 10s)
[2025-09-11 15:19:58.141] [3920] [HailoRT] [info] [edge_elements.cpp:187] [create] Created (LastAsyncEl4AsyncHwEl)
[2025-09-11 15:19:58.141] [3920] [HailoRT] [info] [queue_elements.cpp:450] [create] Created (PushQEl5AsyncHwEl | timeout: 10s)
[2025-09-11 15:19:58.141] [3920] [HailoRT] [info] [filter_elements.cpp:375] [create] Created (PostInferEl5AsyncHwEl | Reorder - src_order: FCR, src_shape: (40, 40, 56), dst_order: FCR, dst_shape: (40, 40, 51))
[2025-09-11 15:19:58.141] [3920] [HailoRT] [info] [edge_elements.cpp:187] [create] Created (LastAsyncEl0PostInferEl5AsyncHwEl)
[2025-09-11 15:19:58.141] [3920] [HailoRT] [info] [edge_elements.cpp:187] [create] Created (LastAsyncEl1AsyncHwEl)
[2025-09-11 15:19:58.141] [3920] [HailoRT] [info] [queue_elements.cpp:450] [create] Created (PushQEl2AsyncHwEl | timeout: 10s)
[2025-09-11 15:19:58.141] [3920] [HailoRT] [info] [filter_elements.cpp:375] [create] Created (PostInferEl2AsyncHwEl | Reorder - src_order: FCR, src_shape: (20, 20, 56), dst_order: FCR, dst_shape: (20, 20, 51))
[2025-09-11 15:19:58.141] [3920] [HailoRT] [info] [edge_elements.cpp:187] [create] Created (LastAsyncEl0PostInferEl2AsyncHwEl)
[2025-09-11 15:19:58.141] [3920] [HailoRT] [info] [edge_elements.cpp:187] [create] Created (LastAsyncEl3AsyncHwEl)
[2025-09-11 15:19:58.141] [3920] [HailoRT] [info] [edge_elements.cpp:187] [create] Created (LastAsyncEl0AsyncHwEl)
[2025-09-11 15:19:58.141] [3920] [HailoRT] [info] [edge_elements.cpp:187] [create] Created (LastAsyncEl8AsyncHwEl)
[2025-09-11 15:19:58.141] [3920] [HailoRT] [info] [edge_elements.cpp:187] [create] Created (LastAsyncEl6AsyncHwEl)
[2025-09-11 15:19:58.142] [3920] [HailoRT] [info] [queue_elements.cpp:450] [create] Created (PushQEl7AsyncHwEl | timeout: 10s)
[2025-09-11 15:19:58.142] [3920] [HailoRT] [info] [filter_elements.cpp:375] [create] Created (PostInferEl7AsyncHwEl | Reorder - src_order: FCR, src_shape: (80, 80, 56), dst_order: FCR, dst_shape: (80, 80, 51))
[2025-09-11 15:19:58.142] [3920] [HailoRT] [info] [edge_elements.cpp:187] [create] Created (LastAsyncEl0PostInferEl7AsyncHwEl)
[2025-09-11 15:19:58.142] [3920] [HailoRT] [info] [pipeline.cpp:891] [print_deep_description] EntryPushQEl0yolov8m_pose/input_layer1 | inputs: user | outputs: PreInferEl1yolov8m_pose/input_layer1(running in thread_id: 3942)
[2025-09-11 15:19:58.142] [3920] [HailoRT] [info] [pipeline.cpp:891] [print_deep_description] PreInferEl1yolov8m_pose/input_layer1 | inputs: EntryPushQEl0yolov8m_pose/input_layer1[0] | outputs: PushQEl1yolov8m_pose/input_layer1
[2025-09-11 15:19:58.142] [3920] [HailoRT] [info] [pipeline.cpp:891] [print_deep_description] PushQEl1yolov8m_pose/input_layer1 | inputs: PreInferEl1yolov8m_pose/input_layer1[0] | outputs: AsyncHwEl(running in thread_id: 3943)
[2025-09-11 15:19:58.142] [3920] [HailoRT] [info] [pipeline.cpp:891] [print_deep_description] AsyncHwEl | inputs: PushQEl1yolov8m_pose/input_layer1[0] | outputs: LastAsyncEl0AsyncHwEl LastAsyncEl1AsyncHwEl PushQEl2AsyncHwEl LastAsyncEl3AsyncHwEl LastAsyncEl4AsyncHwEl PushQEl5AsyncHwEl LastAsyncEl6AsyncHwEl PushQEl7AsyncHwEl LastAsyncEl8AsyncHwEl
[2025-09-11 15:19:58.142] [3920] [HailoRT] [info] [pipeline.cpp:891] [print_deep_description] LastAsyncEl0AsyncHwEl | inputs: AsyncHwEl[0] | outputs: user
[2025-09-11 15:19:58.142] [3920] [HailoRT] [info] [pipeline.cpp:891] [print_deep_description] LastAsyncEl1AsyncHwEl | inputs: AsyncHwEl[0] | outputs: user
[2025-09-11 15:19:58.142] [3920] [HailoRT] [info] [pipeline.cpp:891] [print_deep_description] PushQEl2AsyncHwEl | inputs: AsyncHwEl[0] | outputs: PostInferEl2AsyncHwEl(running in thread_id: 3945)
[2025-09-11 15:19:58.142] [3920] [HailoRT] [info] [pipeline.cpp:891] [print_deep_description] PostInferEl2AsyncHwEl | inputs: PushQEl2AsyncHwEl[0] | outputs: LastAsyncEl0PostInferEl2AsyncHwEl
[2025-09-11 15:19:58.142] [3920] [HailoRT] [info] [pipeline.cpp:891] [print_deep_description] LastAsyncEl0PostInferEl2AsyncHwEl | inputs: PostInferEl2AsyncHwEl[0] | outputs: user
[2025-09-11 15:19:58.142] [3920] [HailoRT] [info] [pipeline.cpp:891] [print_deep_description] LastAsyncEl3AsyncHwEl | inputs: AsyncHwEl[0] | outputs: user
[2025-09-11 15:19:58.142] [3920] [HailoRT] [info] [pipeline.cpp:891] [print_deep_description] LastAsyncEl4AsyncHwEl | inputs: AsyncHwEl[0] | outputs: user
[2025-09-11 15:19:58.142] [3920] [HailoRT] [info] [pipeline.cpp:891] [print_deep_description] PushQEl5AsyncHwEl | inputs: AsyncHwEl[0] | outputs: PostInferEl5AsyncHwEl(running in thread_id: 3944)
[2025-09-11 15:19:58.142] [3920] [HailoRT] [info] [pipeline.cpp:891] [print_deep_description] PostInferEl5AsyncHwEl | inputs: PushQEl5AsyncHwEl[0] | outputs: LastAsyncEl0PostInferEl5AsyncHwEl
[2025-09-11 15:19:58.142] [3920] [HailoRT] [info] [pipeline.cpp:891] [print_deep_description] LastAsyncEl0PostInferEl5AsyncHwEl | inputs: PostInferEl5AsyncHwEl[0] | outputs: user
[2025-09-11 15:19:58.142] [3920] [HailoRT] [info] [pipeline.cpp:891] [print_deep_description] LastAsyncEl6AsyncHwEl | inputs: AsyncHwEl[0] | outputs: user
[2025-09-11 15:19:58.142] [3920] [HailoRT] [info] [pipeline.cpp:891] [print_deep_description] PushQEl7AsyncHwEl | inputs: AsyncHwEl[0] | outputs: PostInferEl7AsyncHwEl(running in thread_id: 3946)
[2025-09-11 15:19:58.142] [3920] [HailoRT] [info] [pipeline.cpp:891] [print_deep_description] PostInferEl7AsyncHwEl | inputs: PushQEl7AsyncHwEl[0] | outputs: LastAsyncEl0PostInferEl7AsyncHwEl
[2025-09-11 15:19:58.142] [3920] [HailoRT] [info] [pipeline.cpp:891] [print_deep_description] LastAsyncEl0PostInferEl7AsyncHwEl | inputs: PostInferEl7AsyncHwEl[0] | outputs: user
[2025-09-11 15:19:58.142] [3920] [HailoRT] [info] [pipeline.cpp:891] [print_deep_description] LastAsyncEl8AsyncHwEl | inputs: AsyncHwEl[0] | outputs: user
[2025-09-11 15:19:58.147] [3920] [HailoRT] [info] [hef.cpp:1929] [get_network_group_and_network_name] No name was given. Addressing all networks of default network_group: yolov8m_pose
[2025-09-11 15:20:48.624] [3969] [HailoRT] [info] [device.cpp:49] [Device] OS Version: Linux 6.12.34+rpt-rpi-2712 #1 SMP PREEMPT Debian 1:6.12.34-1+rpt1~bookworm (2025-06-26) aarch64
[2025-09-11 15:20:48.625] [3969] [HailoRT] [info] [control.cpp:108] [control__parse_identify_results] firmware_version is: 4.20.0
[2025-09-11 15:20:48.626] [3969] [HailoRT] [info] [control.cpp:108] [control__parse_identify_results] firmware_version is: 4.20.0
[2025-09-11 15:20:48.677] [3977] [HailoRT] [info] [device.cpp:49] [Device] OS Version: Linux 6.12.34+rpt-rpi-2712 #1 SMP PREEMPT Debian 1:6.12.34-1+rpt1~bookworm (2025-06-26) aarch64
[2025-09-11 15:20:48.678] [3977] [HailoRT] [info] [control.cpp:108] [control__parse_identify_results] firmware_version is: 4.20.0
[2025-09-11 15:20:48.679] [3977] [HailoRT] [info] [control.cpp:108] [control__parse_identify_results] firmware_version is: 4.20.0
[2025-09-11 15:20:48.737] [3985] [HailoRT] [info] [device.cpp:49] [Device] OS Version: Linux 6.12.34+rpt-rpi-2712 #1 SMP PREEMPT Debian 1:6.12.34-1+rpt1~bookworm (2025-06-26) aarch64
[2025-09-11 15:20:48.739] [3985] [HailoRT] [info] [control.cpp:108] [control__parse_identify_results] firmware_version is: 4.20.0
[2025-09-11 15:20:48.739] [3985] [HailoRT] [info] [control.cpp:108] [control__parse_identify_results] firmware_version is: 4.20.0
[2025-09-11 15:20:48.805] [3958] [HailoRT] [info] [vdevice.cpp:523] [create] Creating vdevice with params: device_count: 1, scheduling_algorithm: ROUND_ROBIN, multi_process_service: false
[2025-09-11 15:20:48.817] [3958] [HailoRT] [info] [device.cpp:49] [Device] OS Version: Linux 6.12.34+rpt-rpi-2712 #1 SMP PREEMPT Debian 1:6.12.34-1+rpt1~bookworm (2025-06-26) aarch64
[2025-09-11 15:20:48.818] [3958] [HailoRT] [info] [control.cpp:108] [control__parse_identify_results] firmware_version is: 4.20.0
[2025-09-11 15:20:48.818] [3958] [HailoRT] [info] [vdevice.cpp:651] [create] VDevice Infos: 0001:01:00.0
[2025-09-11 15:20:48.919] [3958] [HailoRT] [info] [hef.cpp:1929] [get_network_group_and_network_name] No name was given. Addressing all networks of default network_group: yolov8m_pose
[2025-09-11 15:20:48.919] [3958] [HailoRT] [info] [hef.cpp:1929] [get_network_group_and_network_name] No name was given. Addressing all networks of default network_group: yolov8m_pose
[2025-09-11 15:20:49.127] [4010] [HailoRT] [info] [internal_buffer_manager.cpp:204] [print_execution_results] Planned internal buffer memory: CMA memory 0, user memory 7300608. memory to edge layer usage factor is 1
[2025-09-11 15:20:49.127] [4010] [HailoRT] [info] [internal_buffer_manager.cpp:212] [print_execution_results] Default Internal buffer planner executed successfully
[2025-09-11 15:20:49.220] [4010] [HailoRT] [info] [device_internal.cpp:57] [configure] Configuring HEF took 107.306043 milliseconds
[2025-09-11 15:20:49.220] [4010] [HailoRT] [info] [vdevice.cpp:749] [configure] Configuring HEF on VDevice took 107.694947 milliseconds
[2025-09-11 15:20:49.220] [4010] [HailoRT] [info] [infer_model.cpp:436] [configure] Configuring network group 'yolov8m_pose' with params: batch size: 2, power mode: PERFORMANCE, latency: NONE
[2025-09-11 15:20:49.220] [4010] [HailoRT] [info] [multi_io_elements.cpp:756] [create] Created (AsyncHwEl)
[2025-09-11 15:20:49.220] [4010] [HailoRT] [info] [queue_elements.cpp:450] [create] Created (EntryPushQEl0yolov8m_pose/input_layer1 | timeout: 10s)
[2025-09-11 15:20:49.220] [4010] [HailoRT] [info] [filter_elements.cpp:101] [create] Created (PreInferEl1yolov8m_pose/input_layer1 | Reorder - src_order: RGB4, src_shape: (640, 640, 3), dst_order: NHWC, dst_shape: (640, 640, 3))
[2025-09-11 15:20:49.220] [4010] [HailoRT] [info] [queue_elements.cpp:450] [create] Created (PushQEl1yolov8m_pose/input_layer1 | timeout: 10s)
[2025-09-11 15:20:49.220] [4010] [HailoRT] [info] [edge_elements.cpp:187] [create] Created (LastAsyncEl4AsyncHwEl)
[2025-09-11 15:20:49.220] [4010] [HailoRT] [info] [queue_elements.cpp:450] [create] Created (PushQEl5AsyncHwEl | timeout: 10s)
[2025-09-11 15:20:49.220] [4010] [HailoRT] [info] [filter_elements.cpp:375] [create] Created (PostInferEl5AsyncHwEl | Reorder - src_order: FCR, src_shape: (40, 40, 56), dst_order: FCR, dst_shape: (40, 40, 51))
[2025-09-11 15:20:49.220] [4010] [HailoRT] [info] [edge_elements.cpp:187] [create] Created (LastAsyncEl0PostInferEl5AsyncHwEl)
[2025-09-11 15:20:49.220] [4010] [HailoRT] [info] [edge_elements.cpp:187] [create] Created (LastAsyncEl1AsyncHwEl)
[2025-09-11 15:20:49.220] [4010] [HailoRT] [info] [queue_elements.cpp:450] [create] Created (PushQEl2AsyncHwEl | timeout: 10s)
[2025-09-11 15:20:49.221] [4010] [HailoRT] [info] [filter_elements.cpp:375] [create] Created (PostInferEl2AsyncHwEl | Reorder - src_order: FCR, src_shape: (20, 20, 56), dst_order: FCR, dst_shape: (20, 20, 51))
[2025-09-11 15:20:49.221] [4010] [HailoRT] [info] [edge_elements.cpp:187] [create] Created (LastAsyncEl0PostInferEl2AsyncHwEl)
[2025-09-11 15:20:49.221] [4010] [HailoRT] [info] [edge_elements.cpp:187] [create] Created (LastAsyncEl3AsyncHwEl)
[2025-09-11 15:20:49.221] [4010] [HailoRT] [info] [edge_elements.cpp:187] [create] Created (LastAsyncEl0AsyncHwEl)
[2025-09-11 15:20:49.221] [4010] [HailoRT] [info] [edge_elements.cpp:187] [create] Created (LastAsyncEl8AsyncHwEl)
[2025-09-11 15:20:49.221] [4010] [HailoRT] [info] [edge_elements.cpp:187] [create] Created (LastAsyncEl6AsyncHwEl)
[2025-09-11 15:20:49.221] [4010] [HailoRT] [info] [queue_elements.cpp:450] [create] Created (PushQEl7AsyncHwEl | timeout: 10s)
[2025-09-11 15:20:49.221] [4010] [HailoRT] [info] [filter_elements.cpp:375] [create] Created (PostInferEl7AsyncHwEl | Reorder - src_order: FCR, src_shape: (80, 80, 56), dst_order: FCR, dst_shape: (80, 80, 51))
[2025-09-11 15:20:49.221] [4010] [HailoRT] [info] [edge_elements.cpp:187] [create] Created (LastAsyncEl0PostInferEl7AsyncHwEl)
[2025-09-11 15:20:49.221] [4010] [HailoRT] [info] [pipeline.cpp:891] [print_deep_description] EntryPushQEl0yolov8m_pose/input_layer1 | inputs: user | outputs: PreInferEl1yolov8m_pose/input_layer1(running in thread_id: 4034)
[2025-09-11 15:20:49.221] [4010] [HailoRT] [info] [pipeline.cpp:891] [print_deep_description] PreInferEl1yolov8m_pose/input_layer1 | inputs: EntryPushQEl0yolov8m_pose/input_layer1[0] | outputs: PushQEl1yolov8m_pose/input_layer1
[2025-09-11 15:20:49.221] [4010] [HailoRT] [info] [pipeline.cpp:891] [print_deep_description] PushQEl1yolov8m_pose/input_layer1 | inputs: PreInferEl1yolov8m_pose/input_layer1[0] | outputs: AsyncHwEl(running in thread_id: 4035)
[2025-09-11 15:20:49.221] [4010] [HailoRT] [info] [pipeline.cpp:891] [print_deep_description] AsyncHwEl | inputs: PushQEl1yolov8m_pose/input_layer1[0] | outputs: LastAsyncEl0AsyncHwEl LastAsyncEl1AsyncHwEl PushQEl2AsyncHwEl LastAsyncEl3AsyncHwEl LastAsyncEl4AsyncHwEl PushQEl5AsyncHwEl LastAsyncEl6AsyncHwEl PushQEl7AsyncHwEl LastAsyncEl8AsyncHwEl
[2025-09-11 15:20:49.221] [4010] [HailoRT] [info] [pipeline.cpp:891] [print_deep_description] LastAsyncEl0AsyncHwEl | inputs: AsyncHwEl[0] | outputs: user
[2025-09-11 15:20:49.221] [4010] [HailoRT] [info] [pipeline.cpp:891] [print_deep_description] LastAsyncEl1AsyncHwEl | inputs: AsyncHwEl[0] | outputs: user
[2025-09-11 15:20:49.221] [4010] [HailoRT] [info] [pipeline.cpp:891] [print_deep_description] PushQEl2AsyncHwEl | inputs: AsyncHwEl[0] | outputs: PostInferEl2AsyncHwEl(running in thread_id: 4037)
[2025-09-11 15:20:49.221] [4010] [HailoRT] [info] [pipeline.cpp:891] [print_deep_description] PostInferEl2AsyncHwEl | inputs: PushQEl2AsyncHwEl[0] | outputs: LastAsyncEl0PostInferEl2AsyncHwEl
[2025-09-11 15:20:49.221] [4010] [HailoRT] [info] [pipeline.cpp:891] [print_deep_description] LastAsyncEl0PostInferEl2AsyncHwEl | inputs: PostInferEl2AsyncHwEl[0] | outputs: user
[2025-09-11 15:20:49.221] [4010] [HailoRT] [info] [pipeline.cpp:891] [print_deep_description] LastAsyncEl3AsyncHwEl | inputs: AsyncHwEl[0] | outputs: user
[2025-09-11 15:20:49.221] [4010] [HailoRT] [info] [pipeline.cpp:891] [print_deep_description] LastAsyncEl4AsyncHwEl | inputs: AsyncHwEl[0] | outputs: user
[2025-09-11 15:20:49.221] [4010] [HailoRT] [info] [pipeline.cpp:891] [print_deep_description] PushQEl5AsyncHwEl | inputs: AsyncHwEl[0] | outputs: PostInferEl5AsyncHwEl(running in thread_id: 4036)
[2025-09-11 15:20:49.221] [4010] [HailoRT] [info] [pipeline.cpp:891] [print_deep_description] PostInferEl5AsyncHwEl | inputs: PushQEl5AsyncHwEl[0] | outputs: LastAsyncEl0PostInferEl5AsyncHwEl
[2025-09-11 15:20:49.221] [4010] [HailoRT] [info] [pipeline.cpp:891] [print_deep_description] LastAsyncEl0PostInferEl5AsyncHwEl | inputs: PostInferEl5AsyncHwEl[0] | outputs: user
[2025-09-11 15:20:49.221] [4010] [HailoRT] [info] [pipeline.cpp:891] [print_deep_description] LastAsyncEl6AsyncHwEl | inputs: AsyncHwEl[0] | outputs: user
[2025-09-11 15:20:49.221] [4010] [HailoRT] [info] [pipeline.cpp:891] [print_deep_description] PushQEl7AsyncHwEl | inputs: AsyncHwEl[0] | outputs: PostInferEl7AsyncHwEl(running in thread_id: 4038)
[2025-09-11 15:20:49.221] [4010] [HailoRT] [info] [pipeline.cpp:891] [print_deep_description] PostInferEl7AsyncHwEl | inputs: PushQEl7AsyncHwEl[0] | outputs: LastAsyncEl0PostInferEl7AsyncHwEl
[2025-09-11 15:20:49.221] [4010] [HailoRT] [info] [pipeline.cpp:891] [print_deep_description] LastAsyncEl0PostInferEl7AsyncHwEl | inputs: PostInferEl7AsyncHwEl[0] | outputs: user
[2025-09-11 15:20:49.221] [4010] [HailoRT] [info] [pipeline.cpp:891] [print_deep_description] LastAsyncEl8AsyncHwEl | inputs: AsyncHwEl[0] | outputs: user
[2025-09-11 15:20:49.226] [4010] [HailoRT] [info] [hef.cpp:1929] [get_network_group_and_network_name] No name was given. Addressing all networks of default network_group: yolov8m_pose
[2025-09-11 15:20:52.752] [3958] [HailoRT] [info] [async_infer_runner.cpp:86] [shutdown] Pipeline was aborted. Shutting it down
[2025-09-11 15:20:52.759] [3998] [HailoRT] [info] [network_group.cpp:857] [operator()] Infer request was aborted by user
[2025-09-11 15:20:52.759] [3998] [HailoRT] [info] [network_group.cpp:857] [operator()] Infer request was aborted by user
[2025-09-11 15:20:52.759] [3958] [HailoRT] [info] [queue_elements.cpp:570] [execute_deactivate] enqueue() in element PushQEl2AsyncHwEl was aborted, got status = HAILO_SHUTDOWN_EVENT_SIGNALED(57)
[2025-09-11 15:20:52.759] [3958] [HailoRT] [info] [queue_elements.cpp:570] [execute_deactivate] enqueue() in element PushQEl5AsyncHwEl was aborted, got status = HAILO_SHUTDOWN_EVENT_SIGNALED(57)
[2025-09-11 15:20:52.759] [3958] [HailoRT] [info] [queue_elements.cpp:570] [execute_deactivate] enqueue() in element PushQEl7AsyncHwEl was aborted, got status = HAILO_SHUTDOWN_EVENT_SIGNALED(57)
[2025-09-11 15:20:52.759] [3958] [HailoRT] [info] [queue_elements.cpp:570] [execute_deactivate] enqueue() in element PushQEl1yolov8m_pose/input_layer1 was aborted, got status = HAILO_SHUTDOWN_EVENT_SIGNALED(57)
[2025-09-11 15:20:52.759] [3958] [HailoRT] [info] [queue_elements.cpp:570] [execute_deactivate] enqueue() in element EntryPushQEl0yolov8m_pose/input_layer1 was aborted, got status = HAILO_SHUTDOWN_EVENT_SIGNALED(57)
[2025-09-11 15:20:52.759] [3958] [HailoRT] [info] [queue_elements.cpp:46] [~BaseQueueElement] Queue element EntryPushQEl0yolov8m_pose/input_layer1 has 0 frames in his Queue on destruction
[2025-09-11 15:20:52.759] [3958] [HailoRT] [info] [queue_elements.cpp:46] [~BaseQueueElement] Queue element PushQEl1yolov8m_pose/input_layer1 has 0 frames in his Queue on destruction
[2025-09-11 15:20:52.760] [3958] [HailoRT] [info] [queue_elements.cpp:46] [~BaseQueueElement] Queue element PushQEl5AsyncHwEl has 0 frames in his Queue on destruction
[2025-09-11 15:20:52.760] [3958] [HailoRT] [info] [queue_elements.cpp:46] [~BaseQueueElement] Queue element PushQEl2AsyncHwEl has 0 frames in his Queue on destruction
[2025-09-11 15:20:52.760] [3958] [HailoRT] [info] [queue_elements.cpp:46] [~BaseQueueElement] Queue element PushQEl7AsyncHwEl has 0 frames in his Queue on destruction
[2025-09-11 15:22:04.985] [4058] [HailoRT] [info] [device.cpp:49] [Device] OS Version: Linux 6.12.34+rpt-rpi-2712 #1 SMP PREEMPT Debian 1:6.12.34-1+rpt1~bookworm (2025-06-26) aarch64
[2025-09-11 15:22:04.986] [4058] [HailoRT] [info] [control.cpp:108] [control__parse_identify_results] firmware_version is: 4.20.0
[2025-09-11 15:22:04.987] [4058] [HailoRT] [info] [control.cpp:108] [control__parse_identify_results] firmware_version is: 4.20.0
[2025-09-11 15:22:05.029] [4066] [HailoRT] [info] [device.cpp:49] [Device] OS Version: Linux 6.12.34+rpt-rpi-2712 #1 SMP PREEMPT Debian 1:6.12.34-1+rpt1~bookworm (2025-06-26) aarch64
[2025-09-11 15:22:05.030] [4066] [HailoRT] [info] [control.cpp:108] [control__parse_identify_results] firmware_version is: 4.20.0
[2025-09-11 15:22:05.031] [4066] [HailoRT] [info] [control.cpp:108] [control__parse_identify_results] firmware_version is: 4.20.0
[2025-09-11 15:22:05.085] [4074] [HailoRT] [info] [device.cpp:49] [Device] OS Version: Linux 6.12.34+rpt-rpi-2712 #1 SMP PREEMPT Debian 1:6.12.34-1+rpt1~bookworm (2025-06-26) aarch64
[2025-09-11 15:22:05.086] [4074] [HailoRT] [info] [control.cpp:108] [control__parse_identify_results] firmware_version is: 4.20.0
[2025-09-11 15:22:05.087] [4074] [HailoRT] [info] [control.cpp:108] [control__parse_identify_results] firmware_version is: 4.20.0
[2025-09-11 15:22:05.164] [4047] [HailoRT] [info] [vdevice.cpp:523] [create] Creating vdevice with params: device_count: 1, scheduling_algorithm: ROUND_ROBIN, multi_process_service: false
[2025-09-11 15:22:05.176] [4047] [HailoRT] [info] [device.cpp:49] [Device] OS Version: Linux 6.12.34+rpt-rpi-2712 #1 SMP PREEMPT Debian 1:6.12.34-1+rpt1~bookworm (2025-06-26) aarch64
[2025-09-11 15:22:05.178] [4047] [HailoRT] [info] [control.cpp:108] [control__parse_identify_results] firmware_version is: 4.20.0
[2025-09-11 15:22:05.178] [4047] [HailoRT] [info] [vdevice.cpp:651] [create] VDevice Infos: 0001:01:00.0
[2025-09-11 15:22:05.277] [4047] [HailoRT] [info] [hef.cpp:1929] [get_network_group_and_network_name] No name was given. Addressing all networks of default network_group: yolov8m_pose
[2025-09-11 15:22:05.277] [4047] [HailoRT] [info] [hef.cpp:1929] [get_network_group_and_network_name] No name was given. Addressing all networks of default network_group: yolov8m_pose
[2025-09-11 15:22:05.469] [4099] [HailoRT] [info] [internal_buffer_manager.cpp:204] [print_execution_results] Planned internal buffer memory: CMA memory 0, user memory 7300608. memory to edge layer usage factor is 1
[2025-09-11 15:22:05.469] [4099] [HailoRT] [info] [internal_buffer_manager.cpp:212] [print_execution_results] Default Internal buffer planner executed successfully
[2025-09-11 15:22:05.552] [4099] [HailoRT] [info] [device_internal.cpp:57] [configure] Configuring HEF took 98.161886 milliseconds
[2025-09-11 15:22:05.552] [4099] [HailoRT] [info] [vdevice.cpp:749] [configure] Configuring HEF on VDevice took 99.607021 milliseconds
[2025-09-11 15:22:05.552] [4099] [HailoRT] [info] [infer_model.cpp:436] [configure] Configuring network group 'yolov8m_pose' with params: batch size: 2, power mode: PERFORMANCE, latency: NONE
[2025-09-11 15:22:05.552] [4099] [HailoRT] [info] [multi_io_elements.cpp:756] [create] Created (AsyncHwEl)
[2025-09-11 15:22:05.552] [4099] [HailoRT] [info] [queue_elements.cpp:450] [create] Created (EntryPushQEl0yolov8m_pose/input_layer1 | timeout: 10s)
[2025-09-11 15:22:05.552] [4099] [HailoRT] [info] [filter_elements.cpp:101] [create] Created (PreInferEl1yolov8m_pose/input_layer1 | Reorder - src_order: RGB4, src_shape: (640, 640, 3), dst_order: NHWC, dst_shape: (640, 640, 3))
[2025-09-11 15:22:05.552] [4099] [HailoRT] [info] [queue_elements.cpp:450] [create] Created (PushQEl1yolov8m_pose/input_layer1 | timeout: 10s)
[2025-09-11 15:22:05.553] [4099] [HailoRT] [info] [edge_elements.cpp:187] [create] Created (LastAsyncEl4AsyncHwEl)
[2025-09-11 15:22:05.553] [4099] [HailoRT] [info] [queue_elements.cpp:450] [create] Created (PushQEl5AsyncHwEl | timeout: 10s)
[2025-09-11 15:22:05.553] [4099] [HailoRT] [info] [filter_elements.cpp:375] [create] Created (PostInferEl5AsyncHwEl | Reorder - src_order: FCR, src_shape: (40, 40, 56), dst_order: FCR, dst_shape: (40, 40, 51))
[2025-09-11 15:22:05.553] [4099] [HailoRT] [info] [edge_elements.cpp:187] [create] Created (LastAsyncEl0PostInferEl5AsyncHwEl)
[2025-09-11 15:22:05.553] [4099] [HailoRT] [info] [edge_elements.cpp:187] [create] Created (LastAsyncEl1AsyncHwEl)
[2025-09-11 15:22:05.553] [4099] [HailoRT] [info] [queue_elements.cpp:450] [create] Created (PushQEl2AsyncHwEl | timeout: 10s)
[2025-09-11 15:22:05.553] [4099] [HailoRT] [info] [filter_elements.cpp:375] [create] Created (PostInferEl2AsyncHwEl | Reorder - src_order: FCR, src_shape: (20, 20, 56), dst_order: FCR, dst_shape: (20, 20, 51))
[2025-09-11 15:22:05.553] [4099] [HailoRT] [info] [edge_elements.cpp:187] [create] Created (LastAsyncEl0PostInferEl2AsyncHwEl)
[2025-09-11 15:22:05.553] [4099] [HailoRT] [info] [edge_elements.cpp:187] [create] Created (LastAsyncEl3AsyncHwEl)
[2025-09-11 15:22:05.553] [4099] [HailoRT] [info] [edge_elements.cpp:187] [create] Created (LastAsyncEl0AsyncHwEl)
[2025-09-11 15:22:05.553] [4099] [HailoRT] [info] [edge_elements.cpp:187] [create] Created (LastAsyncEl8AsyncHwEl)
[2025-09-11 15:22:05.553] [4099] [HailoRT] [info] [edge_elements.cpp:187] [create] Created (LastAsyncEl6AsyncHwEl)
[2025-09-11 15:22:05.553] [4099] [HailoRT] [info] [queue_elements.cpp:450] [create] Created (PushQEl7AsyncHwEl | timeout: 10s)
[2025-09-11 15:22:05.555] [4099] [HailoRT] [info] [filter_elements.cpp:375] [create] Created (PostInferEl7AsyncHwEl | Reorder - src_order: FCR, src_shape: (80, 80, 56), dst_order: FCR, dst_shape: (80, 80, 51))
[2025-09-11 15:22:05.555] [4099] [HailoRT] [info] [edge_elements.cpp:187] [create] Created (LastAsyncEl0PostInferEl7AsyncHwEl)
[2025-09-11 15:22:05.555] [4099] [HailoRT] [info] [pipeline.cpp:891] [print_deep_description] EntryPushQEl0yolov8m_pose/input_layer1 | inputs: user | outputs: PreInferEl1yolov8m_pose/input_layer1(running in thread_id: 4121)
[2025-09-11 15:22:05.555] [4099] [HailoRT] [info] [pipeline.cpp:891] [print_deep_description] PreInferEl1yolov8m_pose/input_layer1 | inputs: EntryPushQEl0yolov8m_pose/input_layer1[0] | outputs: PushQEl1yolov8m_pose/input_layer1
[2025-09-11 15:22:05.555] [4099] [HailoRT] [info] [pipeline.cpp:891] [print_deep_description] PushQEl1yolov8m_pose/input_layer1 | inputs: PreInferEl1yolov8m_pose/input_layer1[0] | outputs: AsyncHwEl(running in thread_id: 4122)
[2025-09-11 15:22:05.555] [4099] [HailoRT] [info] [pipeline.cpp:891] [print_deep_description] AsyncHwEl | inputs: PushQEl1yolov8m_pose/input_layer1[0] | outputs: LastAsyncEl0AsyncHwEl LastAsyncEl1AsyncHwEl PushQEl2AsyncHwEl LastAsyncEl3AsyncHwEl LastAsyncEl4AsyncHwEl PushQEl5AsyncHwEl LastAsyncEl6AsyncHwEl PushQEl7AsyncHwEl LastAsyncEl8AsyncHwEl
[2025-09-11 15:22:05.555] [4099] [HailoRT] [info] [pipeline.cpp:891] [print_deep_description] LastAsyncEl0AsyncHwEl | inputs: AsyncHwEl[0] | outputs: user
[2025-09-11 15:22:05.555] [4099] [HailoRT] [info] [pipeline.cpp:891] [print_deep_description] LastAsyncEl1AsyncHwEl | inputs: AsyncHwEl[0] | outputs: user
[2025-09-11 15:22:05.555] [4099] [HailoRT] [info] [pipeline.cpp:891] [print_deep_description] PushQEl2AsyncHwEl | inputs: AsyncHwEl[0] | outputs: PostInferEl2AsyncHwEl(running in thread_id: 4124)
[2025-09-11 15:22:05.555] [4099] [HailoRT] [info] [pipeline.cpp:891] [print_deep_description] PostInferEl2AsyncHwEl | inputs: PushQEl2AsyncHwEl[0] | outputs: LastAsyncEl0PostInferEl2AsyncHwEl
[2025-09-11 15:22:05.555] [4099] [HailoRT] [info] [pipeline.cpp:891] [print_deep_description] LastAsyncEl0PostInferEl2AsyncHwEl | inputs: PostInferEl2AsyncHwEl[0] | outputs: user
[2025-09-11 15:22:05.555] [4099] [HailoRT] [info] [pipeline.cpp:891] [print_deep_description] LastAsyncEl3AsyncHwEl | inputs: AsyncHwEl[0] | outputs: user
[2025-09-11 15:22:05.555] [4099] [HailoRT] [info] [pipeline.cpp:891] [print_deep_description] LastAsyncEl4AsyncHwEl | inputs: AsyncHwEl[0] | outputs: user
[2025-09-11 15:22:05.555] [4099] [HailoRT] [info] [pipeline.cpp:891] [print_deep_description] PushQEl5AsyncHwEl | inputs: AsyncHwEl[0] | outputs: PostInferEl5AsyncHwEl(running in thread_id: 4123)
[2025-09-11 15:22:05.555] [4099] [HailoRT] [info] [pipeline.cpp:891] [print_deep_description] PostInferEl5AsyncHwEl | inputs: PushQEl5AsyncHwEl[0] | outputs: LastAsyncEl0PostInferEl5AsyncHwEl
[2025-09-11 15:22:05.555] [4099] [HailoRT] [info] [pipeline.cpp:891] [print_deep_description] LastAsyncEl0PostInferEl5AsyncHwEl | inputs: PostInferEl5AsyncHwEl[0] | outputs: user
[2025-09-11 15:22:05.555] [4099] [HailoRT] [info] [pipeline.cpp:891] [print_deep_description] LastAsyncEl6AsyncHwEl | inputs: AsyncHwEl[0] | outputs: user
[2025-09-11 15:22:05.555] [4099] [HailoRT] [info] [pipeline.cpp:891] [print_deep_description] PushQEl7AsyncHwEl | inputs: AsyncHwEl[0] | outputs: PostInferEl7AsyncHwEl(running in thread_id: 4125)
[2025-09-11 15:22:05.555] [4099] [HailoRT] [info] [pipeline.cpp:891] [print_deep_description] PostInferEl7AsyncHwEl | inputs: PushQEl7AsyncHwEl[0] | outputs: LastAsyncEl0PostInferEl7AsyncHwEl
[2025-09-11 15:22:05.555] [4099] [HailoRT] [info] [pipeline.cpp:891] [print_deep_description] LastAsyncEl0PostInferEl7AsyncHwEl | inputs: PostInferEl7AsyncHwEl[0] | outputs: user
[2025-09-11 15:22:05.555] [4099] [HailoRT] [info] [pipeline.cpp:891] [print_deep_description] LastAsyncEl8AsyncHwEl | inputs: AsyncHwEl[0] | outputs: user
[2025-09-11 15:22:05.560] [4099] [HailoRT] [info] [hef.cpp:1929] [get_network_group_and_network_name] No name was given. Addressing all networks of default network_group: yolov8m_pose
[2025-09-11 15:22:08.516] [4047] [HailoRT] [info] [async_infer_runner.cpp:86] [shutdown] Pipeline was aborted. Shutting it down
[2025-09-11 15:22:08.521] [4087] [HailoRT] [info] [network_group.cpp:857] [operator()] Infer request was aborted by user
[2025-09-11 15:22:08.522] [4047] [HailoRT] [info] [queue_elements.cpp:570] [execute_deactivate] enqueue() in element PushQEl2AsyncHwEl was aborted, got status = HAILO_SHUTDOWN_EVENT_SIGNALED(57)
[2025-09-11 15:22:08.522] [4047] [HailoRT] [info] [queue_elements.cpp:570] [execute_deactivate] enqueue() in element PushQEl5AsyncHwEl was aborted, got status = HAILO_SHUTDOWN_EVENT_SIGNALED(57)
[2025-09-11 15:22:08.522] [4047] [HailoRT] [info] [queue_elements.cpp:570] [execute_deactivate] enqueue() in element PushQEl7AsyncHwEl was aborted, got status = HAILO_SHUTDOWN_EVENT_SIGNALED(57)
[2025-09-11 15:22:08.522] [4047] [HailoRT] [info] [queue_elements.cpp:570] [execute_deactivate] enqueue() in element PushQEl1yolov8m_pose/input_layer1 was aborted, got status = HAILO_SHUTDOWN_EVENT_SIGNALED(57)
[2025-09-11 15:22:08.522] [4047] [HailoRT] [info] [queue_elements.cpp:570] [execute_deactivate] enqueue() in element EntryPushQEl0yolov8m_pose/input_layer1 was aborted, got status = HAILO_SHUTDOWN_EVENT_SIGNALED(57)
[2025-09-11 15:22:08.522] [4047] [HailoRT] [info] [queue_elements.cpp:46] [~BaseQueueElement] Queue element EntryPushQEl0yolov8m_pose/input_layer1 has 0 frames in his Queue on destruction
[2025-09-11 15:22:08.522] [4047] [HailoRT] [info] [queue_elements.cpp:46] [~BaseQueueElement] Queue element PushQEl1yolov8m_pose/input_layer1 has 0 frames in his Queue on destruction
[2025-09-11 15:22:08.523] [4047] [HailoRT] [info] [queue_elements.cpp:46] [~BaseQueueElement] Queue element PushQEl5AsyncHwEl has 0 frames in his Queue on destruction
[2025-09-11 15:22:08.523] [4047] [HailoRT] [info] [queue_elements.cpp:46] [~BaseQueueElement] Queue element PushQEl2AsyncHwEl has 0 frames in his Queue on destruction
[2025-09-11 15:22:08.524] [4047] [HailoRT] [info] [queue_elements.cpp:46] [~BaseQueueElement] Queue element PushQEl7AsyncHwEl has 0 frames in his Queue on destruction
[2025-09-11 15:27:29.173] [4201] [HailoRT] [info] [device.cpp:49] [Device] OS Version: Linux 6.12.34+rpt-rpi-2712 #1 SMP PREEMPT Debian 1:6.12.34-1+rpt1~bookworm (2025-06-26) aarch64
[2025-09-11 15:27:29.174] [4201] [HailoRT] [info] [control.cpp:108] [control__parse_identify_results] firmware_version is: 4.20.0
[2025-09-11 15:27:29.175] [4201] [HailoRT] [info] [control.cpp:108] [control__parse_identify_results] firmware_version is: 4.20.0
[2025-09-11 15:27:29.217] [4209] [HailoRT] [info] [device.cpp:49] [Device] OS Version: Linux 6.12.34+rpt-rpi-2712 #1 SMP PREEMPT Debian 1:6.12.34-1+rpt1~bookworm (2025-06-26) aarch64
[2025-09-11 15:27:29.218] [4209] [HailoRT] [info] [control.cpp:108] [control__parse_identify_results] firmware_version is: 4.20.0
[2025-09-11 15:27:29.219] [4209] [HailoRT] [info] [control.cpp:108] [control__parse_identify_results] firmware_version is: 4.20.0
[2025-09-11 15:27:29.269] [4217] [HailoRT] [info] [device.cpp:49] [Device] OS Version: Linux 6.12.34+rpt-rpi-2712 #1 SMP PREEMPT Debian 1:6.12.34-1+rpt1~bookworm (2025-06-26) aarch64
[2025-09-11 15:27:29.270] [4217] [HailoRT] [info] [control.cpp:108] [control__parse_identify_results] firmware_version is: 4.20.0
[2025-09-11 15:27:29.271] [4217] [HailoRT] [info] [control.cpp:108] [control__parse_identify_results] firmware_version is: 4.20.0
[2025-09-11 15:27:29.337] [4190] [HailoRT] [info] [vdevice.cpp:523] [create] Creating vdevice with params: device_count: 1, scheduling_algorithm: ROUND_ROBIN, multi_process_service: false
[2025-09-11 15:27:29.349] [4190] [HailoRT] [info] [device.cpp:49] [Device] OS Version: Linux 6.12.34+rpt-rpi-2712 #1 SMP PREEMPT Debian 1:6.12.34-1+rpt1~bookworm (2025-06-26) aarch64
[2025-09-11 15:27:29.350] [4190] [HailoRT] [info] [control.cpp:108] [control__parse_identify_results] firmware_version is: 4.20.0
[2025-09-11 15:27:29.350] [4190] [HailoRT] [info] [vdevice.cpp:651] [create] VDevice Infos: 0001:01:00.0
[2025-09-11 15:27:29.450] [4190] [HailoRT] [info] [hef.cpp:1929] [get_network_group_and_network_name] No name was given. Addressing all networks of default network_group: yolov8m_pose
[2025-09-11 15:27:29.450] [4190] [HailoRT] [info] [hef.cpp:1929] [get_network_group_and_network_name] No name was given. Addressing all networks of default network_group: yolov8m_pose
[2025-09-11 15:27:29.651] [4242] [HailoRT] [info] [internal_buffer_manager.cpp:204] [print_execution_results] Planned internal buffer memory: CMA memory 0, user memory 7300608. memory to edge layer usage factor is 1
[2025-09-11 15:27:29.651] [4242] [HailoRT] [info] [internal_buffer_manager.cpp:212] [print_execution_results] Default Internal buffer planner executed successfully
[2025-09-11 15:27:29.727] [4242] [HailoRT] [info] [device_internal.cpp:57] [configure] Configuring HEF took 95.206505 milliseconds
[2025-09-11 15:27:29.727] [4242] [HailoRT] [info] [vdevice.cpp:749] [configure] Configuring HEF on VDevice took 95.843555 milliseconds
[2025-09-11 15:27:29.728] [4242] [HailoRT] [info] [infer_model.cpp:436] [configure] Configuring network group 'yolov8m_pose' with params: batch size: 2, power mode: PERFORMANCE, latency: NONE
[2025-09-11 15:27:29.728] [4242] [HailoRT] [info] [multi_io_elements.cpp:756] [create] Created (AsyncHwEl)
[2025-09-11 15:27:29.728] [4242] [HailoRT] [info] [queue_elements.cpp:450] [create] Created (EntryPushQEl0yolov8m_pose/input_layer1 | timeout: 10s)
[2025-09-11 15:27:29.728] [4242] [HailoRT] [info] [filter_elements.cpp:101] [create] Created (PreInferEl1yolov8m_pose/input_layer1 | Reorder - src_order: RGB4, src_shape: (640, 640, 3), dst_order: NHWC, dst_shape: (640, 640, 3))
[2025-09-11 15:27:29.728] [4242] [HailoRT] [info] [queue_elements.cpp:450] [create] Created (PushQEl1yolov8m_pose/input_layer1 | timeout: 10s)
[2025-09-11 15:27:29.728] [4242] [HailoRT] [info] [edge_elements.cpp:187] [create] Created (LastAsyncEl4AsyncHwEl)
[2025-09-11 15:27:29.728] [4242] [HailoRT] [info] [queue_elements.cpp:450] [create] Created (PushQEl5AsyncHwEl | timeout: 10s)
[2025-09-11 15:27:29.728] [4242] [HailoRT] [info] [filter_elements.cpp:375] [create] Created (PostInferEl5AsyncHwEl | Reorder - src_order: FCR, src_shape: (40, 40, 56), dst_order: FCR, dst_shape: (40, 40, 51))
[2025-09-11 15:27:29.728] [4242] [HailoRT] [info] [edge_elements.cpp:187] [create] Created (LastAsyncEl0PostInferEl5AsyncHwEl)
[2025-09-11 15:27:29.728] [4242] [HailoRT] [info] [edge_elements.cpp:187] [create] Created (LastAsyncEl1AsyncHwEl)
[2025-09-11 15:27:29.728] [4242] [HailoRT] [info] [queue_elements.cpp:450] [create] Created (PushQEl2AsyncHwEl | timeout: 10s)
[2025-09-11 15:27:29.728] [4242] [HailoRT] [info] [filter_elements.cpp:375] [create] Created (PostInferEl2AsyncHwEl | Reorder - src_order: FCR, src_shape: (20, 20, 56), dst_order: FCR, dst_shape: (20, 20, 51))
[2025-09-11 15:27:29.728] [4242] [HailoRT] [info] [edge_elements.cpp:187] [create] Created (LastAsyncEl0PostInferEl2AsyncHwEl)
[2025-09-11 15:27:29.728] [4242] [HailoRT] [info] [edge_elements.cpp:187] [create] Created (LastAsyncEl3AsyncHwEl)
[2025-09-11 15:27:29.728] [4242] [HailoRT] [info] [edge_elements.cpp:187] [create] Created (LastAsyncEl0AsyncHwEl)
[2025-09-11 15:27:29.728] [4242] [HailoRT] [info] [edge_elements.cpp:187] [create] Created (LastAsyncEl8AsyncHwEl)
[2025-09-11 15:27:29.728] [4242] [HailoRT] [info] [edge_elements.cpp:187] [create] Created (LastAsyncEl6AsyncHwEl)
[2025-09-11 15:27:29.729] [4242] [HailoRT] [info] [queue_elements.cpp:450] [create] Created (PushQEl7AsyncHwEl | timeout: 10s)
[2025-09-11 15:27:29.729] [4242] [HailoRT] [info] [filter_elements.cpp:375] [create] Created (PostInferEl7AsyncHwEl | Reorder - src_order: FCR, src_shape: (80, 80, 56), dst_order: FCR, dst_shape: (80, 80, 51))
[2025-09-11 15:27:29.729] [4242] [HailoRT] [info] [edge_elements.cpp:187] [create] Created (LastAsyncEl0PostInferEl7AsyncHwEl)
[2025-09-11 15:27:29.729] [4242] [HailoRT] [info] [pipeline.cpp:891] [print_deep_description] EntryPushQEl0yolov8m_pose/input_layer1 | inputs: user | outputs: PreInferEl1yolov8m_pose/input_layer1(running in thread_id: 4266)
[2025-09-11 15:27:29.729] [4242] [HailoRT] [info] [pipeline.cpp:891] [print_deep_description] PreInferEl1yolov8m_pose/input_layer1 | inputs: EntryPushQEl0yolov8m_pose/input_layer1[0] | outputs: PushQEl1yolov8m_pose/input_layer1
[2025-09-11 15:27:29.729] [4242] [HailoRT] [info] [pipeline.cpp:891] [print_deep_description] PushQEl1yolov8m_pose/input_layer1 | inputs: PreInferEl1yolov8m_pose/input_layer1[0] | outputs: AsyncHwEl(running in thread_id: 4267)
[2025-09-11 15:27:29.729] [4242] [HailoRT] [info] [pipeline.cpp:891] [print_deep_description] AsyncHwEl | inputs: PushQEl1yolov8m_pose/input_layer1[0] | outputs: LastAsyncEl0AsyncHwEl LastAsyncEl1AsyncHwEl PushQEl2AsyncHwEl LastAsyncEl3AsyncHwEl LastAsyncEl4AsyncHwEl PushQEl5AsyncHwEl LastAsyncEl6AsyncHwEl PushQEl7AsyncHwEl LastAsyncEl8AsyncHwEl
[2025-09-11 15:27:29.729] [4242] [HailoRT] [info] [pipeline.cpp:891] [print_deep_description] LastAsyncEl0AsyncHwEl | inputs: AsyncHwEl[0] | outputs: user
[2025-09-11 15:27:29.729] [4242] [HailoRT] [info] [pipeline.cpp:891] [print_deep_description] LastAsyncEl1AsyncHwEl | inputs: AsyncHwEl[0] | outputs: user
[2025-09-11 15:27:29.729] [4242] [HailoRT] [info] [pipeline.cpp:891] [print_deep_description] PushQEl2AsyncHwEl | inputs: AsyncHwEl[0] | outputs: PostInferEl2AsyncHwEl(running in thread_id: 4269)
[2025-09-11 15:27:29.729] [4242] [HailoRT] [info] [pipeline.cpp:891] [print_deep_description] PostInferEl2AsyncHwEl | inputs: PushQEl2AsyncHwEl[0] | outputs: LastAsyncEl0PostInferEl2AsyncHwEl
[2025-09-11 15:27:29.729] [4242] [HailoRT] [info] [pipeline.cpp:891] [print_deep_description] LastAsyncEl0PostInferEl2AsyncHwEl | inputs: PostInferEl2AsyncHwEl[0] | outputs: user
[2025-09-11 15:27:29.729] [4242] [HailoRT] [info] [pipeline.cpp:891] [print_deep_description] LastAsyncEl3AsyncHwEl | inputs: AsyncHwEl[0] | outputs: user
[2025-09-11 15:27:29.729] [4242] [HailoRT] [info] [pipeline.cpp:891] [print_deep_description] LastAsyncEl4AsyncHwEl | inputs: AsyncHwEl[0] | outputs: user
[2025-09-11 15:27:29.729] [4242] [HailoRT] [info] [pipeline.cpp:891] [print_deep_description] PushQEl5AsyncHwEl | inputs: AsyncHwEl[0] | outputs: PostInferEl5AsyncHwEl(running in thread_id: 4268)
[2025-09-11 15:27:29.729] [4242] [HailoRT] [info] [pipeline.cpp:891] [print_deep_description] PostInferEl5AsyncHwEl | inputs: PushQEl5AsyncHwEl[0] | outputs: LastAsyncEl0PostInferEl5AsyncHwEl
[2025-09-11 15:27:29.729] [4242] [HailoRT] [info] [pipeline.cpp:891] [print_deep_description] LastAsyncEl0PostInferEl5AsyncHwEl | inputs: PostInferEl5AsyncHwEl[0] | outputs: user
[2025-09-11 15:27:29.729] [4242] [HailoRT] [info] [pipeline.cpp:891] [print_deep_description] LastAsyncEl6AsyncHwEl | inputs: AsyncHwEl[0] | outputs: user
[2025-09-11 15:27:29.729] [4242] [HailoRT] [info] [pipeline.cpp:891] [print_deep_description] PushQEl7AsyncHwEl | inputs: AsyncHwEl[0] | outputs: PostInferEl7AsyncHwEl(running in thread_id: 4270)
[2025-09-11 15:27:29.729] [4242] [HailoRT] [info] [pipeline.cpp:891] [print_deep_description] PostInferEl7AsyncHwEl | inputs: PushQEl7AsyncHwEl[0] | outputs: LastAsyncEl0PostInferEl7AsyncHwEl
[2025-09-11 15:27:29.729] [4242] [HailoRT] [info] [pipeline.cpp:891] [print_deep_description] LastAsyncEl0PostInferEl7AsyncHwEl | inputs: PostInferEl7AsyncHwEl[0] | outputs: user
[2025-09-11 15:27:29.729] [4242] [HailoRT] [info] [pipeline.cpp:891] [print_deep_description] LastAsyncEl8AsyncHwEl | inputs: AsyncHwEl[0] | outputs: user
[2025-09-11 15:27:29.734] [4242] [HailoRT] [info] [hef.cpp:1929] [get_network_group_and_network_name] No name was given. Addressing all networks of default network_group: yolov8m_pose
[2025-09-11 15:27:36.844] [4190] [HailoRT] [info] [async_infer_runner.cpp:86] [shutdown] Pipeline was aborted. Shutting it down
[2025-09-11 15:27:36.846] [4190] [HailoRT] [info] [queue_elements.cpp:570] [execute_deactivate] enqueue() in element PushQEl2AsyncHwEl was aborted, got status = HAILO_SHUTDOWN_EVENT_SIGNALED(57)
[2025-09-11 15:27:36.846] [4190] [HailoRT] [info] [queue_elements.cpp:570] [execute_deactivate] enqueue() in element PushQEl5AsyncHwEl was aborted, got status = HAILO_SHUTDOWN_EVENT_SIGNALED(57)
[2025-09-11 15:27:36.846] [4190] [HailoRT] [info] [queue_elements.cpp:570] [execute_deactivate] enqueue() in element PushQEl7AsyncHwEl was aborted, got status = HAILO_SHUTDOWN_EVENT_SIGNALED(57)
[2025-09-11 15:27:36.846] [4190] [HailoRT] [info] [queue_elements.cpp:570] [execute_deactivate] enqueue() in element PushQEl1yolov8m_pose/input_layer1 was aborted, got status = HAILO_SHUTDOWN_EVENT_SIGNALED(57)
[2025-09-11 15:27:36.846] [4190] [HailoRT] [info] [queue_elements.cpp:570] [execute_deactivate] enqueue() in element EntryPushQEl0yolov8m_pose/input_layer1 was aborted, got status = HAILO_SHUTDOWN_EVENT_SIGNALED(57)
[2025-09-11 15:27:36.846] [4190] [HailoRT] [info] [queue_elements.cpp:46] [~BaseQueueElement] Queue element EntryPushQEl0yolov8m_pose/input_layer1 has 0 frames in his Queue on destruction
[2025-09-11 15:27:36.847] [4190] [HailoRT] [info] [queue_elements.cpp:46] [~BaseQueueElement] Queue element PushQEl1yolov8m_pose/input_layer1 has 0 frames in his Queue on destruction
[2025-09-11 15:27:36.847] [4190] [HailoRT] [info] [queue_elements.cpp:46] [~BaseQueueElement] Queue element PushQEl5AsyncHwEl has 0 frames in his Queue on destruction
[2025-09-11 15:27:36.847] [4190] [HailoRT] [info] [queue_elements.cpp:46] [~BaseQueueElement] Queue element PushQEl2AsyncHwEl has 0 frames in his Queue on destruction
[2025-09-11 15:27:36.848] [4190] [HailoRT] [info] [queue_elements.cpp:46] [~BaseQueueElement] Queue element PushQEl7AsyncHwEl has 0 frames in his Queue on destruction
[2025-09-11 15:28:51.640] [4293] [HailoRT] [info] [device.cpp:49] [Device] OS Version: Linux 6.12.34+rpt-rpi-2712 #1 SMP PREEMPT Debian 1:6.12.34-1+rpt1~bookworm (2025-06-26) aarch64
[2025-09-11 15:28:51.641] [4293] [HailoRT] [info] [control.cpp:108] [control__parse_identify_results] firmware_version is: 4.20.0
[2025-09-11 15:28:51.642] [4293] [HailoRT] [info] [control.cpp:108] [control__parse_identify_results] firmware_version is: 4.20.0
[2025-09-11 15:28:51.693] [4301] [HailoRT] [info] [device.cpp:49] [Device] OS Version: Linux 6.12.34+rpt-rpi-2712 #1 SMP PREEMPT Debian 1:6.12.34-1+rpt1~bookworm (2025-06-26) aarch64
[2025-09-11 15:28:51.694] [4301] [HailoRT] [info] [control.cpp:108] [control__parse_identify_results] firmware_version is: 4.20.0
[2025-09-11 15:28:51.695] [4301] [HailoRT] [info] [control.cpp:108] [control__parse_identify_results] firmware_version is: 4.20.0
[2025-09-11 15:28:51.749] [4309] [HailoRT] [info] [device.cpp:49] [Device] OS Version: Linux 6.12.34+rpt-rpi-2712 #1 SMP PREEMPT Debian 1:6.12.34-1+rpt1~bookworm (2025-06-26) aarch64
[2025-09-11 15:28:51.750] [4309] [HailoRT] [info] [control.cpp:108] [control__parse_identify_results] firmware_version is: 4.20.0
[2025-09-11 15:28:51.751] [4309] [HailoRT] [info] [control.cpp:108] [control__parse_identify_results] firmware_version is: 4.20.0
[2025-09-11 15:28:51.824] [4282] [HailoRT] [info] [vdevice.cpp:523] [create] Creating vdevice with params: device_count: 1, scheduling_algorithm: ROUND_ROBIN, multi_process_service: false
[2025-09-11 15:28:51.836] [4282] [HailoRT] [info] [device.cpp:49] [Device] OS Version: Linux 6.12.34+rpt-rpi-2712 #1 SMP PREEMPT Debian 1:6.12.34-1+rpt1~bookworm (2025-06-26) aarch64
[2025-09-11 15:28:51.837] [4282] [HailoRT] [info] [control.cpp:108] [control__parse_identify_results] firmware_version is: 4.20.0
[2025-09-11 15:28:51.838] [4282] [HailoRT] [info] [vdevice.cpp:651] [create] VDevice Infos: 0001:01:00.0
[2025-09-11 15:28:51.937] [4282] [HailoRT] [info] [hef.cpp:1929] [get_network_group_and_network_name] No name was given. Addressing all networks of default network_group: yolov8m_pose
[2025-09-11 15:28:51.937] [4282] [HailoRT] [info] [hef.cpp:1929] [get_network_group_and_network_name] No name was given. Addressing all networks of default network_group: yolov8m_pose
[2025-09-11 15:28:52.132] [4334] [HailoRT] [info] [internal_buffer_manager.cpp:204] [print_execution_results] Planned internal buffer memory: CMA memory 0, user memory 7300608. memory to edge layer usage factor is 1
[2025-09-11 15:28:52.132] [4334] [HailoRT] [info] [internal_buffer_manager.cpp:212] [print_execution_results] Default Internal buffer planner executed successfully
[2025-09-11 15:28:52.208] [4334] [HailoRT] [info] [device_internal.cpp:57] [configure] Configuring HEF took 93.808499 milliseconds
[2025-09-11 15:28:52.208] [4334] [HailoRT] [info] [vdevice.cpp:749] [configure] Configuring HEF on VDevice took 95.040044 milliseconds
[2025-09-11 15:28:52.208] [4334] [HailoRT] [info] [infer_model.cpp:436] [configure] Configuring network group 'yolov8m_pose' with params: batch size: 2, power mode: PERFORMANCE, latency: NONE
[2025-09-11 15:28:52.208] [4334] [HailoRT] [info] [multi_io_elements.cpp:756] [create] Created (AsyncHwEl)
[2025-09-11 15:28:52.208] [4334] [HailoRT] [info] [queue_elements.cpp:450] [create] Created (EntryPushQEl0yolov8m_pose/input_layer1 | timeout: 10s)
[2025-09-11 15:28:52.208] [4334] [HailoRT] [info] [filter_elements.cpp:101] [create] Created (PreInferEl1yolov8m_pose/input_layer1 | Reorder - src_order: RGB4, src_shape: (640, 640, 3), dst_order: NHWC, dst_shape: (640, 640, 3))
[2025-09-11 15:28:52.208] [4334] [HailoRT] [info] [queue_elements.cpp:450] [create] Created (PushQEl1yolov8m_pose/input_layer1 | timeout: 10s)
[2025-09-11 15:28:52.208] [4334] [HailoRT] [info] [edge_elements.cpp:187] [create] Created (LastAsyncEl4AsyncHwEl)
[2025-09-11 15:28:52.209] [4334] [HailoRT] [info] [queue_elements.cpp:450] [create] Created (PushQEl5AsyncHwEl | timeout: 10s)
[2025-09-11 15:28:52.209] [4334] [HailoRT] [info] [filter_elements.cpp:375] [create] Created (PostInferEl5AsyncHwEl | Reorder - src_order: FCR, src_shape: (40, 40, 56), dst_order: FCR, dst_shape: (40, 40, 51))
[2025-09-11 15:28:52.209] [4334] [HailoRT] [info] [edge_elements.cpp:187] [create] Created (LastAsyncEl0PostInferEl5AsyncHwEl)
[2025-09-11 15:28:52.209] [4334] [HailoRT] [info] [edge_elements.cpp:187] [create] Created (LastAsyncEl1AsyncHwEl)
[2025-09-11 15:28:52.209] [4334] [HailoRT] [info] [queue_elements.cpp:450] [create] Created (PushQEl2AsyncHwEl | timeout: 10s)
[2025-09-11 15:28:52.209] [4334] [HailoRT] [info] [filter_elements.cpp:375] [create] Created (PostInferEl2AsyncHwEl | Reorder - src_order: FCR, src_shape: (20, 20, 56), dst_order: FCR, dst_shape: (20, 20, 51))
[2025-09-11 15:28:52.209] [4334] [HailoRT] [info] [edge_elements.cpp:187] [create] Created (LastAsyncEl0PostInferEl2AsyncHwEl)
[2025-09-11 15:28:52.209] [4334] [HailoRT] [info] [edge_elements.cpp:187] [create] Created (LastAsyncEl3AsyncHwEl)
[2025-09-11 15:28:52.209] [4334] [HailoRT] [info] [edge_elements.cpp:187] [create] Created (LastAsyncEl0AsyncHwEl)
[2025-09-11 15:28:52.209] [4334] [HailoRT] [info] [edge_elements.cpp:187] [create] Created (LastAsyncEl8AsyncHwEl)
[2025-09-11 15:28:52.209] [4334] [HailoRT] [info] [edge_elements.cpp:187] [create] Created (LastAsyncEl6AsyncHwEl)
[2025-09-11 15:28:52.209] [4334] [HailoRT] [info] [queue_elements.cpp:450] [create] Created (PushQEl7AsyncHwEl | timeout: 10s)
[2025-09-11 15:28:52.209] [4334] [HailoRT] [info] [filter_elements.cpp:375] [create] Created (PostInferEl7AsyncHwEl | Reorder - src_order: FCR, src_shape: (80, 80, 56), dst_order: FCR, dst_shape: (80, 80, 51))
[2025-09-11 15:28:52.209] [4334] [HailoRT] [info] [edge_elements.cpp:187] [create] Created (LastAsyncEl0PostInferEl7AsyncHwEl)
[2025-09-11 15:28:52.209] [4334] [HailoRT] [info] [pipeline.cpp:891] [print_deep_description] EntryPushQEl0yolov8m_pose/input_layer1 | inputs: user | outputs: PreInferEl1yolov8m_pose/input_layer1(running in thread_id: 4357)
[2025-09-11 15:28:52.209] [4334] [HailoRT] [info] [pipeline.cpp:891] [print_deep_description] PreInferEl1yolov8m_pose/input_layer1 | inputs: EntryPushQEl0yolov8m_pose/input_layer1[0] | outputs: PushQEl1yolov8m_pose/input_layer1
[2025-09-11 15:28:52.209] [4334] [HailoRT] [info] [pipeline.cpp:891] [print_deep_description] PushQEl1yolov8m_pose/input_layer1 | inputs: PreInferEl1yolov8m_pose/input_layer1[0] | outputs: AsyncHwEl(running in thread_id: 4358)
[2025-09-11 15:28:52.209] [4334] [HailoRT] [info] [pipeline.cpp:891] [print_deep_description] AsyncHwEl | inputs: PushQEl1yolov8m_pose/input_layer1[0] | outputs: LastAsyncEl0AsyncHwEl LastAsyncEl1AsyncHwEl PushQEl2AsyncHwEl LastAsyncEl3AsyncHwEl LastAsyncEl4AsyncHwEl PushQEl5AsyncHwEl LastAsyncEl6AsyncHwEl PushQEl7AsyncHwEl LastAsyncEl8AsyncHwEl
[2025-09-11 15:28:52.209] [4334] [HailoRT] [info] [pipeline.cpp:891] [print_deep_description] LastAsyncEl0AsyncHwEl | inputs: AsyncHwEl[0] | outputs: user
[2025-09-11 15:28:52.209] [4334] [HailoRT] [info] [pipeline.cpp:891] [print_deep_description] LastAsyncEl1AsyncHwEl | inputs: AsyncHwEl[0] | outputs: user
[2025-09-11 15:28:52.209] [4334] [HailoRT] [info] [pipeline.cpp:891] [print_deep_description] PushQEl2AsyncHwEl | inputs: AsyncHwEl[0] | outputs: PostInferEl2AsyncHwEl(running in thread_id: 4360)
[2025-09-11 15:28:52.209] [4334] [HailoRT] [info] [pipeline.cpp:891] [print_deep_description] PostInferEl2AsyncHwEl | inputs: PushQEl2AsyncHwEl[0] | outputs: LastAsyncEl0PostInferEl2AsyncHwEl
[2025-09-11 15:28:52.209] [4334] [HailoRT] [info] [pipeline.cpp:891] [print_deep_description] LastAsyncEl0PostInferEl2AsyncHwEl | inputs: PostInferEl2AsyncHwEl[0] | outputs: user
[2025-09-11 15:28:52.209] [4334] [HailoRT] [info] [pipeline.cpp:891] [print_deep_description] LastAsyncEl3AsyncHwEl | inputs: AsyncHwEl[0] | outputs: user
[2025-09-11 15:28:52.209] [4334] [HailoRT] [info] [pipeline.cpp:891] [print_deep_description] LastAsyncEl4AsyncHwEl | inputs: AsyncHwEl[0] | outputs: user
[2025-09-11 15:28:52.209] [4334] [HailoRT] [info] [pipeline.cpp:891] [print_deep_description] PushQEl5AsyncHwEl | inputs: AsyncHwEl[0] | outputs: PostInferEl5AsyncHwEl(running in thread_id: 4359)
[2025-09-11 15:28:52.209] [4334] [HailoRT] [info] [pipeline.cpp:891] [print_deep_description] PostInferEl5AsyncHwEl | inputs: PushQEl5AsyncHwEl[0] | outputs: LastAsyncEl0PostInferEl5AsyncHwEl
[2025-09-11 15:28:52.209] [4334] [HailoRT] [info] [pipeline.cpp:891] [print_deep_description] LastAsyncEl0PostInferEl5AsyncHwEl | inputs: PostInferEl5AsyncHwEl[0] | outputs: user
[2025-09-11 15:28:52.209] [4334] [HailoRT] [info] [pipeline.cpp:891] [print_deep_description] LastAsyncEl6AsyncHwEl | inputs: AsyncHwEl[0] | outputs: user
[2025-09-11 15:28:52.209] [4334] [HailoRT] [info] [pipeline.cpp:891] [print_deep_description] PushQEl7AsyncHwEl | inputs: AsyncHwEl[0] | outputs: PostInferEl7AsyncHwEl(running in thread_id: 4361)
[2025-09-11 15:28:52.209] [4334] [HailoRT] [info] [pipeline.cpp:891] [print_deep_description] PostInferEl7AsyncHwEl | inputs: PushQEl7AsyncHwEl[0] | outputs: LastAsyncEl0PostInferEl7AsyncHwEl
[2025-09-11 15:28:52.209] [4334] [HailoRT] [info] [pipeline.cpp:891] [print_deep_description] LastAsyncEl0PostInferEl7AsyncHwEl | inputs: PostInferEl7AsyncHwEl[0] | outputs: user
[2025-09-11 15:28:52.209] [4334] [HailoRT] [info] [pipeline.cpp:891] [print_deep_description] LastAsyncEl8AsyncHwEl | inputs: AsyncHwEl[0] | outputs: user
[2025-09-11 15:28:52.214] [4334] [HailoRT] [info] [hef.cpp:1929] [get_network_group_and_network_name] No name was given. Addressing all networks of default network_group: yolov8m_pose
[2025-09-11 15:28:55.743] [4282] [HailoRT] [info] [async_infer_runner.cpp:86] [shutdown] Pipeline was aborted. Shutting it down
[2025-09-11 15:28:55.745] [4282] [HailoRT] [info] [queue_elements.cpp:570] [execute_deactivate] enqueue() in element PushQEl2AsyncHwEl was aborted, got status = HAILO_SHUTDOWN_EVENT_SIGNALED(57)
[2025-09-11 15:28:55.745] [4282] [HailoRT] [info] [queue_elements.cpp:570] [execute_deactivate] enqueue() in element PushQEl5AsyncHwEl was aborted, got status = HAILO_SHUTDOWN_EVENT_SIGNALED(57)
[2025-09-11 15:28:55.745] [4282] [HailoRT] [info] [queue_elements.cpp:570] [execute_deactivate] enqueue() in element PushQEl7AsyncHwEl was aborted, got status = HAILO_SHUTDOWN_EVENT_SIGNALED(57)
[2025-09-11 15:28:55.745] [4282] [HailoRT] [info] [queue_elements.cpp:570] [execute_deactivate] enqueue() in element PushQEl1yolov8m_pose/input_layer1 was aborted, got status = HAILO_SHUTDOWN_EVENT_SIGNALED(57)
[2025-09-11 15:28:55.745] [4282] [HailoRT] [info] [queue_elements.cpp:570] [execute_deactivate] enqueue() in element EntryPushQEl0yolov8m_pose/input_layer1 was aborted, got status = HAILO_SHUTDOWN_EVENT_SIGNALED(57)
[2025-09-11 15:28:55.746] [4282] [HailoRT] [info] [queue_elements.cpp:46] [~BaseQueueElement] Queue element EntryPushQEl0yolov8m_pose/input_layer1 has 0 frames in his Queue on destruction
[2025-09-11 15:28:55.746] [4282] [HailoRT] [info] [queue_elements.cpp:46] [~BaseQueueElement] Queue element PushQEl1yolov8m_pose/input_layer1 has 0 frames in his Queue on destruction
[2025-09-11 15:28:55.746] [4282] [HailoRT] [info] [queue_elements.cpp:46] [~BaseQueueElement] Queue element PushQEl5AsyncHwEl has 0 frames in his Queue on destruction
[2025-09-11 15:28:55.747] [4282] [HailoRT] [info] [queue_elements.cpp:46] [~BaseQueueElement] Queue element PushQEl2AsyncHwEl has 0 frames in his Queue on destruction
[2025-09-11 15:28:55.747] [4282] [HailoRT] [info] [queue_elements.cpp:46] [~BaseQueueElement] Queue element PushQEl7AsyncHwEl has 0 frames in his Queue on destruction
[2025-09-11 15:32:04.525] [4383] [HailoRT] [info] [device.cpp:49] [Device] OS Version: Linux 6.12.34+rpt-rpi-2712 #1 SMP PREEMPT Debian 1:6.12.34-1+rpt1~bookworm (2025-06-26) aarch64
[2025-09-11 15:32:04.526] [4383] [HailoRT] [info] [control.cpp:108] [control__parse_identify_results] firmware_version is: 4.20.0
[2025-09-11 15:32:04.527] [4383] [HailoRT] [info] [control.cpp:108] [control__parse_identify_results] firmware_version is: 4.20.0
[2025-09-11 15:32:04.577] [4391] [HailoRT] [info] [device.cpp:49] [Device] OS Version: Linux 6.12.34+rpt-rpi-2712 #1 SMP PREEMPT Debian 1:6.12.34-1+rpt1~bookworm (2025-06-26) aarch64
[2025-09-11 15:32:04.578] [4391] [HailoRT] [info] [control.cpp:108] [control__parse_identify_results] firmware_version is: 4.20.0
[2025-09-11 15:32:04.579] [4391] [HailoRT] [info] [control.cpp:108] [control__parse_identify_results] firmware_version is: 4.20.0
[2025-09-11 15:32:04.649] [4399] [HailoRT] [info] [device.cpp:49] [Device] OS Version: Linux 6.12.34+rpt-rpi-2712 #1 SMP PREEMPT Debian 1:6.12.34-1+rpt1~bookworm (2025-06-26) aarch64
[2025-09-11 15:32:04.650] [4399] [HailoRT] [info] [control.cpp:108] [control__parse_identify_results] firmware_version is: 4.20.0
[2025-09-11 15:32:04.651] [4399] [HailoRT] [info] [control.cpp:108] [control__parse_identify_results] firmware_version is: 4.20.0
[2025-09-11 15:32:04.732] [4372] [HailoRT] [info] [vdevice.cpp:523] [create] Creating vdevice with params: device_count: 1, scheduling_algorithm: ROUND_ROBIN, multi_process_service: false
[2025-09-11 15:32:04.745] [4372] [HailoRT] [info] [device.cpp:49] [Device] OS Version: Linux 6.12.34+rpt-rpi-2712 #1 SMP PREEMPT Debian 1:6.12.34-1+rpt1~bookworm (2025-06-26) aarch64
[2025-09-11 15:32:04.746] [4372] [HailoRT] [info] [control.cpp:108] [control__parse_identify_results] firmware_version is: 4.20.0
[2025-09-11 15:32:04.746] [4372] [HailoRT] [info] [vdevice.cpp:651] [create] VDevice Infos: 0001:01:00.0
[2025-09-11 15:32:04.845] [4372] [HailoRT] [info] [hef.cpp:1929] [get_network_group_and_network_name] No name was given. Addressing all networks of default network_group: yolov8m_pose
[2025-09-11 15:32:04.845] [4372] [HailoRT] [info] [hef.cpp:1929] [get_network_group_and_network_name] No name was given. Addressing all networks of default network_group: yolov8m_pose
[2025-09-11 15:32:05.031] [4424] [HailoRT] [info] [internal_buffer_manager.cpp:204] [print_execution_results] Planned internal buffer memory: CMA memory 0, user memory 7300608. memory to edge layer usage factor is 1
[2025-09-11 15:32:05.031] [4424] [HailoRT] [info] [internal_buffer_manager.cpp:212] [print_execution_results] Default Internal buffer planner executed successfully
[2025-09-11 15:32:05.119] [4424] [HailoRT] [info] [device_internal.cpp:57] [configure] Configuring HEF took 103.415635 milliseconds
[2025-09-11 15:32:05.119] [4424] [HailoRT] [info] [vdevice.cpp:749] [configure] Configuring HEF on VDevice took 103.854426 milliseconds
[2025-09-11 15:32:05.119] [4424] [HailoRT] [info] [infer_model.cpp:436] [configure] Configuring network group 'yolov8m_pose' with params: batch size: 2, power mode: PERFORMANCE, latency: NONE
[2025-09-11 15:32:05.119] [4424] [HailoRT] [info] [multi_io_elements.cpp:756] [create] Created (AsyncHwEl)
[2025-09-11 15:32:05.119] [4424] [HailoRT] [info] [queue_elements.cpp:450] [create] Created (EntryPushQEl0yolov8m_pose/input_layer1 | timeout: 10s)
[2025-09-11 15:32:05.119] [4424] [HailoRT] [info] [filter_elements.cpp:101] [create] Created (PreInferEl1yolov8m_pose/input_layer1 | Reorder - src_order: RGB4, src_shape: (640, 640, 3), dst_order: NHWC, dst_shape: (640, 640, 3))
[2025-09-11 15:32:05.119] [4424] [HailoRT] [info] [queue_elements.cpp:450] [create] Created (PushQEl1yolov8m_pose/input_layer1 | timeout: 10s)
[2025-09-11 15:32:05.119] [4424] [HailoRT] [info] [edge_elements.cpp:187] [create] Created (LastAsyncEl4AsyncHwEl)
[2025-09-11 15:32:05.119] [4424] [HailoRT] [info] [queue_elements.cpp:450] [create] Created (PushQEl5AsyncHwEl | timeout: 10s)
[2025-09-11 15:32:05.119] [4424] [HailoRT] [info] [filter_elements.cpp:375] [create] Created (PostInferEl5AsyncHwEl | Reorder - src_order: FCR, src_shape: (40, 40, 56), dst_order: FCR, dst_shape: (40, 40, 51))
[2025-09-11 15:32:05.119] [4424] [HailoRT] [info] [edge_elements.cpp:187] [create] Created (LastAsyncEl0PostInferEl5AsyncHwEl)
[2025-09-11 15:32:05.119] [4424] [HailoRT] [info] [edge_elements.cpp:187] [create] Created (LastAsyncEl1AsyncHwEl)
[2025-09-11 15:32:05.120] [4424] [HailoRT] [info] [queue_elements.cpp:450] [create] Created (PushQEl2AsyncHwEl | timeout: 10s)
[2025-09-11 15:32:05.120] [4424] [HailoRT] [info] [filter_elements.cpp:375] [create] Created (PostInferEl2AsyncHwEl | Reorder - src_order: FCR, src_shape: (20, 20, 56), dst_order: FCR, dst_shape: (20, 20, 51))
[2025-09-11 15:32:05.120] [4424] [HailoRT] [info] [edge_elements.cpp:187] [create] Created (LastAsyncEl0PostInferEl2AsyncHwEl)
[2025-09-11 15:32:05.120] [4424] [HailoRT] [info] [edge_elements.cpp:187] [create] Created (LastAsyncEl3AsyncHwEl)
[2025-09-11 15:32:05.120] [4424] [HailoRT] [info] [edge_elements.cpp:187] [create] Created (LastAsyncEl0AsyncHwEl)
[2025-09-11 15:32:05.120] [4424] [HailoRT] [info] [edge_elements.cpp:187] [create] Created (LastAsyncEl8AsyncHwEl)
[2025-09-11 15:32:05.120] [4424] [HailoRT] [info] [edge_elements.cpp:187] [create] Created (LastAsyncEl6AsyncHwEl)
[2025-09-11 15:32:05.120] [4424] [HailoRT] [info] [queue_elements.cpp:450] [create] Created (PushQEl7AsyncHwEl | timeout: 10s)
[2025-09-11 15:32:05.120] [4424] [HailoRT] [info] [filter_elements.cpp:375] [create] Created (PostInferEl7AsyncHwEl | Reorder - src_order: FCR, src_shape: (80, 80, 56), dst_order: FCR, dst_shape: (80, 80, 51))
[2025-09-11 15:32:05.120] [4424] [HailoRT] [info] [edge_elements.cpp:187] [create] Created (LastAsyncEl0PostInferEl7AsyncHwEl)
[2025-09-11 15:32:05.120] [4424] [HailoRT] [info] [pipeline.cpp:891] [print_deep_description] EntryPushQEl0yolov8m_pose/input_layer1 | inputs: user | outputs: PreInferEl1yolov8m_pose/input_layer1(running in thread_id: 4447)
[2025-09-11 15:32:05.120] [4424] [HailoRT] [info] [pipeline.cpp:891] [print_deep_description] PreInferEl1yolov8m_pose/input_layer1 | inputs: EntryPushQEl0yolov8m_pose/input_layer1[0] | outputs: PushQEl1yolov8m_pose/input_layer1
[2025-09-11 15:32:05.120] [4424] [HailoRT] [info] [pipeline.cpp:891] [print_deep_description] PushQEl1yolov8m_pose/input_layer1 | inputs: PreInferEl1yolov8m_pose/input_layer1[0] | outputs: AsyncHwEl(running in thread_id: 4448)
[2025-09-11 15:32:05.120] [4424] [HailoRT] [info] [pipeline.cpp:891] [print_deep_description] AsyncHwEl | inputs: PushQEl1yolov8m_pose/input_layer1[0] | outputs: LastAsyncEl0AsyncHwEl LastAsyncEl1AsyncHwEl PushQEl2AsyncHwEl LastAsyncEl3AsyncHwEl LastAsyncEl4AsyncHwEl PushQEl5AsyncHwEl LastAsyncEl6AsyncHwEl PushQEl7AsyncHwEl LastAsyncEl8AsyncHwEl
[2025-09-11 15:32:05.120] [4424] [HailoRT] [info] [pipeline.cpp:891] [print_deep_description] LastAsyncEl0AsyncHwEl | inputs: AsyncHwEl[0] | outputs: user
[2025-09-11 15:32:05.120] [4424] [HailoRT] [info] [pipeline.cpp:891] [print_deep_description] LastAsyncEl1AsyncHwEl | inputs: AsyncHwEl[0] | outputs: user
[2025-09-11 15:32:05.120] [4424] [HailoRT] [info] [pipeline.cpp:891] [print_deep_description] PushQEl2AsyncHwEl | inputs: AsyncHwEl[0] | outputs: PostInferEl2AsyncHwEl(running in thread_id: 4450)
[2025-09-11 15:32:05.120] [4424] [HailoRT] [info] [pipeline.cpp:891] [print_deep_description] PostInferEl2AsyncHwEl | inputs: PushQEl2AsyncHwEl[0] | outputs: LastAsyncEl0PostInferEl2AsyncHwEl
[2025-09-11 15:32:05.120] [4424] [HailoRT] [info] [pipeline.cpp:891] [print_deep_description] LastAsyncEl0PostInferEl2AsyncHwEl | inputs: PostInferEl2AsyncHwEl[0] | outputs: user
[2025-09-11 15:32:05.120] [4424] [HailoRT] [info] [pipeline.cpp:891] [print_deep_description] LastAsyncEl3AsyncHwEl | inputs: AsyncHwEl[0] | outputs: user
[2025-09-11 15:32:05.120] [4424] [HailoRT] [info] [pipeline.cpp:891] [print_deep_description] LastAsyncEl4AsyncHwEl | inputs: AsyncHwEl[0] | outputs: user
[2025-09-11 15:32:05.120] [4424] [HailoRT] [info] [pipeline.cpp:891] [print_deep_description] PushQEl5AsyncHwEl | inputs: AsyncHwEl[0] | outputs: PostInferEl5AsyncHwEl(running in thread_id: 4449)
[2025-09-11 15:32:05.120] [4424] [HailoRT] [info] [pipeline.cpp:891] [print_deep_description] PostInferEl5AsyncHwEl | inputs: PushQEl5AsyncHwEl[0] | outputs: LastAsyncEl0PostInferEl5AsyncHwEl
[2025-09-11 15:32:05.120] [4424] [HailoRT] [info] [pipeline.cpp:891] [print_deep_description] LastAsyncEl0PostInferEl5AsyncHwEl | inputs: PostInferEl5AsyncHwEl[0] | outputs: user
[2025-09-11 15:32:05.120] [4424] [HailoRT] [info] [pipeline.cpp:891] [print_deep_description] LastAsyncEl6AsyncHwEl | inputs: AsyncHwEl[0] | outputs: user
[2025-09-11 15:32:05.120] [4424] [HailoRT] [info] [pipeline.cpp:891] [print_deep_description] PushQEl7AsyncHwEl | inputs: AsyncHwEl[0] | outputs: PostInferEl7AsyncHwEl(running in thread_id: 4451)
[2025-09-11 15:32:05.120] [4424] [HailoRT] [info] [pipeline.cpp:891] [print_deep_description] PostInferEl7AsyncHwEl | inputs: PushQEl7AsyncHwEl[0] | outputs: LastAsyncEl0PostInferEl7AsyncHwEl
[2025-09-11 15:32:05.120] [4424] [HailoRT] [info] [pipeline.cpp:891] [print_deep_description] LastAsyncEl0PostInferEl7AsyncHwEl | inputs: PostInferEl7AsyncHwEl[0] | outputs: user
[2025-09-11 15:32:05.120] [4424] [HailoRT] [info] [pipeline.cpp:891] [print_deep_description] LastAsyncEl8AsyncHwEl | inputs: AsyncHwEl[0] | outputs: user
[2025-09-11 15:32:05.125] [4424] [HailoRT] [info] [hef.cpp:1929] [get_network_group_and_network_name] No name was given. Addressing all networks of default network_group: yolov8m_pose
[2025-09-11 15:32:08.612] [4372] [HailoRT] [info] [async_infer_runner.cpp:86] [shutdown] Pipeline was aborted. Shutting it down
[2025-09-11 15:32:08.616] [4372] [HailoRT] [info] [queue_elements.cpp:570] [execute_deactivate] enqueue() in element PushQEl2AsyncHwEl was aborted, got status = HAILO_SHUTDOWN_EVENT_SIGNALED(57)
[2025-09-11 15:32:08.616] [4372] [HailoRT] [info] [queue_elements.cpp:570] [execute_deactivate] enqueue() in element PushQEl5AsyncHwEl was aborted, got status = HAILO_SHUTDOWN_EVENT_SIGNALED(57)
[2025-09-11 15:32:08.616] [4372] [HailoRT] [info] [queue_elements.cpp:570] [execute_deactivate] enqueue() in element PushQEl7AsyncHwEl was aborted, got status = HAILO_SHUTDOWN_EVENT_SIGNALED(57)
[2025-09-11 15:32:08.616] [4372] [HailoRT] [info] [queue_elements.cpp:570] [execute_deactivate] enqueue() in element PushQEl1yolov8m_pose/input_layer1 was aborted, got status = HAILO_SHUTDOWN_EVENT_SIGNALED(57)
[2025-09-11 15:32:08.616] [4372] [HailoRT] [info] [queue_elements.cpp:570] [execute_deactivate] enqueue() in element EntryPushQEl0yolov8m_pose/input_layer1 was aborted, got status = HAILO_SHUTDOWN_EVENT_SIGNALED(57)
[2025-09-11 15:32:08.616] [4372] [HailoRT] [info] [queue_elements.cpp:46] [~BaseQueueElement] Queue element EntryPushQEl0yolov8m_pose/input_layer1 has 0 frames in his Queue on destruction
[2025-09-11 15:32:08.616] [4372] [HailoRT] [info] [queue_elements.cpp:46] [~BaseQueueElement] Queue element PushQEl1yolov8m_pose/input_layer1 has 0 frames in his Queue on destruction
[2025-09-11 15:32:08.617] [4372] [HailoRT] [info] [queue_elements.cpp:46] [~BaseQueueElement] Queue element PushQEl5AsyncHwEl has 0 frames in his Queue on destruction
[2025-09-11 15:32:08.617] [4372] [HailoRT] [info] [queue_elements.cpp:46] [~BaseQueueElement] Queue element PushQEl2AsyncHwEl has 0 frames in his Queue on destruction
[2025-09-11 15:32:08.618] [4372] [HailoRT] [info] [queue_elements.cpp:46] [~BaseQueueElement] Queue element PushQEl7AsyncHwEl has 0 frames in his Queue on destruction
[2025-09-11 15:40:34.593] [4488] [HailoRT] [info] [device.cpp:49] [Device] OS Version: Linux 6.12.34+rpt-rpi-2712 #1 SMP PREEMPT Debian 1:6.12.34-1+rpt1~bookworm (2025-06-26) aarch64
[2025-09-11 15:40:34.594] [4488] [HailoRT] [info] [control.cpp:108] [control__parse_identify_results] firmware_version is: 4.20.0
[2025-09-11 15:40:34.595] [4488] [HailoRT] [info] [control.cpp:108] [control__parse_identify_results] firmware_version is: 4.20.0
[2025-09-11 15:40:34.641] [4496] [HailoRT] [info] [device.cpp:49] [Device] OS Version: Linux 6.12.34+rpt-rpi-2712 #1 SMP PREEMPT Debian 1:6.12.34-1+rpt1~bookworm (2025-06-26) aarch64
[2025-09-11 15:40:34.642] [4496] [HailoRT] [info] [control.cpp:108] [control__parse_identify_results] firmware_version is: 4.20.0
[2025-09-11 15:40:34.643] [4496] [HailoRT] [info] [control.cpp:108] [control__parse_identify_results] firmware_version is: 4.20.0
[2025-09-11 15:40:34.697] [4504] [HailoRT] [info] [device.cpp:49] [Device] OS Version: Linux 6.12.34+rpt-rpi-2712 #1 SMP PREEMPT Debian 1:6.12.34-1+rpt1~bookworm (2025-06-26) aarch64
[2025-09-11 15:40:34.698] [4504] [HailoRT] [info] [control.cpp:108] [control__parse_identify_results] firmware_version is: 4.20.0
[2025-09-11 15:40:34.699] [4504] [HailoRT] [info] [control.cpp:108] [control__parse_identify_results] firmware_version is: 4.20.0
[2025-09-11 15:40:34.776] [4477] [HailoRT] [info] [vdevice.cpp:523] [create] Creating vdevice with params: device_count: 1, scheduling_algorithm: ROUND_ROBIN, multi_process_service: false
[2025-09-11 15:40:34.789] [4477] [HailoRT] [info] [device.cpp:49] [Device] OS Version: Linux 6.12.34+rpt-rpi-2712 #1 SMP PREEMPT Debian 1:6.12.34-1+rpt1~bookworm (2025-06-26) aarch64
[2025-09-11 15:40:34.790] [4477] [HailoRT] [info] [control.cpp:108] [control__parse_identify_results] firmware_version is: 4.20.0
[2025-09-11 15:40:34.790] [4477] [HailoRT] [info] [vdevice.cpp:651] [create] VDevice Infos: 0001:01:00.0
[2025-09-11 15:40:34.891] [4477] [HailoRT] [info] [hef.cpp:1929] [get_network_group_and_network_name] No name was given. Addressing all networks of default network_group: yolov8m_pose
[2025-09-11 15:40:34.891] [4477] [HailoRT] [info] [hef.cpp:1929] [get_network_group_and_network_name] No name was given. Addressing all networks of default network_group: yolov8m_pose
[2025-09-11 15:40:35.093] [4529] [HailoRT] [info] [internal_buffer_manager.cpp:204] [print_execution_results] Planned internal buffer memory: CMA memory 0, user memory 7300608. memory to edge layer usage factor is 1
[2025-09-11 15:40:35.093] [4529] [HailoRT] [info] [internal_buffer_manager.cpp:212] [print_execution_results] Default Internal buffer planner executed successfully
[2025-09-11 15:40:35.169] [4529] [HailoRT] [info] [device_internal.cpp:57] [configure] Configuring HEF took 91.701833 milliseconds
[2025-09-11 15:40:35.169] [4529] [HailoRT] [info] [vdevice.cpp:749] [configure] Configuring HEF on VDevice took 92.198291 milliseconds
[2025-09-11 15:40:35.169] [4529] [HailoRT] [info] [infer_model.cpp:436] [configure] Configuring network group 'yolov8m_pose' with params: batch size: 2, power mode: PERFORMANCE, latency: NONE
[2025-09-11 15:40:35.169] [4529] [HailoRT] [info] [multi_io_elements.cpp:756] [create] Created (AsyncHwEl)
[2025-09-11 15:40:35.169] [4529] [HailoRT] [info] [queue_elements.cpp:450] [create] Created (EntryPushQEl0yolov8m_pose/input_layer1 | timeout: 10s)
[2025-09-11 15:40:35.169] [4529] [HailoRT] [info] [filter_elements.cpp:101] [create] Created (PreInferEl1yolov8m_pose/input_layer1 | Reorder - src_order: RGB4, src_shape: (640, 640, 3), dst_order: NHWC, dst_shape: (640, 640, 3))
[2025-09-11 15:40:35.170] [4529] [HailoRT] [info] [queue_elements.cpp:450] [create] Created (PushQEl1yolov8m_pose/input_layer1 | timeout: 10s)
[2025-09-11 15:40:35.170] [4529] [HailoRT] [info] [edge_elements.cpp:187] [create] Created (LastAsyncEl4AsyncHwEl)
[2025-09-11 15:40:35.170] [4529] [HailoRT] [info] [queue_elements.cpp:450] [create] Created (PushQEl5AsyncHwEl | timeout: 10s)
[2025-09-11 15:40:35.170] [4529] [HailoRT] [info] [filter_elements.cpp:375] [create] Created (PostInferEl5AsyncHwEl | Reorder - src_order: FCR, src_shape: (40, 40, 56), dst_order: FCR, dst_shape: (40, 40, 51))
[2025-09-11 15:40:35.170] [4529] [HailoRT] [info] [edge_elements.cpp:187] [create] Created (LastAsyncEl0PostInferEl5AsyncHwEl)
[2025-09-11 15:40:35.170] [4529] [HailoRT] [info] [edge_elements.cpp:187] [create] Created (LastAsyncEl1AsyncHwEl)
[2025-09-11 15:40:35.170] [4529] [HailoRT] [info] [queue_elements.cpp:450] [create] Created (PushQEl2AsyncHwEl | timeout: 10s)
[2025-09-11 15:40:35.170] [4529] [HailoRT] [info] [filter_elements.cpp:375] [create] Created (PostInferEl2AsyncHwEl | Reorder - src_order: FCR, src_shape: (20, 20, 56), dst_order: FCR, dst_shape: (20, 20, 51))
[2025-09-11 15:40:35.170] [4529] [HailoRT] [info] [edge_elements.cpp:187] [create] Created (LastAsyncEl0PostInferEl2AsyncHwEl)
[2025-09-11 15:40:35.170] [4529] [HailoRT] [info] [edge_elements.cpp:187] [create] Created (LastAsyncEl3AsyncHwEl)
[2025-09-11 15:40:35.170] [4529] [HailoRT] [info] [edge_elements.cpp:187] [create] Created (LastAsyncEl0AsyncHwEl)
[2025-09-11 15:40:35.170] [4529] [HailoRT] [info] [edge_elements.cpp:187] [create] Created (LastAsyncEl8AsyncHwEl)
[2025-09-11 15:40:35.170] [4529] [HailoRT] [info] [edge_elements.cpp:187] [create] Created (LastAsyncEl6AsyncHwEl)
[2025-09-11 15:40:35.170] [4529] [HailoRT] [info] [queue_elements.cpp:450] [create] Created (PushQEl7AsyncHwEl | timeout: 10s)
[2025-09-11 15:40:35.170] [4529] [HailoRT] [info] [filter_elements.cpp:375] [create] Created (PostInferEl7AsyncHwEl | Reorder - src_order: FCR, src_shape: (80, 80, 56), dst_order: FCR, dst_shape: (80, 80, 51))
[2025-09-11 15:40:35.170] [4529] [HailoRT] [info] [edge_elements.cpp:187] [create] Created (LastAsyncEl0PostInferEl7AsyncHwEl)
[2025-09-11 15:40:35.170] [4529] [HailoRT] [info] [pipeline.cpp:891] [print_deep_description] EntryPushQEl0yolov8m_pose/input_layer1 | inputs: user | outputs: PreInferEl1yolov8m_pose/input_layer1(running in thread_id: 4553)
[2025-09-11 15:40:35.170] [4529] [HailoRT] [info] [pipeline.cpp:891] [print_deep_description] PreInferEl1yolov8m_pose/input_layer1 | inputs: EntryPushQEl0yolov8m_pose/input_layer1[0] | outputs: PushQEl1yolov8m_pose/input_layer1
[2025-09-11 15:40:35.170] [4529] [HailoRT] [info] [pipeline.cpp:891] [print_deep_description] PushQEl1yolov8m_pose/input_layer1 | inputs: PreInferEl1yolov8m_pose/input_layer1[0] | outputs: AsyncHwEl(running in thread_id: 4554)
[2025-09-11 15:40:35.170] [4529] [HailoRT] [info] [pipeline.cpp:891] [print_deep_description] AsyncHwEl | inputs: PushQEl1yolov8m_pose/input_layer1[0] | outputs: LastAsyncEl0AsyncHwEl LastAsyncEl1AsyncHwEl PushQEl2AsyncHwEl LastAsyncEl3AsyncHwEl LastAsyncEl4AsyncHwEl PushQEl5AsyncHwEl LastAsyncEl6AsyncHwEl PushQEl7AsyncHwEl LastAsyncEl8AsyncHwEl
[2025-09-11 15:40:35.170] [4529] [HailoRT] [info] [pipeline.cpp:891] [print_deep_description] LastAsyncEl0AsyncHwEl | inputs: AsyncHwEl[0] | outputs: user
[2025-09-11 15:40:35.170] [4529] [HailoRT] [info] [pipeline.cpp:891] [print_deep_description] LastAsyncEl1AsyncHwEl | inputs: AsyncHwEl[0] | outputs: user
[2025-09-11 15:40:35.170] [4529] [HailoRT] [info] [pipeline.cpp:891] [print_deep_description] PushQEl2AsyncHwEl | inputs: AsyncHwEl[0] | outputs: PostInferEl2AsyncHwEl(running in thread_id: 4556)
[2025-09-11 15:40:35.170] [4529] [HailoRT] [info] [pipeline.cpp:891] [print_deep_description] PostInferEl2AsyncHwEl | inputs: PushQEl2AsyncHwEl[0] | outputs: LastAsyncEl0PostInferEl2AsyncHwEl
[2025-09-11 15:40:35.170] [4529] [HailoRT] [info] [pipeline.cpp:891] [print_deep_description] LastAsyncEl0PostInferEl2AsyncHwEl | inputs: PostInferEl2AsyncHwEl[0] | outputs: user
[2025-09-11 15:40:35.170] [4529] [HailoRT] [info] [pipeline.cpp:891] [print_deep_description] LastAsyncEl3AsyncHwEl | inputs: AsyncHwEl[0] | outputs: user
[2025-09-11 15:40:35.170] [4529] [HailoRT] [info] [pipeline.cpp:891] [print_deep_description] LastAsyncEl4AsyncHwEl | inputs: AsyncHwEl[0] | outputs: user
[2025-09-11 15:40:35.170] [4529] [HailoRT] [info] [pipeline.cpp:891] [print_deep_description] PushQEl5AsyncHwEl | inputs: AsyncHwEl[0] | outputs: PostInferEl5AsyncHwEl(running in thread_id: 4555)
[2025-09-11 15:40:35.170] [4529] [HailoRT] [info] [pipeline.cpp:891] [print_deep_description] PostInferEl5AsyncHwEl | inputs: PushQEl5AsyncHwEl[0] | outputs: LastAsyncEl0PostInferEl5AsyncHwEl
[2025-09-11 15:40:35.170] [4529] [HailoRT] [info] [pipeline.cpp:891] [print_deep_description] LastAsyncEl0PostInferEl5AsyncHwEl | inputs: PostInferEl5AsyncHwEl[0] | outputs: user
[2025-09-11 15:40:35.170] [4529] [HailoRT] [info] [pipeline.cpp:891] [print_deep_description] LastAsyncEl6AsyncHwEl | inputs: AsyncHwEl[0] | outputs: user
[2025-09-11 15:40:35.170] [4529] [HailoRT] [info] [pipeline.cpp:891] [print_deep_description] PushQEl7AsyncHwEl | inputs: AsyncHwEl[0] | outputs: PostInferEl7AsyncHwEl(running in thread_id: 4557)
[2025-09-11 15:40:35.170] [4529] [HailoRT] [info] [pipeline.cpp:891] [print_deep_description] PostInferEl7AsyncHwEl | inputs: PushQEl7AsyncHwEl[0] | outputs: LastAsyncEl0PostInferEl7AsyncHwEl
[2025-09-11 15:40:35.170] [4529] [HailoRT] [info] [pipeline.cpp:891] [print_deep_description] LastAsyncEl0PostInferEl7AsyncHwEl | inputs: PostInferEl7AsyncHwEl[0] | outputs: user
[2025-09-11 15:40:35.170] [4529] [HailoRT] [info] [pipeline.cpp:891] [print_deep_description] LastAsyncEl8AsyncHwEl | inputs: AsyncHwEl[0] | outputs: user
[2025-09-11 15:40:35.176] [4529] [HailoRT] [info] [hef.cpp:1929] [get_network_group_and_network_name] No name was given. Addressing all networks of default network_group: yolov8m_pose
[2025-09-11 15:40:42.729] [4477] [HailoRT] [info] [async_infer_runner.cpp:86] [shutdown] Pipeline was aborted. Shutting it down
[2025-09-11 15:40:42.732] [4477] [HailoRT] [info] [queue_elements.cpp:570] [execute_deactivate] enqueue() in element PushQEl2AsyncHwEl was aborted, got status = HAILO_SHUTDOWN_EVENT_SIGNALED(57)
[2025-09-11 15:40:42.732] [4477] [HailoRT] [info] [queue_elements.cpp:570] [execute_deactivate] enqueue() in element PushQEl5AsyncHwEl was aborted, got status = HAILO_SHUTDOWN_EVENT_SIGNALED(57)
[2025-09-11 15:40:42.732] [4477] [HailoRT] [info] [queue_elements.cpp:570] [execute_deactivate] enqueue() in element PushQEl7AsyncHwEl was aborted, got status = HAILO_SHUTDOWN_EVENT_SIGNALED(57)
[2025-09-11 15:40:42.732] [4477] [HailoRT] [info] [queue_elements.cpp:570] [execute_deactivate] enqueue() in element PushQEl1yolov8m_pose/input_layer1 was aborted, got status = HAILO_SHUTDOWN_EVENT_SIGNALED(57)
[2025-09-11 15:40:42.732] [4477] [HailoRT] [info] [queue_elements.cpp:570] [execute_deactivate] enqueue() in element EntryPushQEl0yolov8m_pose/input_layer1 was aborted, got status = HAILO_SHUTDOWN_EVENT_SIGNALED(57)
[2025-09-11 15:40:42.732] [4477] [HailoRT] [info] [queue_elements.cpp:46] [~BaseQueueElement] Queue element EntryPushQEl0yolov8m_pose/input_layer1 has 0 frames in his Queue on destruction
[2025-09-11 15:40:42.732] [4477] [HailoRT] [info] [queue_elements.cpp:46] [~BaseQueueElement] Queue element PushQEl1yolov8m_pose/input_layer1 has 0 frames in his Queue on destruction
[2025-09-11 15:40:42.733] [4477] [HailoRT] [info] [queue_elements.cpp:46] [~BaseQueueElement] Queue element PushQEl5AsyncHwEl has 0 frames in his Queue on destruction
[2025-09-11 15:40:42.733] [4477] [HailoRT] [info] [queue_elements.cpp:46] [~BaseQueueElement] Queue element PushQEl2AsyncHwEl has 0 frames in his Queue on destruction
[2025-09-11 15:40:42.734] [4477] [HailoRT] [info] [queue_elements.cpp:46] [~BaseQueueElement] Queue element PushQEl7AsyncHwEl has 0 frames in his Queue on destruction
[2025-09-11 15:41:30.265] [4578] [HailoRT] [info] [device.cpp:49] [Device] OS Version: Linux 6.12.34+rpt-rpi-2712 #1 SMP PREEMPT Debian 1:6.12.34-1+rpt1~bookworm (2025-06-26) aarch64
[2025-09-11 15:41:30.266] [4578] [HailoRT] [info] [control.cpp:108] [control__parse_identify_results] firmware_version is: 4.20.0
[2025-09-11 15:41:30.267] [4578] [HailoRT] [info] [control.cpp:108] [control__parse_identify_results] firmware_version is: 4.20.0
[2025-09-11 15:41:30.313] [4586] [HailoRT] [info] [device.cpp:49] [Device] OS Version: Linux 6.12.34+rpt-rpi-2712 #1 SMP PREEMPT Debian 1:6.12.34-1+rpt1~bookworm (2025-06-26) aarch64
[2025-09-11 15:41:30.314] [4586] [HailoRT] [info] [control.cpp:108] [control__parse_identify_results] firmware_version is: 4.20.0
[2025-09-11 15:41:30.315] [4586] [HailoRT] [info] [control.cpp:108] [control__parse_identify_results] firmware_version is: 4.20.0
[2025-09-11 15:41:30.365] [4594] [HailoRT] [info] [device.cpp:49] [Device] OS Version: Linux 6.12.34+rpt-rpi-2712 #1 SMP PREEMPT Debian 1:6.12.34-1+rpt1~bookworm (2025-06-26) aarch64
[2025-09-11 15:41:30.366] [4594] [HailoRT] [info] [control.cpp:108] [control__parse_identify_results] firmware_version is: 4.20.0
[2025-09-11 15:41:30.367] [4594] [HailoRT] [info] [control.cpp:108] [control__parse_identify_results] firmware_version is: 4.20.0
[2025-09-11 15:41:30.436] [4567] [HailoRT] [info] [vdevice.cpp:523] [create] Creating vdevice with params: device_count: 1, scheduling_algorithm: ROUND_ROBIN, multi_process_service: false
[2025-09-11 15:41:30.448] [4567] [HailoRT] [info] [device.cpp:49] [Device] OS Version: Linux 6.12.34+rpt-rpi-2712 #1 SMP PREEMPT Debian 1:6.12.34-1+rpt1~bookworm (2025-06-26) aarch64
[2025-09-11 15:41:30.450] [4567] [HailoRT] [info] [control.cpp:108] [control__parse_identify_results] firmware_version is: 4.20.0
[2025-09-11 15:41:30.450] [4567] [HailoRT] [info] [vdevice.cpp:651] [create] VDevice Infos: 0001:01:00.0
[2025-09-11 15:41:30.549] [4567] [HailoRT] [info] [hef.cpp:1929] [get_network_group_and_network_name] No name was given. Addressing all networks of default network_group: yolov8m_pose
[2025-09-11 15:41:30.549] [4567] [HailoRT] [info] [hef.cpp:1929] [get_network_group_and_network_name] No name was given. Addressing all networks of default network_group: yolov8m_pose
[2025-09-11 15:41:30.745] [4619] [HailoRT] [info] [internal_buffer_manager.cpp:204] [print_execution_results] Planned internal buffer memory: CMA memory 0, user memory 7300608. memory to edge layer usage factor is 1
[2025-09-11 15:41:30.745] [4619] [HailoRT] [info] [internal_buffer_manager.cpp:212] [print_execution_results] Default Internal buffer planner executed successfully
[2025-09-11 15:41:30.825] [4619] [HailoRT] [info] [device_internal.cpp:57] [configure] Configuring HEF took 102.108998 milliseconds
[2025-09-11 15:41:30.825] [4619] [HailoRT] [info] [vdevice.cpp:749] [configure] Configuring HEF on VDevice took 102.593716 milliseconds
[2025-09-11 15:41:30.825] [4619] [HailoRT] [info] [infer_model.cpp:436] [configure] Configuring network group 'yolov8m_pose' with params: batch size: 2, power mode: PERFORMANCE, latency: NONE
[2025-09-11 15:41:30.826] [4619] [HailoRT] [info] [multi_io_elements.cpp:756] [create] Created (AsyncHwEl)
[2025-09-11 15:41:30.826] [4619] [HailoRT] [info] [queue_elements.cpp:450] [create] Created (EntryPushQEl0yolov8m_pose/input_layer1 | timeout: 10s)
[2025-09-11 15:41:30.826] [4619] [HailoRT] [info] [filter_elements.cpp:101] [create] Created (PreInferEl1yolov8m_pose/input_layer1 | Reorder - src_order: RGB4, src_shape: (640, 640, 3), dst_order: NHWC, dst_shape: (640, 640, 3))
[2025-09-11 15:41:30.826] [4619] [HailoRT] [info] [queue_elements.cpp:450] [create] Created (PushQEl1yolov8m_pose/input_layer1 | timeout: 10s)
[2025-09-11 15:41:30.826] [4619] [HailoRT] [info] [edge_elements.cpp:187] [create] Created (LastAsyncEl4AsyncHwEl)
[2025-09-11 15:41:30.826] [4619] [HailoRT] [info] [queue_elements.cpp:450] [create] Created (PushQEl5AsyncHwEl | timeout: 10s)
[2025-09-11 15:41:30.826] [4619] [HailoRT] [info] [filter_elements.cpp:375] [create] Created (PostInferEl5AsyncHwEl | Reorder - src_order: FCR, src_shape: (40, 40, 56), dst_order: FCR, dst_shape: (40, 40, 51))
[2025-09-11 15:41:30.826] [4619] [HailoRT] [info] [edge_elements.cpp:187] [create] Created (LastAsyncEl0PostInferEl5AsyncHwEl)
[2025-09-11 15:41:30.826] [4619] [HailoRT] [info] [edge_elements.cpp:187] [create] Created (LastAsyncEl1AsyncHwEl)
[2025-09-11 15:41:30.826] [4619] [HailoRT] [info] [queue_elements.cpp:450] [create] Created (PushQEl2AsyncHwEl | timeout: 10s)
[2025-09-11 15:41:30.826] [4619] [HailoRT] [info] [filter_elements.cpp:375] [create] Created (PostInferEl2AsyncHwEl | Reorder - src_order: FCR, src_shape: (20, 20, 56), dst_order: FCR, dst_shape: (20, 20, 51))
[2025-09-11 15:41:30.826] [4619] [HailoRT] [info] [edge_elements.cpp:187] [create] Created (LastAsyncEl0PostInferEl2AsyncHwEl)
[2025-09-11 15:41:30.826] [4619] [HailoRT] [info] [edge_elements.cpp:187] [create] Created (LastAsyncEl3AsyncHwEl)
[2025-09-11 15:41:30.826] [4619] [HailoRT] [info] [edge_elements.cpp:187] [create] Created (LastAsyncEl0AsyncHwEl)
[2025-09-11 15:41:30.826] [4619] [HailoRT] [info] [edge_elements.cpp:187] [create] Created (LastAsyncEl8AsyncHwEl)
[2025-09-11 15:41:30.826] [4619] [HailoRT] [info] [edge_elements.cpp:187] [create] Created (LastAsyncEl6AsyncHwEl)
[2025-09-11 15:41:30.826] [4619] [HailoRT] [info] [queue_elements.cpp:450] [create] Created (PushQEl7AsyncHwEl | timeout: 10s)
[2025-09-11 15:41:30.826] [4619] [HailoRT] [info] [filter_elements.cpp:375] [create] Created (PostInferEl7AsyncHwEl | Reorder - src_order: FCR, src_shape: (80, 80, 56), dst_order: FCR, dst_shape: (80, 80, 51))
[2025-09-11 15:41:30.826] [4619] [HailoRT] [info] [edge_elements.cpp:187] [create] Created (LastAsyncEl0PostInferEl7AsyncHwEl)
[2025-09-11 15:41:30.826] [4619] [HailoRT] [info] [pipeline.cpp:891] [print_deep_description] EntryPushQEl0yolov8m_pose/input_layer1 | inputs: user | outputs: PreInferEl1yolov8m_pose/input_layer1(running in thread_id: 4642)
[2025-09-11 15:41:30.826] [4619] [HailoRT] [info] [pipeline.cpp:891] [print_deep_description] PreInferEl1yolov8m_pose/input_layer1 | inputs: EntryPushQEl0yolov8m_pose/input_layer1[0] | outputs: PushQEl1yolov8m_pose/input_layer1
[2025-09-11 15:41:30.826] [4619] [HailoRT] [info] [pipeline.cpp:891] [print_deep_description] PushQEl1yolov8m_pose/input_layer1 | inputs: PreInferEl1yolov8m_pose/input_layer1[0] | outputs: AsyncHwEl(running in thread_id: 4643)
[2025-09-11 15:41:30.826] [4619] [HailoRT] [info] [pipeline.cpp:891] [print_deep_description] AsyncHwEl | inputs: PushQEl1yolov8m_pose/input_layer1[0] | outputs: LastAsyncEl0AsyncHwEl LastAsyncEl1AsyncHwEl PushQEl2AsyncHwEl LastAsyncEl3AsyncHwEl LastAsyncEl4AsyncHwEl PushQEl5AsyncHwEl LastAsyncEl6AsyncHwEl PushQEl7AsyncHwEl LastAsyncEl8AsyncHwEl
[2025-09-11 15:41:30.826] [4619] [HailoRT] [info] [pipeline.cpp:891] [print_deep_description] LastAsyncEl0AsyncHwEl | inputs: AsyncHwEl[0] | outputs: user
[2025-09-11 15:41:30.826] [4619] [HailoRT] [info] [pipeline.cpp:891] [print_deep_description] LastAsyncEl1AsyncHwEl | inputs: AsyncHwEl[0] | outputs: user
[2025-09-11 15:41:30.826] [4619] [HailoRT] [info] [pipeline.cpp:891] [print_deep_description] PushQEl2AsyncHwEl | inputs: AsyncHwEl[0] | outputs: PostInferEl2AsyncHwEl(running in thread_id: 4645)
[2025-09-11 15:41:30.826] [4619] [HailoRT] [info] [pipeline.cpp:891] [print_deep_description] PostInferEl2AsyncHwEl | inputs: PushQEl2AsyncHwEl[0] | outputs: LastAsyncEl0PostInferEl2AsyncHwEl
[2025-09-11 15:41:30.826] [4619] [HailoRT] [info] [pipeline.cpp:891] [print_deep_description] LastAsyncEl0PostInferEl2AsyncHwEl | inputs: PostInferEl2AsyncHwEl[0] | outputs: user
[2025-09-11 15:41:30.826] [4619] [HailoRT] [info] [pipeline.cpp:891] [print_deep_description] LastAsyncEl3AsyncHwEl | inputs: AsyncHwEl[0] | outputs: user
[2025-09-11 15:41:30.826] [4619] [HailoRT] [info] [pipeline.cpp:891] [print_deep_description] LastAsyncEl4AsyncHwEl | inputs: AsyncHwEl[0] | outputs: user
[2025-09-11 15:41:30.826] [4619] [HailoRT] [info] [pipeline.cpp:891] [print_deep_description] PushQEl5AsyncHwEl | inputs: AsyncHwEl[0] | outputs: PostInferEl5AsyncHwEl(running in thread_id: 4644)
[2025-09-11 15:41:30.826] [4619] [HailoRT] [info] [pipeline.cpp:891] [print_deep_description] PostInferEl5AsyncHwEl | inputs: PushQEl5AsyncHwEl[0] | outputs: LastAsyncEl0PostInferEl5AsyncHwEl
[2025-09-11 15:41:30.826] [4619] [HailoRT] [info] [pipeline.cpp:891] [print_deep_description] LastAsyncEl0PostInferEl5AsyncHwEl | inputs: PostInferEl5AsyncHwEl[0] | outputs: user
[2025-09-11 15:41:30.826] [4619] [HailoRT] [info] [pipeline.cpp:891] [print_deep_description] LastAsyncEl6AsyncHwEl | inputs: AsyncHwEl[0] | outputs: user
[2025-09-11 15:41:30.826] [4619] [HailoRT] [info] [pipeline.cpp:891] [print_deep_description] PushQEl7AsyncHwEl | inputs: AsyncHwEl[0] | outputs: PostInferEl7AsyncHwEl(running in thread_id: 4646)
[2025-09-11 15:41:30.826] [4619] [HailoRT] [info] [pipeline.cpp:891] [print_deep_description] PostInferEl7AsyncHwEl | inputs: PushQEl7AsyncHwEl[0] | outputs: LastAsyncEl0PostInferEl7AsyncHwEl
[2025-09-11 15:41:30.826] [4619] [HailoRT] [info] [pipeline.cpp:891] [print_deep_description] LastAsyncEl0PostInferEl7AsyncHwEl | inputs: PostInferEl7AsyncHwEl[0] | outputs: user
[2025-09-11 15:41:30.826] [4619] [HailoRT] [info] [pipeline.cpp:891] [print_deep_description] LastAsyncEl8AsyncHwEl | inputs: AsyncHwEl[0] | outputs: user
[2025-09-11 15:41:30.831] [4619] [HailoRT] [info] [hef.cpp:1929] [get_network_group_and_network_name] No name was given. Addressing all networks of default network_group: yolov8m_pose
[2025-09-11 15:41:37.959] [4567] [HailoRT] [info] [async_infer_runner.cpp:86] [shutdown] Pipeline was aborted. Shutting it down
[2025-09-11 15:41:37.961] [4567] [HailoRT] [info] [queue_elements.cpp:570] [execute_deactivate] enqueue() in element PushQEl2AsyncHwEl was aborted, got status = HAILO_SHUTDOWN_EVENT_SIGNALED(57)
[2025-09-11 15:41:37.961] [4567] [HailoRT] [info] [queue_elements.cpp:570] [execute_deactivate] enqueue() in element PushQEl5AsyncHwEl was aborted, got status = HAILO_SHUTDOWN_EVENT_SIGNALED(57)
[2025-09-11 15:41:37.961] [4567] [HailoRT] [info] [queue_elements.cpp:570] [execute_deactivate] enqueue() in element PushQEl7AsyncHwEl was aborted, got status = HAILO_SHUTDOWN_EVENT_SIGNALED(57)
[2025-09-11 15:41:37.961] [4567] [HailoRT] [info] [queue_elements.cpp:570] [execute_deactivate] enqueue() in element PushQEl1yolov8m_pose/input_layer1 was aborted, got status = HAILO_SHUTDOWN_EVENT_SIGNALED(57)
[2025-09-11 15:41:37.961] [4567] [HailoRT] [info] [queue_elements.cpp:570] [execute_deactivate] enqueue() in element EntryPushQEl0yolov8m_pose/input_layer1 was aborted, got status = HAILO_SHUTDOWN_EVENT_SIGNALED(57)
[2025-09-11 15:41:37.961] [4567] [HailoRT] [info] [queue_elements.cpp:46] [~BaseQueueElement] Queue element EntryPushQEl0yolov8m_pose/input_layer1 has 0 frames in his Queue on destruction
[2025-09-11 15:41:37.961] [4567] [HailoRT] [info] [queue_elements.cpp:46] [~BaseQueueElement] Queue element PushQEl1yolov8m_pose/input_layer1 has 0 frames in his Queue on destruction
[2025-09-11 15:41:37.962] [4567] [HailoRT] [info] [queue_elements.cpp:46] [~BaseQueueElement] Queue element PushQEl5AsyncHwEl has 0 frames in his Queue on destruction
[2025-09-11 15:41:37.963] [4567] [HailoRT] [info] [queue_elements.cpp:46] [~BaseQueueElement] Queue element PushQEl2AsyncHwEl has 0 frames in his Queue on destruction
[2025-09-11 15:41:37.963] [4567] [HailoRT] [info] [queue_elements.cpp:46] [~BaseQueueElement] Queue element PushQEl7AsyncHwEl has 0 frames in his Queue on destruction
[2025-09-11 15:41:54.092] [4673] [HailoRT] [info] [device.cpp:49] [Device] OS Version: Linux 6.12.34+rpt-rpi-2712 #1 SMP PREEMPT Debian 1:6.12.34-1+rpt1~bookworm (2025-06-26) aarch64
[2025-09-11 15:41:54.093] [4673] [HailoRT] [info] [control.cpp:108] [control__parse_identify_results] firmware_version is: 4.20.0
[2025-09-11 15:41:54.094] [4673] [HailoRT] [info] [control.cpp:108] [control__parse_identify_results] firmware_version is: 4.20.0
[2025-09-11 15:41:54.153] [4681] [HailoRT] [info] [device.cpp:49] [Device] OS Version: Linux 6.12.34+rpt-rpi-2712 #1 SMP PREEMPT Debian 1:6.12.34-1+rpt1~bookworm (2025-06-26) aarch64
[2025-09-11 15:41:54.154] [4681] [HailoRT] [info] [control.cpp:108] [control__parse_identify_results] firmware_version is: 4.20.0
[2025-09-11 15:41:54.155] [4681] [HailoRT] [info] [control.cpp:108] [control__parse_identify_results] firmware_version is: 4.20.0
[2025-09-11 15:41:54.205] [4689] [HailoRT] [info] [device.cpp:49] [Device] OS Version: Linux 6.12.34+rpt-rpi-2712 #1 SMP PREEMPT Debian 1:6.12.34-1+rpt1~bookworm (2025-06-26) aarch64
[2025-09-11 15:41:54.206] [4689] [HailoRT] [info] [control.cpp:108] [control__parse_identify_results] firmware_version is: 4.20.0
[2025-09-11 15:41:54.207] [4689] [HailoRT] [info] [control.cpp:108] [control__parse_identify_results] firmware_version is: 4.20.0
[2025-09-11 15:41:54.284] [4662] [HailoRT] [info] [vdevice.cpp:523] [create] Creating vdevice with params: device_count: 1, scheduling_algorithm: ROUND_ROBIN, multi_process_service: false
[2025-09-11 15:41:54.297] [4662] [HailoRT] [info] [device.cpp:49] [Device] OS Version: Linux 6.12.34+rpt-rpi-2712 #1 SMP PREEMPT Debian 1:6.12.34-1+rpt1~bookworm (2025-06-26) aarch64
[2025-09-11 15:41:54.298] [4662] [HailoRT] [info] [control.cpp:108] [control__parse_identify_results] firmware_version is: 4.20.0
[2025-09-11 15:41:54.298] [4662] [HailoRT] [info] [vdevice.cpp:651] [create] VDevice Infos: 0001:01:00.0
[2025-09-11 15:41:54.397] [4662] [HailoRT] [info] [hef.cpp:1929] [get_network_group_and_network_name] No name was given. Addressing all networks of default network_group: yolov8m_pose
[2025-09-11 15:41:54.397] [4662] [HailoRT] [info] [hef.cpp:1929] [get_network_group_and_network_name] No name was given. Addressing all networks of default network_group: yolov8m_pose
[2025-09-11 15:41:54.600] [4714] [HailoRT] [info] [internal_buffer_manager.cpp:204] [print_execution_results] Planned internal buffer memory: CMA memory 0, user memory 7300608. memory to edge layer usage factor is 1
[2025-09-11 15:41:54.600] [4714] [HailoRT] [info] [internal_buffer_manager.cpp:212] [print_execution_results] Default Internal buffer planner executed successfully
[2025-09-11 15:41:54.672] [4714] [HailoRT] [info] [device_internal.cpp:57] [configure] Configuring HEF took 94.353957 milliseconds
[2025-09-11 15:41:54.672] [4714] [HailoRT] [info] [vdevice.cpp:749] [configure] Configuring HEF on VDevice took 94.83549 milliseconds
[2025-09-11 15:41:54.672] [4714] [HailoRT] [info] [infer_model.cpp:436] [configure] Configuring network group 'yolov8m_pose' with params: batch size: 2, power mode: PERFORMANCE, latency: NONE
[2025-09-11 15:41:54.673] [4714] [HailoRT] [info] [multi_io_elements.cpp:756] [create] Created (AsyncHwEl)
[2025-09-11 15:41:54.673] [4714] [HailoRT] [info] [queue_elements.cpp:450] [create] Created (EntryPushQEl0yolov8m_pose/input_layer1 | timeout: 10s)
[2025-09-11 15:41:54.673] [4714] [HailoRT] [info] [filter_elements.cpp:101] [create] Created (PreInferEl1yolov8m_pose/input_layer1 | Reorder - src_order: RGB4, src_shape: (640, 640, 3), dst_order: NHWC, dst_shape: (640, 640, 3))
[2025-09-11 15:41:54.673] [4714] [HailoRT] [info] [queue_elements.cpp:450] [create] Created (PushQEl1yolov8m_pose/input_layer1 | timeout: 10s)
[2025-09-11 15:41:54.673] [4714] [HailoRT] [info] [edge_elements.cpp:187] [create] Created (LastAsyncEl4AsyncHwEl)
[2025-09-11 15:41:54.673] [4714] [HailoRT] [info] [queue_elements.cpp:450] [create] Created (PushQEl5AsyncHwEl | timeout: 10s)
[2025-09-11 15:41:54.673] [4714] [HailoRT] [info] [filter_elements.cpp:375] [create] Created (PostInferEl5AsyncHwEl | Reorder - src_order: FCR, src_shape: (40, 40, 56), dst_order: FCR, dst_shape: (40, 40, 51))
[2025-09-11 15:41:54.673] [4714] [HailoRT] [info] [edge_elements.cpp:187] [create] Created (LastAsyncEl0PostInferEl5AsyncHwEl)
[2025-09-11 15:41:54.673] [4714] [HailoRT] [info] [edge_elements.cpp:187] [create] Created (LastAsyncEl1AsyncHwEl)
[2025-09-11 15:41:54.673] [4714] [HailoRT] [info] [queue_elements.cpp:450] [create] Created (PushQEl2AsyncHwEl | timeout: 10s)
[2025-09-11 15:41:54.673] [4714] [HailoRT] [info] [filter_elements.cpp:375] [create] Created (PostInferEl2AsyncHwEl | Reorder - src_order: FCR, src_shape: (20, 20, 56), dst_order: FCR, dst_shape: (20, 20, 51))
[2025-09-11 15:41:54.673] [4714] [HailoRT] [info] [edge_elements.cpp:187] [create] Created (LastAsyncEl0PostInferEl2AsyncHwEl)
[2025-09-11 15:41:54.673] [4714] [HailoRT] [info] [edge_elements.cpp:187] [create] Created (LastAsyncEl3AsyncHwEl)
[2025-09-11 15:41:54.673] [4714] [HailoRT] [info] [edge_elements.cpp:187] [create] Created (LastAsyncEl0AsyncHwEl)
[2025-09-11 15:41:54.673] [4714] [HailoRT] [info] [edge_elements.cpp:187] [create] Created (LastAsyncEl8AsyncHwEl)
[2025-09-11 15:41:54.673] [4714] [HailoRT] [info] [edge_elements.cpp:187] [create] Created (LastAsyncEl6AsyncHwEl)
[2025-09-11 15:41:54.673] [4714] [HailoRT] [info] [queue_elements.cpp:450] [create] Created (PushQEl7AsyncHwEl | timeout: 10s)
[2025-09-11 15:41:54.673] [4714] [HailoRT] [info] [filter_elements.cpp:375] [create] Created (PostInferEl7AsyncHwEl | Reorder - src_order: FCR, src_shape: (80, 80, 56), dst_order: FCR, dst_shape: (80, 80, 51))
[2025-09-11 15:41:54.673] [4714] [HailoRT] [info] [edge_elements.cpp:187] [create] Created (LastAsyncEl0PostInferEl7AsyncHwEl)
[2025-09-11 15:41:54.673] [4714] [HailoRT] [info] [pipeline.cpp:891] [print_deep_description] EntryPushQEl0yolov8m_pose/input_layer1 | inputs: user | outputs: PreInferEl1yolov8m_pose/input_layer1(running in thread_id: 4737)
[2025-09-11 15:41:54.673] [4714] [HailoRT] [info] [pipeline.cpp:891] [print_deep_description] PreInferEl1yolov8m_pose/input_layer1 | inputs: EntryPushQEl0yolov8m_pose/input_layer1[0] | outputs: PushQEl1yolov8m_pose/input_layer1
[2025-09-11 15:41:54.673] [4714] [HailoRT] [info] [pipeline.cpp:891] [print_deep_description] PushQEl1yolov8m_pose/input_layer1 | inputs: PreInferEl1yolov8m_pose/input_layer1[0] | outputs: AsyncHwEl(running in thread_id: 4738)
[2025-09-11 15:41:54.673] [4714] [HailoRT] [info] [pipeline.cpp:891] [print_deep_description] AsyncHwEl | inputs: PushQEl1yolov8m_pose/input_layer1[0] | outputs: LastAsyncEl0AsyncHwEl LastAsyncEl1AsyncHwEl PushQEl2AsyncHwEl LastAsyncEl3AsyncHwEl LastAsyncEl4AsyncHwEl PushQEl5AsyncHwEl LastAsyncEl6AsyncHwEl PushQEl7AsyncHwEl LastAsyncEl8AsyncHwEl
[2025-09-11 15:41:54.673] [4714] [HailoRT] [info] [pipeline.cpp:891] [print_deep_description] LastAsyncEl0AsyncHwEl | inputs: AsyncHwEl[0] | outputs: user
[2025-09-11 15:41:54.673] [4714] [HailoRT] [info] [pipeline.cpp:891] [print_deep_description] LastAsyncEl1AsyncHwEl | inputs: AsyncHwEl[0] | outputs: user
[2025-09-11 15:41:54.673] [4714] [HailoRT] [info] [pipeline.cpp:891] [print_deep_description] PushQEl2AsyncHwEl | inputs: AsyncHwEl[0] | outputs: PostInferEl2AsyncHwEl(running in thread_id: 4740)
[2025-09-11 15:41:54.673] [4714] [HailoRT] [info] [pipeline.cpp:891] [print_deep_description] PostInferEl2AsyncHwEl | inputs: PushQEl2AsyncHwEl[0] | outputs: LastAsyncEl0PostInferEl2AsyncHwEl
[2025-09-11 15:41:54.673] [4714] [HailoRT] [info] [pipeline.cpp:891] [print_deep_description] LastAsyncEl0PostInferEl2AsyncHwEl | inputs: PostInferEl2AsyncHwEl[0] | outputs: user
[2025-09-11 15:41:54.673] [4714] [HailoRT] [info] [pipeline.cpp:891] [print_deep_description] LastAsyncEl3AsyncHwEl | inputs: AsyncHwEl[0] | outputs: user
[2025-09-11 15:41:54.673] [4714] [HailoRT] [info] [pipeline.cpp:891] [print_deep_description] LastAsyncEl4AsyncHwEl | inputs: AsyncHwEl[0] | outputs: user
[2025-09-11 15:41:54.673] [4714] [HailoRT] [info] [pipeline.cpp:891] [print_deep_description] PushQEl5AsyncHwEl | inputs: AsyncHwEl[0] | outputs: PostInferEl5AsyncHwEl(running in thread_id: 4739)
[2025-09-11 15:41:54.673] [4714] [HailoRT] [info] [pipeline.cpp:891] [print_deep_description] PostInferEl5AsyncHwEl | inputs: PushQEl5AsyncHwEl[0] | outputs: LastAsyncEl0PostInferEl5AsyncHwEl
[2025-09-11 15:41:54.674] [4714] [HailoRT] [info] [pipeline.cpp:891] [print_deep_description] LastAsyncEl0PostInferEl5AsyncHwEl | inputs: PostInferEl5AsyncHwEl[0] | outputs: user
[2025-09-11 15:41:54.674] [4714] [HailoRT] [info] [pipeline.cpp:891] [print_deep_description] LastAsyncEl6AsyncHwEl | inputs: AsyncHwEl[0] | outputs: user
[2025-09-11 15:41:54.674] [4714] [HailoRT] [info] [pipeline.cpp:891] [print_deep_description] PushQEl7AsyncHwEl | inputs: AsyncHwEl[0] | outputs: PostInferEl7AsyncHwEl(running in thread_id: 4741)
[2025-09-11 15:41:54.674] [4714] [HailoRT] [info] [pipeline.cpp:891] [print_deep_description] PostInferEl7AsyncHwEl | inputs: PushQEl7AsyncHwEl[0] | outputs: LastAsyncEl0PostInferEl7AsyncHwEl
[2025-09-11 15:41:54.674] [4714] [HailoRT] [info] [pipeline.cpp:891] [print_deep_description] LastAsyncEl0PostInferEl7AsyncHwEl | inputs: PostInferEl7AsyncHwEl[0] | outputs: user
[2025-09-11 15:41:54.674] [4714] [HailoRT] [info] [pipeline.cpp:891] [print_deep_description] LastAsyncEl8AsyncHwEl | inputs: AsyncHwEl[0] | outputs: user
[2025-09-11 15:41:54.678] [4714] [HailoRT] [info] [hef.cpp:1929] [get_network_group_and_network_name] No name was given. Addressing all networks of default network_group: yolov8m_pose
[2025-09-11 15:41:58.763] [4662] [HailoRT] [info] [async_infer_runner.cpp:86] [shutdown] Pipeline was aborted. Shutting it down
[2025-09-11 15:41:58.766] [4662] [HailoRT] [info] [queue_elements.cpp:570] [execute_deactivate] enqueue() in element PushQEl2AsyncHwEl was aborted, got status = HAILO_SHUTDOWN_EVENT_SIGNALED(57)
[2025-09-11 15:41:58.766] [4662] [HailoRT] [info] [queue_elements.cpp:570] [execute_deactivate] enqueue() in element PushQEl5AsyncHwEl was aborted, got status = HAILO_SHUTDOWN_EVENT_SIGNALED(57)
[2025-09-11 15:41:58.766] [4662] [HailoRT] [info] [queue_elements.cpp:570] [execute_deactivate] enqueue() in element PushQEl7AsyncHwEl was aborted, got status = HAILO_SHUTDOWN_EVENT_SIGNALED(57)
[2025-09-11 15:41:58.766] [4662] [HailoRT] [info] [queue_elements.cpp:570] [execute_deactivate] enqueue() in element PushQEl1yolov8m_pose/input_layer1 was aborted, got status = HAILO_SHUTDOWN_EVENT_SIGNALED(57)
[2025-09-11 15:41:58.766] [4662] [HailoRT] [info] [queue_elements.cpp:570] [execute_deactivate] enqueue() in element EntryPushQEl0yolov8m_pose/input_layer1 was aborted, got status = HAILO_SHUTDOWN_EVENT_SIGNALED(57)
[2025-09-11 15:41:58.766] [4662] [HailoRT] [info] [queue_elements.cpp:46] [~BaseQueueElement] Queue element EntryPushQEl0yolov8m_pose/input_layer1 has 0 frames in his Queue on destruction
[2025-09-11 15:41:58.766] [4662] [HailoRT] [info] [queue_elements.cpp:46] [~BaseQueueElement] Queue element PushQEl1yolov8m_pose/input_layer1 has 0 frames in his Queue on destruction
[2025-09-11 15:41:58.767] [4662] [HailoRT] [info] [queue_elements.cpp:46] [~BaseQueueElement] Queue element PushQEl5AsyncHwEl has 0 frames in his Queue on destruction
[2025-09-11 15:41:58.767] [4662] [HailoRT] [info] [queue_elements.cpp:46] [~BaseQueueElement] Queue element PushQEl2AsyncHwEl has 0 frames in his Queue on destruction
[2025-09-11 15:41:58.767] [4662] [HailoRT] [info] [queue_elements.cpp:46] [~BaseQueueElement] Queue element PushQEl7AsyncHwEl has 0 frames in his Queue on destruction
[2025-09-11 15:43:39.019] [4765] [HailoRT] [info] [device.cpp:49] [Device] OS Version: Linux 6.12.34+rpt-rpi-2712 #1 SMP PREEMPT Debian 1:6.12.34-1+rpt1~bookworm (2025-06-26) aarch64
[2025-09-11 15:43:39.021] [4765] [HailoRT] [info] [control.cpp:108] [control__parse_identify_results] firmware_version is: 4.20.0
[2025-09-11 15:43:39.022] [4765] [HailoRT] [info] [control.cpp:108] [control__parse_identify_results] firmware_version is: 4.20.0
[2025-09-11 15:43:39.093] [4773] [HailoRT] [info] [device.cpp:49] [Device] OS Version: Linux 6.12.34+rpt-rpi-2712 #1 SMP PREEMPT Debian 1:6.12.34-1+rpt1~bookworm (2025-06-26) aarch64
[2025-09-11 15:43:39.094] [4773] [HailoRT] [info] [control.cpp:108] [control__parse_identify_results] firmware_version is: 4.20.0
[2025-09-11 15:43:39.095] [4773] [HailoRT] [info] [control.cpp:108] [control__parse_identify_results] firmware_version is: 4.20.0
[2025-09-11 15:43:39.145] [4781] [HailoRT] [info] [device.cpp:49] [Device] OS Version: Linux 6.12.34+rpt-rpi-2712 #1 SMP PREEMPT Debian 1:6.12.34-1+rpt1~bookworm (2025-06-26) aarch64
[2025-09-11 15:43:39.146] [4781] [HailoRT] [info] [control.cpp:108] [control__parse_identify_results] firmware_version is: 4.20.0
[2025-09-11 15:43:39.147] [4781] [HailoRT] [info] [control.cpp:108] [control__parse_identify_results] firmware_version is: 4.20.0
[2025-09-11 15:43:39.244] [4754] [HailoRT] [info] [vdevice.cpp:523] [create] Creating vdevice with params: device_count: 1, scheduling_algorithm: ROUND_ROBIN, multi_process_service: false
[2025-09-11 15:43:39.256] [4754] [HailoRT] [info] [device.cpp:49] [Device] OS Version: Linux 6.12.34+rpt-rpi-2712 #1 SMP PREEMPT Debian 1:6.12.34-1+rpt1~bookworm (2025-06-26) aarch64
[2025-09-11 15:43:39.257] [4754] [HailoRT] [info] [control.cpp:108] [control__parse_identify_results] firmware_version is: 4.20.0
[2025-09-11 15:43:39.257] [4754] [HailoRT] [info] [vdevice.cpp:651] [create] VDevice Infos: 0001:01:00.0
[2025-09-11 15:43:39.357] [4754] [HailoRT] [info] [hef.cpp:1929] [get_network_group_and_network_name] No name was given. Addressing all networks of default network_group: yolov8m_pose
[2025-09-11 15:43:39.357] [4754] [HailoRT] [info] [hef.cpp:1929] [get_network_group_and_network_name] No name was given. Addressing all networks of default network_group: yolov8m_pose
[2025-09-11 15:43:39.557] [4806] [HailoRT] [info] [internal_buffer_manager.cpp:204] [print_execution_results] Planned internal buffer memory: CMA memory 0, user memory 7300608. memory to edge layer usage factor is 1
[2025-09-11 15:43:39.557] [4806] [HailoRT] [info] [internal_buffer_manager.cpp:212] [print_execution_results] Default Internal buffer planner executed successfully
[2025-09-11 15:43:39.628] [4806] [HailoRT] [info] [device_internal.cpp:57] [configure] Configuring HEF took 98.272144 milliseconds
[2025-09-11 15:43:39.629] [4806] [HailoRT] [info] [vdevice.cpp:749] [configure] Configuring HEF on VDevice took 98.763732 milliseconds
[2025-09-11 15:43:39.629] [4806] [HailoRT] [info] [infer_model.cpp:436] [configure] Configuring network group 'yolov8m_pose' with params: batch size: 2, power mode: PERFORMANCE, latency: NONE
[2025-09-11 15:43:39.629] [4806] [HailoRT] [info] [multi_io_elements.cpp:756] [create] Created (AsyncHwEl)
[2025-09-11 15:43:39.629] [4806] [HailoRT] [info] [queue_elements.cpp:450] [create] Created (EntryPushQEl0yolov8m_pose/input_layer1 | timeout: 10s)
[2025-09-11 15:43:39.629] [4806] [HailoRT] [info] [filter_elements.cpp:101] [create] Created (PreInferEl1yolov8m_pose/input_layer1 | Reorder - src_order: RGB4, src_shape: (640, 640, 3), dst_order: NHWC, dst_shape: (640, 640, 3))
[2025-09-11 15:43:39.629] [4806] [HailoRT] [info] [queue_elements.cpp:450] [create] Created (PushQEl1yolov8m_pose/input_layer1 | timeout: 10s)
[2025-09-11 15:43:39.629] [4806] [HailoRT] [info] [edge_elements.cpp:187] [create] Created (LastAsyncEl4AsyncHwEl)
[2025-09-11 15:43:39.629] [4806] [HailoRT] [info] [queue_elements.cpp:450] [create] Created (PushQEl5AsyncHwEl | timeout: 10s)
[2025-09-11 15:43:39.629] [4806] [HailoRT] [info] [filter_elements.cpp:375] [create] Created (PostInferEl5AsyncHwEl | Reorder - src_order: FCR, src_shape: (40, 40, 56), dst_order: FCR, dst_shape: (40, 40, 51))
[2025-09-11 15:43:39.629] [4806] [HailoRT] [info] [edge_elements.cpp:187] [create] Created (LastAsyncEl0PostInferEl5AsyncHwEl)
[2025-09-11 15:43:39.629] [4806] [HailoRT] [info] [edge_elements.cpp:187] [create] Created (LastAsyncEl1AsyncHwEl)
[2025-09-11 15:43:39.629] [4806] [HailoRT] [info] [queue_elements.cpp:450] [create] Created (PushQEl2AsyncHwEl | timeout: 10s)
[2025-09-11 15:43:39.629] [4806] [HailoRT] [info] [filter_elements.cpp:375] [create] Created (PostInferEl2AsyncHwEl | Reorder - src_order: FCR, src_shape: (20, 20, 56), dst_order: FCR, dst_shape: (20, 20, 51))
[2025-09-11 15:43:39.629] [4806] [HailoRT] [info] [edge_elements.cpp:187] [create] Created (LastAsyncEl0PostInferEl2AsyncHwEl)
[2025-09-11 15:43:39.629] [4806] [HailoRT] [info] [edge_elements.cpp:187] [create] Created (LastAsyncEl3AsyncHwEl)
[2025-09-11 15:43:39.629] [4806] [HailoRT] [info] [edge_elements.cpp:187] [create] Created (LastAsyncEl0AsyncHwEl)
[2025-09-11 15:43:39.629] [4806] [HailoRT] [info] [edge_elements.cpp:187] [create] Created (LastAsyncEl8AsyncHwEl)
[2025-09-11 15:43:39.630] [4806] [HailoRT] [info] [edge_elements.cpp:187] [create] Created (LastAsyncEl6AsyncHwEl)
[2025-09-11 15:43:39.630] [4806] [HailoRT] [info] [queue_elements.cpp:450] [create] Created (PushQEl7AsyncHwEl | timeout: 10s)
[2025-09-11 15:43:39.630] [4806] [HailoRT] [info] [filter_elements.cpp:375] [create] Created (PostInferEl7AsyncHwEl | Reorder - src_order: FCR, src_shape: (80, 80, 56), dst_order: FCR, dst_shape: (80, 80, 51))
[2025-09-11 15:43:39.630] [4806] [HailoRT] [info] [edge_elements.cpp:187] [create] Created (LastAsyncEl0PostInferEl7AsyncHwEl)
[2025-09-11 15:43:39.630] [4806] [HailoRT] [info] [pipeline.cpp:891] [print_deep_description] EntryPushQEl0yolov8m_pose/input_layer1 | inputs: user | outputs: PreInferEl1yolov8m_pose/input_layer1(running in thread_id: 4829)
[2025-09-11 15:43:39.630] [4806] [HailoRT] [info] [pipeline.cpp:891] [print_deep_description] PreInferEl1yolov8m_pose/input_layer1 | inputs: EntryPushQEl0yolov8m_pose/input_layer1[0] | outputs: PushQEl1yolov8m_pose/input_layer1
[2025-09-11 15:43:39.630] [4806] [HailoRT] [info] [pipeline.cpp:891] [print_deep_description] PushQEl1yolov8m_pose/input_layer1 | inputs: PreInferEl1yolov8m_pose/input_layer1[0] | outputs: AsyncHwEl(running in thread_id: 4830)
[2025-09-11 15:43:39.630] [4806] [HailoRT] [info] [pipeline.cpp:891] [print_deep_description] AsyncHwEl | inputs: PushQEl1yolov8m_pose/input_layer1[0] | outputs: LastAsyncEl0AsyncHwEl LastAsyncEl1AsyncHwEl PushQEl2AsyncHwEl LastAsyncEl3AsyncHwEl LastAsyncEl4AsyncHwEl PushQEl5AsyncHwEl LastAsyncEl6AsyncHwEl PushQEl7AsyncHwEl LastAsyncEl8AsyncHwEl
[2025-09-11 15:43:39.630] [4806] [HailoRT] [info] [pipeline.cpp:891] [print_deep_description] LastAsyncEl0AsyncHwEl | inputs: AsyncHwEl[0] | outputs: user
[2025-09-11 15:43:39.630] [4806] [HailoRT] [info] [pipeline.cpp:891] [print_deep_description] LastAsyncEl1AsyncHwEl | inputs: AsyncHwEl[0] | outputs: user
[2025-09-11 15:43:39.630] [4806] [HailoRT] [info] [pipeline.cpp:891] [print_deep_description] PushQEl2AsyncHwEl | inputs: AsyncHwEl[0] | outputs: PostInferEl2AsyncHwEl(running in thread_id: 4832)
[2025-09-11 15:43:39.630] [4806] [HailoRT] [info] [pipeline.cpp:891] [print_deep_description] PostInferEl2AsyncHwEl | inputs: PushQEl2AsyncHwEl[0] | outputs: LastAsyncEl0PostInferEl2AsyncHwEl
[2025-09-11 15:43:39.630] [4806] [HailoRT] [info] [pipeline.cpp:891] [print_deep_description] LastAsyncEl0PostInferEl2AsyncHwEl | inputs: PostInferEl2AsyncHwEl[0] | outputs: user
[2025-09-11 15:43:39.630] [4806] [HailoRT] [info] [pipeline.cpp:891] [print_deep_description] LastAsyncEl3AsyncHwEl | inputs: AsyncHwEl[0] | outputs: user
[2025-09-11 15:43:39.630] [4806] [HailoRT] [info] [pipeline.cpp:891] [print_deep_description] LastAsyncEl4AsyncHwEl | inputs: AsyncHwEl[0] | outputs: user
[2025-09-11 15:43:39.630] [4806] [HailoRT] [info] [pipeline.cpp:891] [print_deep_description] PushQEl5AsyncHwEl | inputs: AsyncHwEl[0] | outputs: PostInferEl5AsyncHwEl(running in thread_id: 4831)
[2025-09-11 15:43:39.630] [4806] [HailoRT] [info] [pipeline.cpp:891] [print_deep_description] PostInferEl5AsyncHwEl | inputs: PushQEl5AsyncHwEl[0] | outputs: LastAsyncEl0PostInferEl5AsyncHwEl
[2025-09-11 15:43:39.630] [4806] [HailoRT] [info] [pipeline.cpp:891] [print_deep_description] LastAsyncEl0PostInferEl5AsyncHwEl | inputs: PostInferEl5AsyncHwEl[0] | outputs: user
[2025-09-11 15:43:39.630] [4806] [HailoRT] [info] [pipeline.cpp:891] [print_deep_description] LastAsyncEl6AsyncHwEl | inputs: AsyncHwEl[0] | outputs: user
[2025-09-11 15:43:39.630] [4806] [HailoRT] [info] [pipeline.cpp:891] [print_deep_description] PushQEl7AsyncHwEl | inputs: AsyncHwEl[0] | outputs: PostInferEl7AsyncHwEl(running in thread_id: 4833)
[2025-09-11 15:43:39.630] [4806] [HailoRT] [info] [pipeline.cpp:891] [print_deep_description] PostInferEl7AsyncHwEl | inputs: PushQEl7AsyncHwEl[0] | outputs: LastAsyncEl0PostInferEl7AsyncHwEl
[2025-09-11 15:43:39.630] [4806] [HailoRT] [info] [pipeline.cpp:891] [print_deep_description] LastAsyncEl0PostInferEl7AsyncHwEl | inputs: PostInferEl7AsyncHwEl[0] | outputs: user
[2025-09-11 15:43:39.630] [4806] [HailoRT] [info] [pipeline.cpp:891] [print_deep_description] LastAsyncEl8AsyncHwEl | inputs: AsyncHwEl[0] | outputs: user
[2025-09-11 15:43:39.635] [4806] [HailoRT] [info] [hef.cpp:1929] [get_network_group_and_network_name] No name was given. Addressing all networks of default network_group: yolov8m_pose
[2025-09-11 15:43:43.162] [4754] [HailoRT] [info] [async_infer_runner.cpp:86] [shutdown] Pipeline was aborted. Shutting it down
[2025-09-11 15:43:43.164] [4754] [HailoRT] [info] [queue_elements.cpp:570] [execute_deactivate] enqueue() in element PushQEl2AsyncHwEl was aborted, got status = HAILO_SHUTDOWN_EVENT_SIGNALED(57)
[2025-09-11 15:43:43.164] [4754] [HailoRT] [info] [queue_elements.cpp:570] [execute_deactivate] enqueue() in element PushQEl5AsyncHwEl was aborted, got status = HAILO_SHUTDOWN_EVENT_SIGNALED(57)
[2025-09-11 15:43:43.164] [4754] [HailoRT] [info] [queue_elements.cpp:570] [execute_deactivate] enqueue() in element PushQEl7AsyncHwEl was aborted, got status = HAILO_SHUTDOWN_EVENT_SIGNALED(57)
[2025-09-11 15:43:43.164] [4754] [HailoRT] [info] [queue_elements.cpp:570] [execute_deactivate] enqueue() in element PushQEl1yolov8m_pose/input_layer1 was aborted, got status = HAILO_SHUTDOWN_EVENT_SIGNALED(57)
[2025-09-11 15:43:43.164] [4754] [HailoRT] [info] [queue_elements.cpp:570] [execute_deactivate] enqueue() in element EntryPushQEl0yolov8m_pose/input_layer1 was aborted, got status = HAILO_SHUTDOWN_EVENT_SIGNALED(57)
[2025-09-11 15:43:43.164] [4754] [HailoRT] [info] [queue_elements.cpp:46] [~BaseQueueElement] Queue element EntryPushQEl0yolov8m_pose/input_layer1 has 0 frames in his Queue on destruction
[2025-09-11 15:43:43.164] [4754] [HailoRT] [info] [queue_elements.cpp:46] [~BaseQueueElement] Queue element PushQEl1yolov8m_pose/input_layer1 has 0 frames in his Queue on destruction
[2025-09-11 15:43:43.164] [4754] [HailoRT] [info] [queue_elements.cpp:46] [~BaseQueueElement] Queue element PushQEl5AsyncHwEl has 0 frames in his Queue on destruction
[2025-09-11 15:43:43.164] [4754] [HailoRT] [info] [queue_elements.cpp:46] [~BaseQueueElement] Queue element PushQEl2AsyncHwEl has 0 frames in his Queue on destruction
[2025-09-11 15:43:43.165] [4754] [HailoRT] [info] [queue_elements.cpp:46] [~BaseQueueElement] Queue element PushQEl7AsyncHwEl has 0 frames in his Queue on destruction
[2025-09-11 15:51:42.924] [4872] [HailoRT] [info] [device.cpp:49] [Device] OS Version: Linux 6.12.34+rpt-rpi-2712 #1 SMP PREEMPT Debian 1:6.12.34-1+rpt1~bookworm (2025-06-26) aarch64
[2025-09-11 15:51:42.925] [4872] [HailoRT] [info] [control.cpp:108] [control__parse_identify_results] firmware_version is: 4.20.0
[2025-09-11 15:51:42.926] [4872] [HailoRT] [info] [control.cpp:108] [control__parse_identify_results] firmware_version is: 4.20.0
[2025-09-11 15:51:42.985] [4880] [HailoRT] [info] [device.cpp:49] [Device] OS Version: Linux 6.12.34+rpt-rpi-2712 #1 SMP PREEMPT Debian 1:6.12.34-1+rpt1~bookworm (2025-06-26) aarch64
[2025-09-11 15:51:42.986] [4880] [HailoRT] [info] [control.cpp:108] [control__parse_identify_results] firmware_version is: 4.20.0
[2025-09-11 15:51:42.989] [4880] [HailoRT] [info] [control.cpp:108] [control__parse_identify_results] firmware_version is: 4.20.0
[2025-09-11 15:51:43.069] [4888] [HailoRT] [info] [device.cpp:49] [Device] OS Version: Linux 6.12.34+rpt-rpi-2712 #1 SMP PREEMPT Debian 1:6.12.34-1+rpt1~bookworm (2025-06-26) aarch64
[2025-09-11 15:51:43.071] [4888] [HailoRT] [info] [control.cpp:108] [control__parse_identify_results] firmware_version is: 4.20.0
[2025-09-11 15:51:43.072] [4888] [HailoRT] [info] [control.cpp:108] [control__parse_identify_results] firmware_version is: 4.20.0
[2025-09-11 15:51:43.149] [4861] [HailoRT] [info] [vdevice.cpp:523] [create] Creating vdevice with params: device_count: 1, scheduling_algorithm: ROUND_ROBIN, multi_process_service: false
[2025-09-11 15:51:43.161] [4861] [HailoRT] [info] [device.cpp:49] [Device] OS Version: Linux 6.12.34+rpt-rpi-2712 #1 SMP PREEMPT Debian 1:6.12.34-1+rpt1~bookworm (2025-06-26) aarch64
[2025-09-11 15:51:43.163] [4861] [HailoRT] [info] [control.cpp:108] [control__parse_identify_results] firmware_version is: 4.20.0
[2025-09-11 15:51:43.163] [4861] [HailoRT] [info] [vdevice.cpp:651] [create] VDevice Infos: 0001:01:00.0
[2025-09-11 15:51:43.264] [4861] [HailoRT] [info] [hef.cpp:1929] [get_network_group_and_network_name] No name was given. Addressing all networks of default network_group: yolov8m_pose
[2025-09-11 15:51:43.264] [4861] [HailoRT] [info] [hef.cpp:1929] [get_network_group_and_network_name] No name was given. Addressing all networks of default network_group: yolov8m_pose
[2025-09-11 15:51:43.424] [4913] [HailoRT] [info] [internal_buffer_manager.cpp:204] [print_execution_results] Planned internal buffer memory: CMA memory 0, user memory 7300608. memory to edge layer usage factor is 1
[2025-09-11 15:51:43.424] [4913] [HailoRT] [info] [internal_buffer_manager.cpp:212] [print_execution_results] Default Internal buffer planner executed successfully
[2025-09-11 15:51:43.510] [4913] [HailoRT] [info] [device_internal.cpp:57] [configure] Configuring HEF took 96.645423 milliseconds
[2025-09-11 15:51:43.511] [4913] [HailoRT] [info] [vdevice.cpp:749] [configure] Configuring HEF on VDevice took 97.353152 milliseconds
[2025-09-11 15:51:43.511] [4913] [HailoRT] [info] [infer_model.cpp:436] [configure] Configuring network group 'yolov8m_pose' with params: batch size: 2, power mode: PERFORMANCE, latency: NONE
[2025-09-11 15:51:43.511] [4913] [HailoRT] [info] [multi_io_elements.cpp:756] [create] Created (AsyncHwEl)
[2025-09-11 15:51:43.511] [4913] [HailoRT] [info] [queue_elements.cpp:450] [create] Created (EntryPushQEl0yolov8m_pose/input_layer1 | timeout: 10s)
[2025-09-11 15:51:43.511] [4913] [HailoRT] [info] [filter_elements.cpp:101] [create] Created (PreInferEl1yolov8m_pose/input_layer1 | Reorder - src_order: RGB4, src_shape: (640, 640, 3), dst_order: NHWC, dst_shape: (640, 640, 3))
[2025-09-11 15:51:43.511] [4913] [HailoRT] [info] [queue_elements.cpp:450] [create] Created (PushQEl1yolov8m_pose/input_layer1 | timeout: 10s)
[2025-09-11 15:51:43.511] [4913] [HailoRT] [info] [edge_elements.cpp:187] [create] Created (LastAsyncEl4AsyncHwEl)
[2025-09-11 15:51:43.512] [4913] [HailoRT] [info] [queue_elements.cpp:450] [create] Created (PushQEl5AsyncHwEl | timeout: 10s)
[2025-09-11 15:51:43.512] [4913] [HailoRT] [info] [filter_elements.cpp:375] [create] Created (PostInferEl5AsyncHwEl | Reorder - src_order: FCR, src_shape: (40, 40, 56), dst_order: FCR, dst_shape: (40, 40, 51))
[2025-09-11 15:51:43.512] [4913] [HailoRT] [info] [edge_elements.cpp:187] [create] Created (LastAsyncEl0PostInferEl5AsyncHwEl)
[2025-09-11 15:51:43.512] [4913] [HailoRT] [info] [edge_elements.cpp:187] [create] Created (LastAsyncEl1AsyncHwEl)
[2025-09-11 15:51:43.512] [4913] [HailoRT] [info] [queue_elements.cpp:450] [create] Created (PushQEl2AsyncHwEl | timeout: 10s)
[2025-09-11 15:51:43.512] [4913] [HailoRT] [info] [filter_elements.cpp:375] [create] Created (PostInferEl2AsyncHwEl | Reorder - src_order: FCR, src_shape: (20, 20, 56), dst_order: FCR, dst_shape: (20, 20, 51))
[2025-09-11 15:51:43.512] [4913] [HailoRT] [info] [edge_elements.cpp:187] [create] Created (LastAsyncEl0PostInferEl2AsyncHwEl)
[2025-09-11 15:51:43.512] [4913] [HailoRT] [info] [edge_elements.cpp:187] [create] Created (LastAsyncEl3AsyncHwEl)
[2025-09-11 15:51:43.512] [4913] [HailoRT] [info] [edge_elements.cpp:187] [create] Created (LastAsyncEl0AsyncHwEl)
[2025-09-11 15:51:43.512] [4913] [HailoRT] [info] [edge_elements.cpp:187] [create] Created (LastAsyncEl8AsyncHwEl)
[2025-09-11 15:51:43.512] [4913] [HailoRT] [info] [edge_elements.cpp:187] [create] Created (LastAsyncEl6AsyncHwEl)
[2025-09-11 15:51:43.512] [4913] [HailoRT] [info] [queue_elements.cpp:450] [create] Created (PushQEl7AsyncHwEl | timeout: 10s)
[2025-09-11 15:51:43.512] [4913] [HailoRT] [info] [filter_elements.cpp:375] [create] Created (PostInferEl7AsyncHwEl | Reorder - src_order: FCR, src_shape: (80, 80, 56), dst_order: FCR, dst_shape: (80, 80, 51))
[2025-09-11 15:51:43.512] [4913] [HailoRT] [info] [edge_elements.cpp:187] [create] Created (LastAsyncEl0PostInferEl7AsyncHwEl)
[2025-09-11 15:51:43.512] [4913] [HailoRT] [info] [pipeline.cpp:891] [print_deep_description] EntryPushQEl0yolov8m_pose/input_layer1 | inputs: user | outputs: PreInferEl1yolov8m_pose/input_layer1(running in thread_id: 4935)
[2025-09-11 15:51:43.512] [4913] [HailoRT] [info] [pipeline.cpp:891] [print_deep_description] PreInferEl1yolov8m_pose/input_layer1 | inputs: EntryPushQEl0yolov8m_pose/input_layer1[0] | outputs: PushQEl1yolov8m_pose/input_layer1
[2025-09-11 15:51:43.512] [4913] [HailoRT] [info] [pipeline.cpp:891] [print_deep_description] PushQEl1yolov8m_pose/input_layer1 | inputs: PreInferEl1yolov8m_pose/input_layer1[0] | outputs: AsyncHwEl(running in thread_id: 4936)
[2025-09-11 15:51:43.512] [4913] [HailoRT] [info] [pipeline.cpp:891] [print_deep_description] AsyncHwEl | inputs: PushQEl1yolov8m_pose/input_layer1[0] | outputs: LastAsyncEl0AsyncHwEl LastAsyncEl1AsyncHwEl PushQEl2AsyncHwEl LastAsyncEl3AsyncHwEl LastAsyncEl4AsyncHwEl PushQEl5AsyncHwEl LastAsyncEl6AsyncHwEl PushQEl7AsyncHwEl LastAsyncEl8AsyncHwEl
[2025-09-11 15:51:43.512] [4913] [HailoRT] [info] [pipeline.cpp:891] [print_deep_description] LastAsyncEl0AsyncHwEl | inputs: AsyncHwEl[0] | outputs: user
[2025-09-11 15:51:43.512] [4913] [HailoRT] [info] [pipeline.cpp:891] [print_deep_description] LastAsyncEl1AsyncHwEl | inputs: AsyncHwEl[0] | outputs: user
[2025-09-11 15:51:43.512] [4913] [HailoRT] [info] [pipeline.cpp:891] [print_deep_description] PushQEl2AsyncHwEl | inputs: AsyncHwEl[0] | outputs: PostInferEl2AsyncHwEl(running in thread_id: 4938)
[2025-09-11 15:51:43.512] [4913] [HailoRT] [info] [pipeline.cpp:891] [print_deep_description] PostInferEl2AsyncHwEl | inputs: PushQEl2AsyncHwEl[0] | outputs: LastAsyncEl0PostInferEl2AsyncHwEl
[2025-09-11 15:51:43.512] [4913] [HailoRT] [info] [pipeline.cpp:891] [print_deep_description] LastAsyncEl0PostInferEl2AsyncHwEl | inputs: PostInferEl2AsyncHwEl[0] | outputs: user
[2025-09-11 15:51:43.512] [4913] [HailoRT] [info] [pipeline.cpp:891] [print_deep_description] LastAsyncEl3AsyncHwEl | inputs: AsyncHwEl[0] | outputs: user
[2025-09-11 15:51:43.512] [4913] [HailoRT] [info] [pipeline.cpp:891] [print_deep_description] LastAsyncEl4AsyncHwEl | inputs: AsyncHwEl[0] | outputs: user
[2025-09-11 15:51:43.512] [4913] [HailoRT] [info] [pipeline.cpp:891] [print_deep_description] PushQEl5AsyncHwEl | inputs: AsyncHwEl[0] | outputs: PostInferEl5AsyncHwEl(running in thread_id: 4937)
[2025-09-11 15:51:43.512] [4913] [HailoRT] [info] [pipeline.cpp:891] [print_deep_description] PostInferEl5AsyncHwEl | inputs: PushQEl5AsyncHwEl[0] | outputs: LastAsyncEl0PostInferEl5AsyncHwEl
[2025-09-11 15:51:43.512] [4913] [HailoRT] [info] [pipeline.cpp:891] [print_deep_description] LastAsyncEl0PostInferEl5AsyncHwEl | inputs: PostInferEl5AsyncHwEl[0] | outputs: user
[2025-09-11 15:51:43.512] [4913] [HailoRT] [info] [pipeline.cpp:891] [print_deep_description] LastAsyncEl6AsyncHwEl | inputs: AsyncHwEl[0] | outputs: user
[2025-09-11 15:51:43.512] [4913] [HailoRT] [info] [pipeline.cpp:891] [print_deep_description] PushQEl7AsyncHwEl | inputs: AsyncHwEl[0] | outputs: PostInferEl7AsyncHwEl(running in thread_id: 4939)
[2025-09-11 15:51:43.512] [4913] [HailoRT] [info] [pipeline.cpp:891] [print_deep_description] PostInferEl7AsyncHwEl | inputs: PushQEl7AsyncHwEl[0] | outputs: LastAsyncEl0PostInferEl7AsyncHwEl
[2025-09-11 15:51:43.512] [4913] [HailoRT] [info] [pipeline.cpp:891] [print_deep_description] LastAsyncEl0PostInferEl7AsyncHwEl | inputs: PostInferEl7AsyncHwEl[0] | outputs: user
[2025-09-11 15:51:43.512] [4913] [HailoRT] [info] [pipeline.cpp:891] [print_deep_description] LastAsyncEl8AsyncHwEl | inputs: AsyncHwEl[0] | outputs: user
[2025-09-11 15:51:43.519] [4913] [HailoRT] [info] [hef.cpp:1929] [get_network_group_and_network_name] No name was given. Addressing all networks of default network_group: yolov8m_pose
[2025-09-11 15:51:50.976] [4861] [HailoRT] [info] [async_infer_runner.cpp:86] [shutdown] Pipeline was aborted. Shutting it down
[2025-09-11 15:51:50.978] [4861] [HailoRT] [info] [queue_elements.cpp:570] [execute_deactivate] enqueue() in element PushQEl2AsyncHwEl was aborted, got status = HAILO_SHUTDOWN_EVENT_SIGNALED(57)
[2025-09-11 15:51:50.978] [4861] [HailoRT] [info] [queue_elements.cpp:570] [execute_deactivate] enqueue() in element PushQEl5AsyncHwEl was aborted, got status = HAILO_SHUTDOWN_EVENT_SIGNALED(57)
[2025-09-11 15:51:50.978] [4861] [HailoRT] [info] [queue_elements.cpp:570] [execute_deactivate] enqueue() in element PushQEl7AsyncHwEl was aborted, got status = HAILO_SHUTDOWN_EVENT_SIGNALED(57)
[2025-09-11 15:51:50.978] [4861] [HailoRT] [info] [queue_elements.cpp:570] [execute_deactivate] enqueue() in element PushQEl1yolov8m_pose/input_layer1 was aborted, got status = HAILO_SHUTDOWN_EVENT_SIGNALED(57)
[2025-09-11 15:51:50.978] [4861] [HailoRT] [info] [queue_elements.cpp:570] [execute_deactivate] enqueue() in element EntryPushQEl0yolov8m_pose/input_layer1 was aborted, got status = HAILO_SHUTDOWN_EVENT_SIGNALED(57)
[2025-09-11 15:51:50.978] [4861] [HailoRT] [info] [queue_elements.cpp:46] [~BaseQueueElement] Queue element EntryPushQEl0yolov8m_pose/input_layer1 has 0 frames in his Queue on destruction
[2025-09-11 15:51:50.978] [4861] [HailoRT] [info] [queue_elements.cpp:46] [~BaseQueueElement] Queue element PushQEl1yolov8m_pose/input_layer1 has 0 frames in his Queue on destruction
[2025-09-11 15:51:50.980] [4861] [HailoRT] [info] [queue_elements.cpp:46] [~BaseQueueElement] Queue element PushQEl5AsyncHwEl has 0 frames in his Queue on destruction
[2025-09-11 15:51:50.980] [4861] [HailoRT] [info] [queue_elements.cpp:46] [~BaseQueueElement] Queue element PushQEl2AsyncHwEl has 0 frames in his Queue on destruction
[2025-09-11 15:51:50.980] [4861] [HailoRT] [info] [queue_elements.cpp:46] [~BaseQueueElement] Queue element PushQEl7AsyncHwEl has 0 frames in his Queue on destruction
[2025-09-11 15:54:07.152] [4973] [HailoRT] [info] [device.cpp:49] [Device] OS Version: Linux 6.12.34+rpt-rpi-2712 #1 SMP PREEMPT Debian 1:6.12.34-1+rpt1~bookworm (2025-06-26) aarch64
[2025-09-11 15:54:07.153] [4973] [HailoRT] [info] [control.cpp:108] [control__parse_identify_results] firmware_version is: 4.20.0
[2025-09-11 15:54:07.154] [4973] [HailoRT] [info] [control.cpp:108] [control__parse_identify_results] firmware_version is: 4.20.0
[2025-09-11 15:54:07.209] [4981] [HailoRT] [info] [device.cpp:49] [Device] OS Version: Linux 6.12.34+rpt-rpi-2712 #1 SMP PREEMPT Debian 1:6.12.34-1+rpt1~bookworm (2025-06-26) aarch64
[2025-09-11 15:54:07.210] [4981] [HailoRT] [info] [control.cpp:108] [control__parse_identify_results] firmware_version is: 4.20.0
[2025-09-11 15:54:07.211] [4981] [HailoRT] [info] [control.cpp:108] [control__parse_identify_results] firmware_version is: 4.20.0
[2025-09-11 15:54:07.265] [4989] [HailoRT] [info] [device.cpp:49] [Device] OS Version: Linux 6.12.34+rpt-rpi-2712 #1 SMP PREEMPT Debian 1:6.12.34-1+rpt1~bookworm (2025-06-26) aarch64
[2025-09-11 15:54:07.267] [4989] [HailoRT] [info] [control.cpp:108] [control__parse_identify_results] firmware_version is: 4.20.0
[2025-09-11 15:54:07.268] [4989] [HailoRT] [info] [control.cpp:108] [control__parse_identify_results] firmware_version is: 4.20.0
[2025-09-11 15:54:07.355] [4962] [HailoRT] [info] [vdevice.cpp:523] [create] Creating vdevice with params: device_count: 1, scheduling_algorithm: ROUND_ROBIN, multi_process_service: false
[2025-09-11 15:54:07.366] [4962] [HailoRT] [info] [device.cpp:49] [Device] OS Version: Linux 6.12.34+rpt-rpi-2712 #1 SMP PREEMPT Debian 1:6.12.34-1+rpt1~bookworm (2025-06-26) aarch64
[2025-09-11 15:54:07.367] [4962] [HailoRT] [info] [control.cpp:108] [control__parse_identify_results] firmware_version is: 4.20.0
[2025-09-11 15:54:07.367] [4962] [HailoRT] [info] [vdevice.cpp:651] [create] VDevice Infos: 0001:01:00.0
[2025-09-11 15:54:07.472] [4962] [HailoRT] [info] [hef.cpp:1929] [get_network_group_and_network_name] No name was given. Addressing all networks of default network_group: yolov8m_pose
[2025-09-11 15:54:07.472] [4962] [HailoRT] [info] [hef.cpp:1929] [get_network_group_and_network_name] No name was given. Addressing all networks of default network_group: yolov8m_pose
[2025-09-11 15:54:07.639] [5014] [HailoRT] [info] [internal_buffer_manager.cpp:204] [print_execution_results] Planned internal buffer memory: CMA memory 0, user memory 7300608. memory to edge layer usage factor is 1
[2025-09-11 15:54:07.639] [5014] [HailoRT] [info] [internal_buffer_manager.cpp:212] [print_execution_results] Default Internal buffer planner executed successfully
[2025-09-11 15:54:07.714] [5014] [HailoRT] [info] [device_internal.cpp:57] [configure] Configuring HEF took 96.254497 milliseconds
[2025-09-11 15:54:07.714] [5014] [HailoRT] [info] [vdevice.cpp:749] [configure] Configuring HEF on VDevice took 96.708287 milliseconds
[2025-09-11 15:54:07.714] [5014] [HailoRT] [info] [infer_model.cpp:436] [configure] Configuring network group 'yolov8m_pose' with params: batch size: 2, power mode: PERFORMANCE, latency: NONE
[2025-09-11 15:54:07.714] [5014] [HailoRT] [info] [multi_io_elements.cpp:756] [create] Created (AsyncHwEl)
[2025-09-11 15:54:07.714] [5014] [HailoRT] [info] [queue_elements.cpp:450] [create] Created (EntryPushQEl0yolov8m_pose/input_layer1 | timeout: 10s)
[2025-09-11 15:54:07.714] [5014] [HailoRT] [info] [filter_elements.cpp:101] [create] Created (PreInferEl1yolov8m_pose/input_layer1 | Reorder - src_order: RGB4, src_shape: (640, 640, 3), dst_order: NHWC, dst_shape: (640, 640, 3))
[2025-09-11 15:54:07.715] [5014] [HailoRT] [info] [queue_elements.cpp:450] [create] Created (PushQEl1yolov8m_pose/input_layer1 | timeout: 10s)
[2025-09-11 15:54:07.715] [5014] [HailoRT] [info] [edge_elements.cpp:187] [create] Created (LastAsyncEl4AsyncHwEl)
[2025-09-11 15:54:07.715] [5014] [HailoRT] [info] [queue_elements.cpp:450] [create] Created (PushQEl5AsyncHwEl | timeout: 10s)
[2025-09-11 15:54:07.715] [5014] [HailoRT] [info] [filter_elements.cpp:375] [create] Created (PostInferEl5AsyncHwEl | Reorder - src_order: FCR, src_shape: (40, 40, 56), dst_order: FCR, dst_shape: (40, 40, 51))
[2025-09-11 15:54:07.715] [5014] [HailoRT] [info] [edge_elements.cpp:187] [create] Created (LastAsyncEl0PostInferEl5AsyncHwEl)
[2025-09-11 15:54:07.715] [5014] [HailoRT] [info] [edge_elements.cpp:187] [create] Created (LastAsyncEl1AsyncHwEl)
[2025-09-11 15:54:07.715] [5014] [HailoRT] [info] [queue_elements.cpp:450] [create] Created (PushQEl2AsyncHwEl | timeout: 10s)
[2025-09-11 15:54:07.715] [5014] [HailoRT] [info] [filter_elements.cpp:375] [create] Created (PostInferEl2AsyncHwEl | Reorder - src_order: FCR, src_shape: (20, 20, 56), dst_order: FCR, dst_shape: (20, 20, 51))
[2025-09-11 15:54:07.715] [5014] [HailoRT] [info] [edge_elements.cpp:187] [create] Created (LastAsyncEl0PostInferEl2AsyncHwEl)
[2025-09-11 15:54:07.715] [5014] [HailoRT] [info] [edge_elements.cpp:187] [create] Created (LastAsyncEl3AsyncHwEl)
[2025-09-11 15:54:07.715] [5014] [HailoRT] [info] [edge_elements.cpp:187] [create] Created (LastAsyncEl0AsyncHwEl)
[2025-09-11 15:54:07.715] [5014] [HailoRT] [info] [edge_elements.cpp:187] [create] Created (LastAsyncEl8AsyncHwEl)
[2025-09-11 15:54:07.715] [5014] [HailoRT] [info] [edge_elements.cpp:187] [create] Created (LastAsyncEl6AsyncHwEl)
[2025-09-11 15:54:07.715] [5014] [HailoRT] [info] [queue_elements.cpp:450] [create] Created (PushQEl7AsyncHwEl | timeout: 10s)
[2025-09-11 15:54:07.715] [5014] [HailoRT] [info] [filter_elements.cpp:375] [create] Created (PostInferEl7AsyncHwEl | Reorder - src_order: FCR, src_shape: (80, 80, 56), dst_order: FCR, dst_shape: (80, 80, 51))
[2025-09-11 15:54:07.715] [5014] [HailoRT] [info] [edge_elements.cpp:187] [create] Created (LastAsyncEl0PostInferEl7AsyncHwEl)
[2025-09-11 15:54:07.715] [5014] [HailoRT] [info] [pipeline.cpp:891] [print_deep_description] EntryPushQEl0yolov8m_pose/input_layer1 | inputs: user | outputs: PreInferEl1yolov8m_pose/input_layer1(running in thread_id: 5037)
[2025-09-11 15:54:07.715] [5014] [HailoRT] [info] [pipeline.cpp:891] [print_deep_description] PreInferEl1yolov8m_pose/input_layer1 | inputs: EntryPushQEl0yolov8m_pose/input_layer1[0] | outputs: PushQEl1yolov8m_pose/input_layer1
[2025-09-11 15:54:07.715] [5014] [HailoRT] [info] [pipeline.cpp:891] [print_deep_description] PushQEl1yolov8m_pose/input_layer1 | inputs: PreInferEl1yolov8m_pose/input_layer1[0] | outputs: AsyncHwEl(running in thread_id: 5038)
[2025-09-11 15:54:07.715] [5014] [HailoRT] [info] [pipeline.cpp:891] [print_deep_description] AsyncHwEl | inputs: PushQEl1yolov8m_pose/input_layer1[0] | outputs: LastAsyncEl0AsyncHwEl LastAsyncEl1AsyncHwEl PushQEl2AsyncHwEl LastAsyncEl3AsyncHwEl LastAsyncEl4AsyncHwEl PushQEl5AsyncHwEl LastAsyncEl6AsyncHwEl PushQEl7AsyncHwEl LastAsyncEl8AsyncHwEl
[2025-09-11 15:54:07.715] [5014] [HailoRT] [info] [pipeline.cpp:891] [print_deep_description] LastAsyncEl0AsyncHwEl | inputs: AsyncHwEl[0] | outputs: user
[2025-09-11 15:54:07.715] [5014] [HailoRT] [info] [pipeline.cpp:891] [print_deep_description] LastAsyncEl1AsyncHwEl | inputs: AsyncHwEl[0] | outputs: user
[2025-09-11 15:54:07.715] [5014] [HailoRT] [info] [pipeline.cpp:891] [print_deep_description] PushQEl2AsyncHwEl | inputs: AsyncHwEl[0] | outputs: PostInferEl2AsyncHwEl(running in thread_id: 5040)
[2025-09-11 15:54:07.715] [5014] [HailoRT] [info] [pipeline.cpp:891] [print_deep_description] PostInferEl2AsyncHwEl | inputs: PushQEl2AsyncHwEl[0] | outputs: LastAsyncEl0PostInferEl2AsyncHwEl
[2025-09-11 15:54:07.715] [5014] [HailoRT] [info] [pipeline.cpp:891] [print_deep_description] LastAsyncEl0PostInferEl2AsyncHwEl | inputs: PostInferEl2AsyncHwEl[0] | outputs: user
[2025-09-11 15:54:07.715] [5014] [HailoRT] [info] [pipeline.cpp:891] [print_deep_description] LastAsyncEl3AsyncHwEl | inputs: AsyncHwEl[0] | outputs: user
[2025-09-11 15:54:07.715] [5014] [HailoRT] [info] [pipeline.cpp:891] [print_deep_description] LastAsyncEl4AsyncHwEl | inputs: AsyncHwEl[0] | outputs: user
[2025-09-11 15:54:07.715] [5014] [HailoRT] [info] [pipeline.cpp:891] [print_deep_description] PushQEl5AsyncHwEl | inputs: AsyncHwEl[0] | outputs: PostInferEl5AsyncHwEl(running in thread_id: 5039)
[2025-09-11 15:54:07.715] [5014] [HailoRT] [info] [pipeline.cpp:891] [print_deep_description] PostInferEl5AsyncHwEl | inputs: PushQEl5AsyncHwEl[0] | outputs: LastAsyncEl0PostInferEl5AsyncHwEl
[2025-09-11 15:54:07.715] [5014] [HailoRT] [info] [pipeline.cpp:891] [print_deep_description] LastAsyncEl0PostInferEl5AsyncHwEl | inputs: PostInferEl5AsyncHwEl[0] | outputs: user
[2025-09-11 15:54:07.715] [5014] [HailoRT] [info] [pipeline.cpp:891] [print_deep_description] LastAsyncEl6AsyncHwEl | inputs: AsyncHwEl[0] | outputs: user
[2025-09-11 15:54:07.715] [5014] [HailoRT] [info] [pipeline.cpp:891] [print_deep_description] PushQEl7AsyncHwEl | inputs: AsyncHwEl[0] | outputs: PostInferEl7AsyncHwEl(running in thread_id: 5041)
[2025-09-11 15:54:07.715] [5014] [HailoRT] [info] [pipeline.cpp:891] [print_deep_description] PostInferEl7AsyncHwEl | inputs: PushQEl7AsyncHwEl[0] | outputs: LastAsyncEl0PostInferEl7AsyncHwEl
[2025-09-11 15:54:07.715] [5014] [HailoRT] [info] [pipeline.cpp:891] [print_deep_description] LastAsyncEl0PostInferEl7AsyncHwEl | inputs: PostInferEl7AsyncHwEl[0] | outputs: user
[2025-09-11 15:54:07.715] [5014] [HailoRT] [info] [pipeline.cpp:891] [print_deep_description] LastAsyncEl8AsyncHwEl | inputs: AsyncHwEl[0] | outputs: user
[2025-09-11 15:54:07.720] [5014] [HailoRT] [info] [hef.cpp:1929] [get_network_group_and_network_name] No name was given. Addressing all networks of default network_group: yolov8m_pose
[2025-09-11 15:54:18.354] [4962] [HailoRT] [info] [async_infer_runner.cpp:86] [shutdown] Pipeline was aborted. Shutting it down
[2025-09-11 15:54:18.355] [4962] [HailoRT] [info] [queue_elements.cpp:570] [execute_deactivate] enqueue() in element PushQEl2AsyncHwEl was aborted, got status = HAILO_SHUTDOWN_EVENT_SIGNALED(57)
[2025-09-11 15:54:18.355] [4962] [HailoRT] [info] [queue_elements.cpp:570] [execute_deactivate] enqueue() in element PushQEl5AsyncHwEl was aborted, got status = HAILO_SHUTDOWN_EVENT_SIGNALED(57)
[2025-09-11 15:54:18.355] [4962] [HailoRT] [info] [queue_elements.cpp:570] [execute_deactivate] enqueue() in element PushQEl7AsyncHwEl was aborted, got status = HAILO_SHUTDOWN_EVENT_SIGNALED(57)
[2025-09-11 15:54:18.355] [4962] [HailoRT] [info] [queue_elements.cpp:570] [execute_deactivate] enqueue() in element PushQEl1yolov8m_pose/input_layer1 was aborted, got status = HAILO_SHUTDOWN_EVENT_SIGNALED(57)
[2025-09-11 15:54:18.355] [4962] [HailoRT] [info] [queue_elements.cpp:570] [execute_deactivate] enqueue() in element EntryPushQEl0yolov8m_pose/input_layer1 was aborted, got status = HAILO_SHUTDOWN_EVENT_SIGNALED(57)
[2025-09-11 15:54:18.355] [4962] [HailoRT] [info] [queue_elements.cpp:46] [~BaseQueueElement] Queue element EntryPushQEl0yolov8m_pose/input_layer1 has 0 frames in his Queue on destruction
[2025-09-11 15:54:18.355] [4962] [HailoRT] [info] [queue_elements.cpp:46] [~BaseQueueElement] Queue element PushQEl1yolov8m_pose/input_layer1 has 0 frames in his Queue on destruction
[2025-09-11 15:54:18.356] [4962] [HailoRT] [info] [queue_elements.cpp:46] [~BaseQueueElement] Queue element PushQEl5AsyncHwEl has 0 frames in his Queue on destruction
[2025-09-11 15:54:18.356] [4962] [HailoRT] [info] [queue_elements.cpp:46] [~BaseQueueElement] Queue element PushQEl2AsyncHwEl has 0 frames in his Queue on destruction
[2025-09-11 15:54:18.357] [4962] [HailoRT] [info] [queue_elements.cpp:46] [~BaseQueueElement] Queue element PushQEl7AsyncHwEl has 0 frames in his Queue on destruction
[2025-09-11 16:09:00.037] [5101] [HailoRT] [info] [device.cpp:49] [Device] OS Version: Linux 6.12.34+rpt-rpi-2712 #1 SMP PREEMPT Debian 1:6.12.34-1+rpt1~bookworm (2025-06-26) aarch64
[2025-09-11 16:09:00.038] [5101] [HailoRT] [info] [control.cpp:108] [control__parse_identify_results] firmware_version is: 4.20.0
[2025-09-11 16:09:00.039] [5101] [HailoRT] [info] [control.cpp:108] [control__parse_identify_results] firmware_version is: 4.20.0
[2025-09-11 16:09:00.089] [5109] [HailoRT] [info] [device.cpp:49] [Device] OS Version: Linux 6.12.34+rpt-rpi-2712 #1 SMP PREEMPT Debian 1:6.12.34-1+rpt1~bookworm (2025-06-26) aarch64
[2025-09-11 16:09:00.090] [5109] [HailoRT] [info] [control.cpp:108] [control__parse_identify_results] firmware_version is: 4.20.0
[2025-09-11 16:09:00.091] [5109] [HailoRT] [info] [control.cpp:108] [control__parse_identify_results] firmware_version is: 4.20.0
[2025-09-11 16:09:00.145] [5117] [HailoRT] [info] [device.cpp:49] [Device] OS Version: Linux 6.12.34+rpt-rpi-2712 #1 SMP PREEMPT Debian 1:6.12.34-1+rpt1~bookworm (2025-06-26) aarch64
[2025-09-11 16:09:00.146] [5117] [HailoRT] [info] [control.cpp:108] [control__parse_identify_results] firmware_version is: 4.20.0
[2025-09-11 16:09:00.147] [5117] [HailoRT] [info] [control.cpp:108] [control__parse_identify_results] firmware_version is: 4.20.0
[2025-09-11 16:09:00.340] [5131] [HailoRT] [info] [device.cpp:49] [Device] OS Version: Linux 6.12.34+rpt-rpi-2712 #1 SMP PREEMPT Debian 1:6.12.34-1+rpt1~bookworm (2025-06-26) aarch64
[2025-09-11 16:09:00.342] [5131] [HailoRT] [info] [control.cpp:108] [control__parse_identify_results] firmware_version is: 4.20.0
[2025-09-11 16:09:00.342] [5131] [HailoRT] [info] [control.cpp:108] [control__parse_identify_results] firmware_version is: 4.20.0
[2025-09-11 16:09:00.370] [5139] [HailoRT] [info] [device.cpp:49] [Device] OS Version: Linux 6.12.34+rpt-rpi-2712 #1 SMP PREEMPT Debian 1:6.12.34-1+rpt1~bookworm (2025-06-26) aarch64
[2025-09-11 16:09:00.371] [5139] [HailoRT] [info] [control.cpp:108] [control__parse_identify_results] firmware_version is: 4.20.0
[2025-09-11 16:09:00.372] [5139] [HailoRT] [info] [control.cpp:108] [control__parse_identify_results] firmware_version is: 4.20.0
[2025-09-11 16:09:00.406] [5147] [HailoRT] [info] [device.cpp:49] [Device] OS Version: Linux 6.12.34+rpt-rpi-2712 #1 SMP PREEMPT Debian 1:6.12.34-1+rpt1~bookworm (2025-06-26) aarch64
[2025-09-11 16:09:00.407] [5147] [HailoRT] [info] [control.cpp:108] [control__parse_identify_results] firmware_version is: 4.20.0
[2025-09-11 16:09:00.408] [5147] [HailoRT] [info] [control.cpp:108] [control__parse_identify_results] firmware_version is: 4.20.0
[2025-09-11 16:09:00.221] [5090] [HailoRT] [info] [vdevice.cpp:523] [create] Creating vdevice with params: device_count: 1, scheduling_algorithm: ROUND_ROBIN, multi_process_service: false
[2025-09-11 16:09:00.233] [5090] [HailoRT] [info] [device.cpp:49] [Device] OS Version: Linux 6.12.34+rpt-rpi-2712 #1 SMP PREEMPT Debian 1:6.12.34-1+rpt1~bookworm (2025-06-26) aarch64
[2025-09-11 16:09:00.234] [5090] [HailoRT] [info] [control.cpp:108] [control__parse_identify_results] firmware_version is: 4.20.0
[2025-09-11 16:09:00.234] [5090] [HailoRT] [info] [vdevice.cpp:651] [create] VDevice Infos: 0001:01:00.0
[2025-09-11 16:09:00.334] [5090] [HailoRT] [info] [hef.cpp:1929] [get_network_group_and_network_name] No name was given. Addressing all networks of default network_group: yolov8m_pose
[2025-09-11 16:09:00.334] [5090] [HailoRT] [info] [hef.cpp:1929] [get_network_group_and_network_name] No name was given. Addressing all networks of default network_group: yolov8m_pose
[2025-09-11 16:09:00.444] [5090] [HailoRT] [info] [vdevice.cpp:523] [create] Creating vdevice with params: device_count: 1, scheduling_algorithm: ROUND_ROBIN, multi_process_service: false
[2025-09-11 16:09:00.544] [5090] [HailoRT] [info] [hef.cpp:1929] [get_network_group_and_network_name] No name was given. Addressing all networks of default network_group: yolov8m_pose
[2025-09-11 16:09:00.544] [5090] [HailoRT] [info] [hef.cpp:1929] [get_network_group_and_network_name] No name was given. Addressing all networks of default network_group: yolov8m_pose
[2025-09-11 16:14:01.296] [5219] [HailoRT] [info] [device.cpp:49] [Device] OS Version: Linux 6.12.34+rpt-rpi-2712 #1 SMP PREEMPT Debian 1:6.12.34-1+rpt1~bookworm (2025-06-26) aarch64
[2025-09-11 16:14:01.297] [5219] [HailoRT] [info] [control.cpp:108] [control__parse_identify_results] firmware_version is: 4.20.0
[2025-09-11 16:14:01.298] [5219] [HailoRT] [info] [control.cpp:108] [control__parse_identify_results] firmware_version is: 4.20.0
[2025-09-11 16:14:01.341] [5227] [HailoRT] [info] [device.cpp:49] [Device] OS Version: Linux 6.12.34+rpt-rpi-2712 #1 SMP PREEMPT Debian 1:6.12.34-1+rpt1~bookworm (2025-06-26) aarch64
[2025-09-11 16:14:01.342] [5227] [HailoRT] [info] [control.cpp:108] [control__parse_identify_results] firmware_version is: 4.20.0
[2025-09-11 16:14:01.343] [5227] [HailoRT] [info] [control.cpp:108] [control__parse_identify_results] firmware_version is: 4.20.0
[2025-09-11 16:14:01.381] [5235] [HailoRT] [info] [device.cpp:49] [Device] OS Version: Linux 6.12.34+rpt-rpi-2712 #1 SMP PREEMPT Debian 1:6.12.34-1+rpt1~bookworm (2025-06-26) aarch64
[2025-09-11 16:14:01.382] [5235] [HailoRT] [info] [control.cpp:108] [control__parse_identify_results] firmware_version is: 4.20.0
[2025-09-11 16:14:01.383] [5235] [HailoRT] [info] [control.cpp:108] [control__parse_identify_results] firmware_version is: 4.20.0
[2025-09-11 16:14:01.568] [5249] [HailoRT] [info] [device.cpp:49] [Device] OS Version: Linux 6.12.34+rpt-rpi-2712 #1 SMP PREEMPT Debian 1:6.12.34-1+rpt1~bookworm (2025-06-26) aarch64
[2025-09-11 16:14:01.569] [5249] [HailoRT] [info] [control.cpp:108] [control__parse_identify_results] firmware_version is: 4.20.0
[2025-09-11 16:14:01.570] [5249] [HailoRT] [info] [control.cpp:108] [control__parse_identify_results] firmware_version is: 4.20.0
[2025-09-11 16:14:01.594] [5257] [HailoRT] [info] [device.cpp:49] [Device] OS Version: Linux 6.12.34+rpt-rpi-2712 #1 SMP PREEMPT Debian 1:6.12.34-1+rpt1~bookworm (2025-06-26) aarch64
[2025-09-11 16:14:01.595] [5257] [HailoRT] [info] [control.cpp:108] [control__parse_identify_results] firmware_version is: 4.20.0
[2025-09-11 16:14:01.596] [5257] [HailoRT] [info] [control.cpp:108] [control__parse_identify_results] firmware_version is: 4.20.0
[2025-09-11 16:14:01.614] [5265] [HailoRT] [info] [device.cpp:49] [Device] OS Version: Linux 6.12.34+rpt-rpi-2712 #1 SMP PREEMPT Debian 1:6.12.34-1+rpt1~bookworm (2025-06-26) aarch64
[2025-09-11 16:14:01.615] [5265] [HailoRT] [info] [control.cpp:108] [control__parse_identify_results] firmware_version is: 4.20.0
[2025-09-11 16:14:01.616] [5265] [HailoRT] [info] [control.cpp:108] [control__parse_identify_results] firmware_version is: 4.20.0
[2025-09-11 16:14:01.448] [5208] [HailoRT] [info] [vdevice.cpp:523] [create] Creating vdevice with params: device_count: 1, scheduling_algorithm: ROUND_ROBIN, multi_process_service: false
[2025-09-11 16:14:01.461] [5208] [HailoRT] [info] [device.cpp:49] [Device] OS Version: Linux 6.12.34+rpt-rpi-2712 #1 SMP PREEMPT Debian 1:6.12.34-1+rpt1~bookworm (2025-06-26) aarch64
[2025-09-11 16:14:01.462] [5208] [HailoRT] [info] [control.cpp:108] [control__parse_identify_results] firmware_version is: 4.20.0
[2025-09-11 16:14:01.462] [5208] [HailoRT] [info] [vdevice.cpp:651] [create] VDevice Infos: 0001:01:00.0
[2025-09-11 16:14:01.561] [5208] [HailoRT] [info] [hef.cpp:1929] [get_network_group_and_network_name] No name was given. Addressing all networks of default network_group: yolov8m_pose
[2025-09-11 16:14:01.561] [5208] [HailoRT] [info] [hef.cpp:1929] [get_network_group_and_network_name] No name was given. Addressing all networks of default network_group: yolov8m_pose
[2025-09-11 16:14:01.640] [5208] [HailoRT] [info] [vdevice.cpp:523] [create] Creating vdevice with params: device_count: 1, scheduling_algorithm: ROUND_ROBIN, multi_process_service: false
[2025-09-11 16:14:01.740] [5208] [HailoRT] [info] [hef.cpp:1929] [get_network_group_and_network_name] No name was given. Addressing all networks of default network_group: yolov8m_pose
[2025-09-11 16:14:01.740] [5208] [HailoRT] [info] [hef.cpp:1929] [get_network_group_and_network_name] No name was given. Addressing all networks of default network_group: yolov8m_pose
[2025-09-11 16:16:57.604] [5296] [HailoRT] [info] [device.cpp:49] [Device] OS Version: Linux 6.12.34+rpt-rpi-2712 #1 SMP PREEMPT Debian 1:6.12.34-1+rpt1~bookworm (2025-06-26) aarch64
[2025-09-11 16:16:57.605] [5296] [HailoRT] [info] [control.cpp:108] [control__parse_identify_results] firmware_version is: 4.20.0
[2025-09-11 16:16:57.606] [5296] [HailoRT] [info] [control.cpp:108] [control__parse_identify_results] firmware_version is: 4.20.0
[2025-09-11 16:16:57.653] [5304] [HailoRT] [info] [device.cpp:49] [Device] OS Version: Linux 6.12.34+rpt-rpi-2712 #1 SMP PREEMPT Debian 1:6.12.34-1+rpt1~bookworm (2025-06-26) aarch64
[2025-09-11 16:16:57.654] [5304] [HailoRT] [info] [control.cpp:108] [control__parse_identify_results] firmware_version is: 4.20.0
[2025-09-11 16:16:57.655] [5304] [HailoRT] [info] [control.cpp:108] [control__parse_identify_results] firmware_version is: 4.20.0
[2025-09-11 16:16:57.697] [5312] [HailoRT] [info] [device.cpp:49] [Device] OS Version: Linux 6.12.34+rpt-rpi-2712 #1 SMP PREEMPT Debian 1:6.12.34-1+rpt1~bookworm (2025-06-26) aarch64
[2025-09-11 16:16:57.698] [5312] [HailoRT] [info] [control.cpp:108] [control__parse_identify_results] firmware_version is: 4.20.0
[2025-09-11 16:16:57.699] [5312] [HailoRT] [info] [control.cpp:108] [control__parse_identify_results] firmware_version is: 4.20.0
[2025-09-11 16:16:57.772] [5285] [HailoRT] [info] [vdevice.cpp:523] [create] Creating vdevice with params: device_count: 1, scheduling_algorithm: ROUND_ROBIN, multi_process_service: false
[2025-09-11 16:16:57.785] [5285] [HailoRT] [info] [device.cpp:49] [Device] OS Version: Linux 6.12.34+rpt-rpi-2712 #1 SMP PREEMPT Debian 1:6.12.34-1+rpt1~bookworm (2025-06-26) aarch64
[2025-09-11 16:16:57.786] [5285] [HailoRT] [info] [control.cpp:108] [control__parse_identify_results] firmware_version is: 4.20.0
[2025-09-11 16:16:57.786] [5285] [HailoRT] [info] [vdevice.cpp:651] [create] VDevice Infos: 0001:01:00.0
[2025-09-11 16:16:57.885] [5285] [HailoRT] [info] [hef.cpp:1929] [get_network_group_and_network_name] No name was given. Addressing all networks of default network_group: yolov8m_pose
[2025-09-11 16:16:57.885] [5285] [HailoRT] [info] [hef.cpp:1929] [get_network_group_and_network_name] No name was given. Addressing all networks of default network_group: yolov8m_pose
[2025-09-11 16:16:58.123] [5337] [HailoRT] [info] [internal_buffer_manager.cpp:204] [print_execution_results] Planned internal buffer memory: CMA memory 0, user memory 7300608. memory to edge layer usage factor is 1
[2025-09-11 16:16:58.123] [5337] [HailoRT] [info] [internal_buffer_manager.cpp:212] [print_execution_results] Default Internal buffer planner executed successfully
[2025-09-11 16:16:58.204] [5337] [HailoRT] [info] [device_internal.cpp:57] [configure] Configuring HEF took 95.090907 milliseconds
[2025-09-11 16:16:58.204] [5337] [HailoRT] [info] [vdevice.cpp:749] [configure] Configuring HEF on VDevice took 98.391432 milliseconds
[2025-09-11 16:16:58.204] [5337] [HailoRT] [info] [infer_model.cpp:436] [configure] Configuring network group 'yolov8m_pose' with params: batch size: 2, power mode: PERFORMANCE, latency: NONE
[2025-09-11 16:16:58.204] [5337] [HailoRT] [info] [multi_io_elements.cpp:756] [create] Created (AsyncHwEl)
[2025-09-11 16:16:58.204] [5337] [HailoRT] [info] [queue_elements.cpp:450] [create] Created (EntryPushQEl0yolov8m_pose/input_layer1 | timeout: 10s)
[2025-09-11 16:16:58.204] [5337] [HailoRT] [info] [filter_elements.cpp:101] [create] Created (PreInferEl1yolov8m_pose/input_layer1 | Reorder - src_order: RGB4, src_shape: (640, 640, 3), dst_order: NHWC, dst_shape: (640, 640, 3))
[2025-09-11 16:16:58.204] [5337] [HailoRT] [info] [queue_elements.cpp:450] [create] Created (PushQEl1yolov8m_pose/input_layer1 | timeout: 10s)
[2025-09-11 16:16:58.205] [5337] [HailoRT] [info] [edge_elements.cpp:187] [create] Created (LastAsyncEl4AsyncHwEl)
[2025-09-11 16:16:58.205] [5337] [HailoRT] [info] [queue_elements.cpp:450] [create] Created (PushQEl5AsyncHwEl | timeout: 10s)
[2025-09-11 16:16:58.205] [5337] [HailoRT] [info] [filter_elements.cpp:375] [create] Created (PostInferEl5AsyncHwEl | Reorder - src_order: FCR, src_shape: (40, 40, 56), dst_order: FCR, dst_shape: (40, 40, 51))
[2025-09-11 16:16:58.205] [5337] [HailoRT] [info] [edge_elements.cpp:187] [create] Created (LastAsyncEl0PostInferEl5AsyncHwEl)
[2025-09-11 16:16:58.205] [5337] [HailoRT] [info] [edge_elements.cpp:187] [create] Created (LastAsyncEl1AsyncHwEl)
[2025-09-11 16:16:58.205] [5337] [HailoRT] [info] [queue_elements.cpp:450] [create] Created (PushQEl2AsyncHwEl | timeout: 10s)
[2025-09-11 16:16:58.205] [5337] [HailoRT] [info] [filter_elements.cpp:375] [create] Created (PostInferEl2AsyncHwEl | Reorder - src_order: FCR, src_shape: (20, 20, 56), dst_order: FCR, dst_shape: (20, 20, 51))
[2025-09-11 16:16:58.205] [5337] [HailoRT] [info] [edge_elements.cpp:187] [create] Created (LastAsyncEl0PostInferEl2AsyncHwEl)
[2025-09-11 16:16:58.205] [5337] [HailoRT] [info] [edge_elements.cpp:187] [create] Created (LastAsyncEl3AsyncHwEl)
[2025-09-11 16:16:58.205] [5337] [HailoRT] [info] [edge_elements.cpp:187] [create] Created (LastAsyncEl0AsyncHwEl)
[2025-09-11 16:16:58.205] [5337] [HailoRT] [info] [edge_elements.cpp:187] [create] Created (LastAsyncEl8AsyncHwEl)
[2025-09-11 16:16:58.205] [5337] [HailoRT] [info] [edge_elements.cpp:187] [create] Created (LastAsyncEl6AsyncHwEl)
[2025-09-11 16:16:58.205] [5337] [HailoRT] [info] [queue_elements.cpp:450] [create] Created (PushQEl7AsyncHwEl | timeout: 10s)
[2025-09-11 16:16:58.205] [5337] [HailoRT] [info] [filter_elements.cpp:375] [create] Created (PostInferEl7AsyncHwEl | Reorder - src_order: FCR, src_shape: (80, 80, 56), dst_order: FCR, dst_shape: (80, 80, 51))
[2025-09-11 16:16:58.205] [5337] [HailoRT] [info] [edge_elements.cpp:187] [create] Created (LastAsyncEl0PostInferEl7AsyncHwEl)
[2025-09-11 16:16:58.205] [5337] [HailoRT] [info] [pipeline.cpp:891] [print_deep_description] EntryPushQEl0yolov8m_pose/input_layer1 | inputs: user | outputs: PreInferEl1yolov8m_pose/input_layer1(running in thread_id: 5359)
[2025-09-11 16:16:58.205] [5337] [HailoRT] [info] [pipeline.cpp:891] [print_deep_description] PreInferEl1yolov8m_pose/input_layer1 | inputs: EntryPushQEl0yolov8m_pose/input_layer1[0] | outputs: PushQEl1yolov8m_pose/input_layer1
[2025-09-11 16:16:58.205] [5337] [HailoRT] [info] [pipeline.cpp:891] [print_deep_description] PushQEl1yolov8m_pose/input_layer1 | inputs: PreInferEl1yolov8m_pose/input_layer1[0] | outputs: AsyncHwEl(running in thread_id: 5360)
[2025-09-11 16:16:58.205] [5337] [HailoRT] [info] [pipeline.cpp:891] [print_deep_description] AsyncHwEl | inputs: PushQEl1yolov8m_pose/input_layer1[0] | outputs: LastAsyncEl0AsyncHwEl LastAsyncEl1AsyncHwEl PushQEl2AsyncHwEl LastAsyncEl3AsyncHwEl LastAsyncEl4AsyncHwEl PushQEl5AsyncHwEl LastAsyncEl6AsyncHwEl PushQEl7AsyncHwEl LastAsyncEl8AsyncHwEl
[2025-09-11 16:16:58.205] [5337] [HailoRT] [info] [pipeline.cpp:891] [print_deep_description] LastAsyncEl0AsyncHwEl | inputs: AsyncHwEl[0] | outputs: user
[2025-09-11 16:16:58.205] [5337] [HailoRT] [info] [pipeline.cpp:891] [print_deep_description] LastAsyncEl1AsyncHwEl | inputs: AsyncHwEl[0] | outputs: user
[2025-09-11 16:16:58.205] [5337] [HailoRT] [info] [pipeline.cpp:891] [print_deep_description] PushQEl2AsyncHwEl | inputs: AsyncHwEl[0] | outputs: PostInferEl2AsyncHwEl(running in thread_id: 5362)
[2025-09-11 16:16:58.205] [5337] [HailoRT] [info] [pipeline.cpp:891] [print_deep_description] PostInferEl2AsyncHwEl | inputs: PushQEl2AsyncHwEl[0] | outputs: LastAsyncEl0PostInferEl2AsyncHwEl
[2025-09-11 16:16:58.205] [5337] [HailoRT] [info] [pipeline.cpp:891] [print_deep_description] LastAsyncEl0PostInferEl2AsyncHwEl | inputs: PostInferEl2AsyncHwEl[0] | outputs: user
[2025-09-11 16:16:58.205] [5337] [HailoRT] [info] [pipeline.cpp:891] [print_deep_description] LastAsyncEl3AsyncHwEl | inputs: AsyncHwEl[0] | outputs: user
[2025-09-11 16:16:58.205] [5337] [HailoRT] [info] [pipeline.cpp:891] [print_deep_description] LastAsyncEl4AsyncHwEl | inputs: AsyncHwEl[0] | outputs: user
[2025-09-11 16:16:58.205] [5337] [HailoRT] [info] [pipeline.cpp:891] [print_deep_description] PushQEl5AsyncHwEl | inputs: AsyncHwEl[0] | outputs: PostInferEl5AsyncHwEl(running in thread_id: 5361)
[2025-09-11 16:16:58.205] [5337] [HailoRT] [info] [pipeline.cpp:891] [print_deep_description] PostInferEl5AsyncHwEl | inputs: PushQEl5AsyncHwEl[0] | outputs: LastAsyncEl0PostInferEl5AsyncHwEl
[2025-09-11 16:16:58.205] [5337] [HailoRT] [info] [pipeline.cpp:891] [print_deep_description] LastAsyncEl0PostInferEl5AsyncHwEl | inputs: PostInferEl5AsyncHwEl[0] | outputs: user
[2025-09-11 16:16:58.205] [5337] [HailoRT] [info] [pipeline.cpp:891] [print_deep_description] LastAsyncEl6AsyncHwEl | inputs: AsyncHwEl[0] | outputs: user
[2025-09-11 16:16:58.205] [5337] [HailoRT] [info] [pipeline.cpp:891] [print_deep_description] PushQEl7AsyncHwEl | inputs: AsyncHwEl[0] | outputs: PostInferEl7AsyncHwEl(running in thread_id: 5363)
[2025-09-11 16:16:58.205] [5337] [HailoRT] [info] [pipeline.cpp:891] [print_deep_description] PostInferEl7AsyncHwEl | inputs: PushQEl7AsyncHwEl[0] | outputs: LastAsyncEl0PostInferEl7AsyncHwEl
[2025-09-11 16:16:58.205] [5337] [HailoRT] [info] [pipeline.cpp:891] [print_deep_description] LastAsyncEl0PostInferEl7AsyncHwEl | inputs: PostInferEl7AsyncHwEl[0] | outputs: user
[2025-09-11 16:16:58.205] [5337] [HailoRT] [info] [pipeline.cpp:891] [print_deep_description] LastAsyncEl8AsyncHwEl | inputs: AsyncHwEl[0] | outputs: user
[2025-09-11 16:16:58.210] [5337] [HailoRT] [info] [hef.cpp:1929] [get_network_group_and_network_name] No name was given. Addressing all networks of default network_group: yolov8m_pose
[2025-09-11 16:17:00.749] [5285] [HailoRT] [info] [async_infer_runner.cpp:86] [shutdown] Pipeline was aborted. Shutting it down
[2025-09-11 16:17:00.750] [5285] [HailoRT] [info] [queue_elements.cpp:570] [execute_deactivate] enqueue() in element PushQEl2AsyncHwEl was aborted, got status = HAILO_SHUTDOWN_EVENT_SIGNALED(57)
[2025-09-11 16:17:00.750] [5285] [HailoRT] [info] [queue_elements.cpp:570] [execute_deactivate] enqueue() in element PushQEl5AsyncHwEl was aborted, got status = HAILO_SHUTDOWN_EVENT_SIGNALED(57)
[2025-09-11 16:17:00.750] [5285] [HailoRT] [info] [queue_elements.cpp:570] [execute_deactivate] enqueue() in element PushQEl7AsyncHwEl was aborted, got status = HAILO_SHUTDOWN_EVENT_SIGNALED(57)
[2025-09-11 16:17:00.750] [5285] [HailoRT] [info] [queue_elements.cpp:570] [execute_deactivate] enqueue() in element PushQEl1yolov8m_pose/input_layer1 was aborted, got status = HAILO_SHUTDOWN_EVENT_SIGNALED(57)
[2025-09-11 16:17:00.750] [5285] [HailoRT] [info] [queue_elements.cpp:570] [execute_deactivate] enqueue() in element EntryPushQEl0yolov8m_pose/input_layer1 was aborted, got status = HAILO_SHUTDOWN_EVENT_SIGNALED(57)
[2025-09-11 16:17:00.750] [5285] [HailoRT] [info] [queue_elements.cpp:46] [~BaseQueueElement] Queue element EntryPushQEl0yolov8m_pose/input_layer1 has 0 frames in his Queue on destruction
[2025-09-11 16:17:00.750] [5285] [HailoRT] [info] [queue_elements.cpp:46] [~BaseQueueElement] Queue element PushQEl1yolov8m_pose/input_layer1 has 0 frames in his Queue on destruction
[2025-09-11 16:17:00.750] [5285] [HailoRT] [info] [queue_elements.cpp:46] [~BaseQueueElement] Queue element PushQEl5AsyncHwEl has 0 frames in his Queue on destruction
[2025-09-11 16:17:00.751] [5285] [HailoRT] [info] [queue_elements.cpp:46] [~BaseQueueElement] Queue element PushQEl2AsyncHwEl has 0 frames in his Queue on destruction
[2025-09-11 16:17:00.751] [5285] [HailoRT] [info] [queue_elements.cpp:46] [~BaseQueueElement] Queue element PushQEl7AsyncHwEl has 0 frames in his Queue on destruction
[2025-09-11 16:17:21.953] [5391] [HailoRT] [info] [device.cpp:49] [Device] OS Version: Linux 6.12.34+rpt-rpi-2712 #1 SMP PREEMPT Debian 1:6.12.34-1+rpt1~bookworm (2025-06-26) aarch64
[2025-09-11 16:17:21.954] [5391] [HailoRT] [info] [control.cpp:108] [control__parse_identify_results] firmware_version is: 4.20.0
[2025-09-11 16:17:21.955] [5391] [HailoRT] [info] [control.cpp:108] [control__parse_identify_results] firmware_version is: 4.20.0
[2025-09-11 16:17:22.009] [5399] [HailoRT] [info] [device.cpp:49] [Device] OS Version: Linux 6.12.34+rpt-rpi-2712 #1 SMP PREEMPT Debian 1:6.12.34-1+rpt1~bookworm (2025-06-26) aarch64
[2025-09-11 16:17:22.010] [5399] [HailoRT] [info] [control.cpp:108] [control__parse_identify_results] firmware_version is: 4.20.0
[2025-09-11 16:17:22.011] [5399] [HailoRT] [info] [control.cpp:108] [control__parse_identify_results] firmware_version is: 4.20.0
[2025-09-11 16:17:22.061] [5407] [HailoRT] [info] [device.cpp:49] [Device] OS Version: Linux 6.12.34+rpt-rpi-2712 #1 SMP PREEMPT Debian 1:6.12.34-1+rpt1~bookworm (2025-06-26) aarch64
[2025-09-11 16:17:22.062] [5407] [HailoRT] [info] [control.cpp:108] [control__parse_identify_results] firmware_version is: 4.20.0
[2025-09-11 16:17:22.063] [5407] [HailoRT] [info] [control.cpp:108] [control__parse_identify_results] firmware_version is: 4.20.0
[2025-09-11 16:17:22.137] [5380] [HailoRT] [info] [vdevice.cpp:523] [create] Creating vdevice with params: device_count: 1, scheduling_algorithm: ROUND_ROBIN, multi_process_service: false
[2025-09-11 16:17:22.149] [5380] [HailoRT] [info] [device.cpp:49] [Device] OS Version: Linux 6.12.34+rpt-rpi-2712 #1 SMP PREEMPT Debian 1:6.12.34-1+rpt1~bookworm (2025-06-26) aarch64
[2025-09-11 16:17:22.150] [5380] [HailoRT] [info] [control.cpp:108] [control__parse_identify_results] firmware_version is: 4.20.0
[2025-09-11 16:17:22.150] [5380] [HailoRT] [info] [vdevice.cpp:651] [create] VDevice Infos: 0001:01:00.0
[2025-09-11 16:17:22.250] [5380] [HailoRT] [info] [hef.cpp:1929] [get_network_group_and_network_name] No name was given. Addressing all networks of default network_group: yolov8m_pose
[2025-09-11 16:17:22.250] [5380] [HailoRT] [info] [hef.cpp:1929] [get_network_group_and_network_name] No name was given. Addressing all networks of default network_group: yolov8m_pose
[2025-09-11 16:17:22.447] [5432] [HailoRT] [info] [internal_buffer_manager.cpp:204] [print_execution_results] Planned internal buffer memory: CMA memory 0, user memory 7300608. memory to edge layer usage factor is 1
[2025-09-11 16:17:22.447] [5432] [HailoRT] [info] [internal_buffer_manager.cpp:212] [print_execution_results] Default Internal buffer planner executed successfully
[2025-09-11 16:17:22.525] [5432] [HailoRT] [info] [device_internal.cpp:57] [configure] Configuring HEF took 99.43481 milliseconds
[2025-09-11 16:17:22.526] [5432] [HailoRT] [info] [vdevice.cpp:749] [configure] Configuring HEF on VDevice took 101.042173 milliseconds
[2025-09-11 16:17:22.526] [5432] [HailoRT] [info] [infer_model.cpp:436] [configure] Configuring network group 'yolov8m_pose' with params: batch size: 2, power mode: PERFORMANCE, latency: NONE
[2025-09-11 16:17:22.526] [5432] [HailoRT] [info] [multi_io_elements.cpp:756] [create] Created (AsyncHwEl)
[2025-09-11 16:17:22.526] [5432] [HailoRT] [info] [queue_elements.cpp:450] [create] Created (EntryPushQEl0yolov8m_pose/input_layer1 | timeout: 10s)
[2025-09-11 16:17:22.526] [5432] [HailoRT] [info] [filter_elements.cpp:101] [create] Created (PreInferEl1yolov8m_pose/input_layer1 | Reorder - src_order: RGB4, src_shape: (640, 640, 3), dst_order: NHWC, dst_shape: (640, 640, 3))
[2025-09-11 16:17:22.526] [5432] [HailoRT] [info] [queue_elements.cpp:450] [create] Created (PushQEl1yolov8m_pose/input_layer1 | timeout: 10s)
[2025-09-11 16:17:22.526] [5432] [HailoRT] [info] [edge_elements.cpp:187] [create] Created (LastAsyncEl4AsyncHwEl)
[2025-09-11 16:17:22.526] [5432] [HailoRT] [info] [queue_elements.cpp:450] [create] Created (PushQEl5AsyncHwEl | timeout: 10s)
[2025-09-11 16:17:22.526] [5432] [HailoRT] [info] [filter_elements.cpp:375] [create] Created (PostInferEl5AsyncHwEl | Reorder - src_order: FCR, src_shape: (40, 40, 56), dst_order: FCR, dst_shape: (40, 40, 51))
[2025-09-11 16:17:22.526] [5432] [HailoRT] [info] [edge_elements.cpp:187] [create] Created (LastAsyncEl0PostInferEl5AsyncHwEl)
[2025-09-11 16:17:22.526] [5432] [HailoRT] [info] [edge_elements.cpp:187] [create] Created (LastAsyncEl1AsyncHwEl)
[2025-09-11 16:17:22.526] [5432] [HailoRT] [info] [queue_elements.cpp:450] [create] Created (PushQEl2AsyncHwEl | timeout: 10s)
[2025-09-11 16:17:22.526] [5432] [HailoRT] [info] [filter_elements.cpp:375] [create] Created (PostInferEl2AsyncHwEl | Reorder - src_order: FCR, src_shape: (20, 20, 56), dst_order: FCR, dst_shape: (20, 20, 51))
[2025-09-11 16:17:22.526] [5432] [HailoRT] [info] [edge_elements.cpp:187] [create] Created (LastAsyncEl0PostInferEl2AsyncHwEl)
[2025-09-11 16:17:22.526] [5432] [HailoRT] [info] [edge_elements.cpp:187] [create] Created (LastAsyncEl3AsyncHwEl)
[2025-09-11 16:17:22.526] [5432] [HailoRT] [info] [edge_elements.cpp:187] [create] Created (LastAsyncEl0AsyncHwEl)
[2025-09-11 16:17:22.526] [5432] [HailoRT] [info] [edge_elements.cpp:187] [create] Created (LastAsyncEl8AsyncHwEl)
[2025-09-11 16:17:22.527] [5432] [HailoRT] [info] [edge_elements.cpp:187] [create] Created (LastAsyncEl6AsyncHwEl)
[2025-09-11 16:17:22.527] [5432] [HailoRT] [info] [queue_elements.cpp:450] [create] Created (PushQEl7AsyncHwEl | timeout: 10s)
[2025-09-11 16:17:22.527] [5432] [HailoRT] [info] [filter_elements.cpp:375] [create] Created (PostInferEl7AsyncHwEl | Reorder - src_order: FCR, src_shape: (80, 80, 56), dst_order: FCR, dst_shape: (80, 80, 51))
[2025-09-11 16:17:22.527] [5432] [HailoRT] [info] [edge_elements.cpp:187] [create] Created (LastAsyncEl0PostInferEl7AsyncHwEl)
[2025-09-11 16:17:22.527] [5432] [HailoRT] [info] [pipeline.cpp:891] [print_deep_description] EntryPushQEl0yolov8m_pose/input_layer1 | inputs: user | outputs: PreInferEl1yolov8m_pose/input_layer1(running in thread_id: 5455)
[2025-09-11 16:17:22.527] [5432] [HailoRT] [info] [pipeline.cpp:891] [print_deep_description] PreInferEl1yolov8m_pose/input_layer1 | inputs: EntryPushQEl0yolov8m_pose/input_layer1[0] | outputs: PushQEl1yolov8m_pose/input_layer1
[2025-09-11 16:17:22.527] [5432] [HailoRT] [info] [pipeline.cpp:891] [print_deep_description] PushQEl1yolov8m_pose/input_layer1 | inputs: PreInferEl1yolov8m_pose/input_layer1[0] | outputs: AsyncHwEl(running in thread_id: 5456)
[2025-09-11 16:17:22.527] [5432] [HailoRT] [info] [pipeline.cpp:891] [print_deep_description] AsyncHwEl | inputs: PushQEl1yolov8m_pose/input_layer1[0] | outputs: LastAsyncEl0AsyncHwEl LastAsyncEl1AsyncHwEl PushQEl2AsyncHwEl LastAsyncEl3AsyncHwEl LastAsyncEl4AsyncHwEl PushQEl5AsyncHwEl LastAsyncEl6AsyncHwEl PushQEl7AsyncHwEl LastAsyncEl8AsyncHwEl
[2025-09-11 16:17:22.527] [5432] [HailoRT] [info] [pipeline.cpp:891] [print_deep_description] LastAsyncEl0AsyncHwEl | inputs: AsyncHwEl[0] | outputs: user
[2025-09-11 16:17:22.527] [5432] [HailoRT] [info] [pipeline.cpp:891] [print_deep_description] LastAsyncEl1AsyncHwEl | inputs: AsyncHwEl[0] | outputs: user
[2025-09-11 16:17:22.527] [5432] [HailoRT] [info] [pipeline.cpp:891] [print_deep_description] PushQEl2AsyncHwEl | inputs: AsyncHwEl[0] | outputs: PostInferEl2AsyncHwEl(running in thread_id: 5458)
[2025-09-11 16:17:22.527] [5432] [HailoRT] [info] [pipeline.cpp:891] [print_deep_description] PostInferEl2AsyncHwEl | inputs: PushQEl2AsyncHwEl[0] | outputs: LastAsyncEl0PostInferEl2AsyncHwEl
[2025-09-11 16:17:22.527] [5432] [HailoRT] [info] [pipeline.cpp:891] [print_deep_description] LastAsyncEl0PostInferEl2AsyncHwEl | inputs: PostInferEl2AsyncHwEl[0] | outputs: user
[2025-09-11 16:17:22.527] [5432] [HailoRT] [info] [pipeline.cpp:891] [print_deep_description] LastAsyncEl3AsyncHwEl | inputs: AsyncHwEl[0] | outputs: user
[2025-09-11 16:17:22.527] [5432] [HailoRT] [info] [pipeline.cpp:891] [print_deep_description] LastAsyncEl4AsyncHwEl | inputs: AsyncHwEl[0] | outputs: user
[2025-09-11 16:17:22.527] [5432] [HailoRT] [info] [pipeline.cpp:891] [print_deep_description] PushQEl5AsyncHwEl | inputs: AsyncHwEl[0] | outputs: PostInferEl5AsyncHwEl(running in thread_id: 5457)
[2025-09-11 16:17:22.527] [5432] [HailoRT] [info] [pipeline.cpp:891] [print_deep_description] PostInferEl5AsyncHwEl | inputs: PushQEl5AsyncHwEl[0] | outputs: LastAsyncEl0PostInferEl5AsyncHwEl
[2025-09-11 16:17:22.527] [5432] [HailoRT] [info] [pipeline.cpp:891] [print_deep_description] LastAsyncEl0PostInferEl5AsyncHwEl | inputs: PostInferEl5AsyncHwEl[0] | outputs: user
[2025-09-11 16:17:22.527] [5432] [HailoRT] [info] [pipeline.cpp:891] [print_deep_description] LastAsyncEl6AsyncHwEl | inputs: AsyncHwEl[0] | outputs: user
[2025-09-11 16:17:22.527] [5432] [HailoRT] [info] [pipeline.cpp:891] [print_deep_description] PushQEl7AsyncHwEl | inputs: AsyncHwEl[0] | outputs: PostInferEl7AsyncHwEl(running in thread_id: 5459)
[2025-09-11 16:17:22.527] [5432] [HailoRT] [info] [pipeline.cpp:891] [print_deep_description] PostInferEl7AsyncHwEl | inputs: PushQEl7AsyncHwEl[0] | outputs: LastAsyncEl0PostInferEl7AsyncHwEl
[2025-09-11 16:17:22.527] [5432] [HailoRT] [info] [pipeline.cpp:891] [print_deep_description] LastAsyncEl0PostInferEl7AsyncHwEl | inputs: PostInferEl7AsyncHwEl[0] | outputs: user
[2025-09-11 16:17:22.527] [5432] [HailoRT] [info] [pipeline.cpp:891] [print_deep_description] LastAsyncEl8AsyncHwEl | inputs: AsyncHwEl[0] | outputs: user
[2025-09-11 16:17:22.532] [5432] [HailoRT] [info] [hef.cpp:1929] [get_network_group_and_network_name] No name was given. Addressing all networks of default network_group: yolov8m_pose
[2025-09-11 16:17:35.847] [5380] [HailoRT] [info] [async_infer_runner.cpp:86] [shutdown] Pipeline was aborted. Shutting it down
[2025-09-11 16:17:35.852] [5380] [HailoRT] [info] [queue_elements.cpp:570] [execute_deactivate] enqueue() in element PushQEl2AsyncHwEl was aborted, got status = HAILO_SHUTDOWN_EVENT_SIGNALED(57)
[2025-09-11 16:17:35.852] [5380] [HailoRT] [info] [queue_elements.cpp:570] [execute_deactivate] enqueue() in element PushQEl5AsyncHwEl was aborted, got status = HAILO_SHUTDOWN_EVENT_SIGNALED(57)
[2025-09-11 16:17:35.852] [5380] [HailoRT] [info] [queue_elements.cpp:570] [execute_deactivate] enqueue() in element PushQEl7AsyncHwEl was aborted, got status = HAILO_SHUTDOWN_EVENT_SIGNALED(57)
[2025-09-11 16:17:35.852] [5380] [HailoRT] [info] [queue_elements.cpp:570] [execute_deactivate] enqueue() in element PushQEl1yolov8m_pose/input_layer1 was aborted, got status = HAILO_SHUTDOWN_EVENT_SIGNALED(57)
[2025-09-11 16:17:35.852] [5380] [HailoRT] [info] [queue_elements.cpp:570] [execute_deactivate] enqueue() in element EntryPushQEl0yolov8m_pose/input_layer1 was aborted, got status = HAILO_SHUTDOWN_EVENT_SIGNALED(57)
[2025-09-11 16:17:35.852] [5380] [HailoRT] [info] [queue_elements.cpp:46] [~BaseQueueElement] Queue element EntryPushQEl0yolov8m_pose/input_layer1 has 0 frames in his Queue on destruction
[2025-09-11 16:17:35.852] [5380] [HailoRT] [info] [queue_elements.cpp:46] [~BaseQueueElement] Queue element PushQEl1yolov8m_pose/input_layer1 has 0 frames in his Queue on destruction
[2025-09-11 16:17:35.854] [5380] [HailoRT] [info] [queue_elements.cpp:46] [~BaseQueueElement] Queue element PushQEl5AsyncHwEl has 0 frames in his Queue on destruction
[2025-09-11 16:17:35.854] [5380] [HailoRT] [info] [queue_elements.cpp:46] [~BaseQueueElement] Queue element PushQEl2AsyncHwEl has 0 frames in his Queue on destruction
[2025-09-11 16:17:35.855] [5380] [HailoRT] [info] [queue_elements.cpp:46] [~BaseQueueElement] Queue element PushQEl7AsyncHwEl has 0 frames in his Queue on destruction
[2025-09-11 16:27:13.297] [5626] [HailoRT] [info] [device.cpp:49] [Device] OS Version: Linux 6.12.34+rpt-rpi-2712 #1 SMP PREEMPT Debian 1:6.12.34-1+rpt1~bookworm (2025-06-26) aarch64
[2025-09-11 16:27:13.298] [5626] [HailoRT] [info] [control.cpp:108] [control__parse_identify_results] firmware_version is: 4.20.0
[2025-09-11 16:27:13.299] [5626] [HailoRT] [info] [control.cpp:108] [control__parse_identify_results] firmware_version is: 4.20.0
[2025-09-11 16:27:13.345] [5634] [HailoRT] [info] [device.cpp:49] [Device] OS Version: Linux 6.12.34+rpt-rpi-2712 #1 SMP PREEMPT Debian 1:6.12.34-1+rpt1~bookworm (2025-06-26) aarch64
[2025-09-11 16:27:13.346] [5634] [HailoRT] [info] [control.cpp:108] [control__parse_identify_results] firmware_version is: 4.20.0
[2025-09-11 16:27:13.347] [5634] [HailoRT] [info] [control.cpp:108] [control__parse_identify_results] firmware_version is: 4.20.0
[2025-09-11 16:27:13.401] [5642] [HailoRT] [info] [device.cpp:49] [Device] OS Version: Linux 6.12.34+rpt-rpi-2712 #1 SMP PREEMPT Debian 1:6.12.34-1+rpt1~bookworm (2025-06-26) aarch64
[2025-09-11 16:27:13.402] [5642] [HailoRT] [info] [control.cpp:108] [control__parse_identify_results] firmware_version is: 4.20.0
[2025-09-11 16:27:13.403] [5642] [HailoRT] [info] [control.cpp:108] [control__parse_identify_results] firmware_version is: 4.20.0
[2025-09-11 16:27:13.468] [5615] [HailoRT] [info] [vdevice.cpp:523] [create] Creating vdevice with params: device_count: 1, scheduling_algorithm: ROUND_ROBIN, multi_process_service: false
[2025-09-11 16:27:13.481] [5615] [HailoRT] [info] [device.cpp:49] [Device] OS Version: Linux 6.12.34+rpt-rpi-2712 #1 SMP PREEMPT Debian 1:6.12.34-1+rpt1~bookworm (2025-06-26) aarch64
[2025-09-11 16:27:13.482] [5615] [HailoRT] [info] [control.cpp:108] [control__parse_identify_results] firmware_version is: 4.20.0
[2025-09-11 16:27:13.482] [5615] [HailoRT] [info] [vdevice.cpp:651] [create] VDevice Infos: 0001:01:00.0
[2025-09-11 16:27:13.581] [5615] [HailoRT] [info] [hef.cpp:1929] [get_network_group_and_network_name] No name was given. Addressing all networks of default network_group: yolov8m_pose
[2025-09-11 16:27:13.581] [5615] [HailoRT] [info] [hef.cpp:1929] [get_network_group_and_network_name] No name was given. Addressing all networks of default network_group: yolov8m_pose
[2025-09-11 16:27:13.770] [5667] [HailoRT] [info] [internal_buffer_manager.cpp:204] [print_execution_results] Planned internal buffer memory: CMA memory 0, user memory 7300608. memory to edge layer usage factor is 1
[2025-09-11 16:27:13.770] [5667] [HailoRT] [info] [internal_buffer_manager.cpp:212] [print_execution_results] Default Internal buffer planner executed successfully
[2025-09-11 16:27:13.852] [5667] [HailoRT] [info] [device_internal.cpp:57] [configure] Configuring HEF took 100.779097 milliseconds
[2025-09-11 16:27:13.852] [5667] [HailoRT] [info] [vdevice.cpp:749] [configure] Configuring HEF on VDevice took 101.618739 milliseconds
[2025-09-11 16:27:13.852] [5667] [HailoRT] [info] [infer_model.cpp:436] [configure] Configuring network group 'yolov8m_pose' with params: batch size: 2, power mode: PERFORMANCE, latency: NONE
[2025-09-11 16:27:13.853] [5667] [HailoRT] [info] [multi_io_elements.cpp:756] [create] Created (AsyncHwEl)
[2025-09-11 16:27:13.853] [5667] [HailoRT] [info] [queue_elements.cpp:450] [create] Created (EntryPushQEl0yolov8m_pose/input_layer1 | timeout: 10s)
[2025-09-11 16:27:13.853] [5667] [HailoRT] [info] [filter_elements.cpp:101] [create] Created (PreInferEl1yolov8m_pose/input_layer1 | Reorder - src_order: RGB4, src_shape: (640, 640, 3), dst_order: NHWC, dst_shape: (640, 640, 3))
[2025-09-11 16:27:13.853] [5667] [HailoRT] [info] [queue_elements.cpp:450] [create] Created (PushQEl1yolov8m_pose/input_layer1 | timeout: 10s)
[2025-09-11 16:27:13.853] [5667] [HailoRT] [info] [edge_elements.cpp:187] [create] Created (LastAsyncEl4AsyncHwEl)
[2025-09-11 16:27:13.853] [5667] [HailoRT] [info] [queue_elements.cpp:450] [create] Created (PushQEl5AsyncHwEl | timeout: 10s)
[2025-09-11 16:27:13.853] [5667] [HailoRT] [info] [filter_elements.cpp:375] [create] Created (PostInferEl5AsyncHwEl | Reorder - src_order: FCR, src_shape: (40, 40, 56), dst_order: FCR, dst_shape: (40, 40, 51))
[2025-09-11 16:27:13.853] [5667] [HailoRT] [info] [edge_elements.cpp:187] [create] Created (LastAsyncEl0PostInferEl5AsyncHwEl)
[2025-09-11 16:27:13.853] [5667] [HailoRT] [info] [edge_elements.cpp:187] [create] Created (LastAsyncEl1AsyncHwEl)
[2025-09-11 16:27:13.853] [5667] [HailoRT] [info] [queue_elements.cpp:450] [create] Created (PushQEl2AsyncHwEl | timeout: 10s)
[2025-09-11 16:27:13.853] [5667] [HailoRT] [info] [filter_elements.cpp:375] [create] Created (PostInferEl2AsyncHwEl | Reorder - src_order: FCR, src_shape: (20, 20, 56), dst_order: FCR, dst_shape: (20, 20, 51))
[2025-09-11 16:27:13.853] [5667] [HailoRT] [info] [edge_elements.cpp:187] [create] Created (LastAsyncEl0PostInferEl2AsyncHwEl)
[2025-09-11 16:27:13.853] [5667] [HailoRT] [info] [edge_elements.cpp:187] [create] Created (LastAsyncEl3AsyncHwEl)
[2025-09-11 16:27:13.853] [5667] [HailoRT] [info] [edge_elements.cpp:187] [create] Created (LastAsyncEl0AsyncHwEl)
[2025-09-11 16:27:13.853] [5667] [HailoRT] [info] [edge_elements.cpp:187] [create] Created (LastAsyncEl8AsyncHwEl)
[2025-09-11 16:27:13.853] [5667] [HailoRT] [info] [edge_elements.cpp:187] [create] Created (LastAsyncEl6AsyncHwEl)
[2025-09-11 16:27:13.853] [5667] [HailoRT] [info] [queue_elements.cpp:450] [create] Created (PushQEl7AsyncHwEl | timeout: 10s)
[2025-09-11 16:27:13.853] [5667] [HailoRT] [info] [filter_elements.cpp:375] [create] Created (PostInferEl7AsyncHwEl | Reorder - src_order: FCR, src_shape: (80, 80, 56), dst_order: FCR, dst_shape: (80, 80, 51))
[2025-09-11 16:27:13.853] [5667] [HailoRT] [info] [edge_elements.cpp:187] [create] Created (LastAsyncEl0PostInferEl7AsyncHwEl)
[2025-09-11 16:27:13.854] [5667] [HailoRT] [info] [pipeline.cpp:891] [print_deep_description] EntryPushQEl0yolov8m_pose/input_layer1 | inputs: user | outputs: PreInferEl1yolov8m_pose/input_layer1(running in thread_id: 5689)
[2025-09-11 16:27:13.854] [5667] [HailoRT] [info] [pipeline.cpp:891] [print_deep_description] PreInferEl1yolov8m_pose/input_layer1 | inputs: EntryPushQEl0yolov8m_pose/input_layer1[0] | outputs: PushQEl1yolov8m_pose/input_layer1
[2025-09-11 16:27:13.854] [5667] [HailoRT] [info] [pipeline.cpp:891] [print_deep_description] PushQEl1yolov8m_pose/input_layer1 | inputs: PreInferEl1yolov8m_pose/input_layer1[0] | outputs: AsyncHwEl(running in thread_id: 5690)
[2025-09-11 16:27:13.854] [5667] [HailoRT] [info] [pipeline.cpp:891] [print_deep_description] AsyncHwEl | inputs: PushQEl1yolov8m_pose/input_layer1[0] | outputs: LastAsyncEl0AsyncHwEl LastAsyncEl1AsyncHwEl PushQEl2AsyncHwEl LastAsyncEl3AsyncHwEl LastAsyncEl4AsyncHwEl PushQEl5AsyncHwEl LastAsyncEl6AsyncHwEl PushQEl7AsyncHwEl LastAsyncEl8AsyncHwEl
[2025-09-11 16:27:13.854] [5667] [HailoRT] [info] [pipeline.cpp:891] [print_deep_description] LastAsyncEl0AsyncHwEl | inputs: AsyncHwEl[0] | outputs: user
[2025-09-11 16:27:13.854] [5667] [HailoRT] [info] [pipeline.cpp:891] [print_deep_description] LastAsyncEl1AsyncHwEl | inputs: AsyncHwEl[0] | outputs: user
[2025-09-11 16:27:13.854] [5667] [HailoRT] [info] [pipeline.cpp:891] [print_deep_description] PushQEl2AsyncHwEl | inputs: AsyncHwEl[0] | outputs: PostInferEl2AsyncHwEl(running in thread_id: 5692)
[2025-09-11 16:27:13.854] [5667] [HailoRT] [info] [pipeline.cpp:891] [print_deep_description] PostInferEl2AsyncHwEl | inputs: PushQEl2AsyncHwEl[0] | outputs: LastAsyncEl0PostInferEl2AsyncHwEl
[2025-09-11 16:27:13.854] [5667] [HailoRT] [info] [pipeline.cpp:891] [print_deep_description] LastAsyncEl0PostInferEl2AsyncHwEl | inputs: PostInferEl2AsyncHwEl[0] | outputs: user
[2025-09-11 16:27:13.854] [5667] [HailoRT] [info] [pipeline.cpp:891] [print_deep_description] LastAsyncEl3AsyncHwEl | inputs: AsyncHwEl[0] | outputs: user
[2025-09-11 16:27:13.854] [5667] [HailoRT] [info] [pipeline.cpp:891] [print_deep_description] LastAsyncEl4AsyncHwEl | inputs: AsyncHwEl[0] | outputs: user
[2025-09-11 16:27:13.854] [5667] [HailoRT] [info] [pipeline.cpp:891] [print_deep_description] PushQEl5AsyncHwEl | inputs: AsyncHwEl[0] | outputs: PostInferEl5AsyncHwEl(running in thread_id: 5691)
[2025-09-11 16:27:13.854] [5667] [HailoRT] [info] [pipeline.cpp:891] [print_deep_description] PostInferEl5AsyncHwEl | inputs: PushQEl5AsyncHwEl[0] | outputs: LastAsyncEl0PostInferEl5AsyncHwEl
[2025-09-11 16:27:13.854] [5667] [HailoRT] [info] [pipeline.cpp:891] [print_deep_description] LastAsyncEl0PostInferEl5AsyncHwEl | inputs: PostInferEl5AsyncHwEl[0] | outputs: user
[2025-09-11 16:27:13.854] [5667] [HailoRT] [info] [pipeline.cpp:891] [print_deep_description] LastAsyncEl6AsyncHwEl | inputs: AsyncHwEl[0] | outputs: user
[2025-09-11 16:27:13.854] [5667] [HailoRT] [info] [pipeline.cpp:891] [print_deep_description] PushQEl7AsyncHwEl | inputs: AsyncHwEl[0] | outputs: PostInferEl7AsyncHwEl(running in thread_id: 5693)
[2025-09-11 16:27:13.854] [5667] [HailoRT] [info] [pipeline.cpp:891] [print_deep_description] PostInferEl7AsyncHwEl | inputs: PushQEl7AsyncHwEl[0] | outputs: LastAsyncEl0PostInferEl7AsyncHwEl
[2025-09-11 16:27:13.854] [5667] [HailoRT] [info] [pipeline.cpp:891] [print_deep_description] LastAsyncEl0PostInferEl7AsyncHwEl | inputs: PostInferEl7AsyncHwEl[0] | outputs: user
[2025-09-11 16:27:13.854] [5667] [HailoRT] [info] [pipeline.cpp:891] [print_deep_description] LastAsyncEl8AsyncHwEl | inputs: AsyncHwEl[0] | outputs: user
[2025-09-11 16:27:13.859] [5667] [HailoRT] [info] [hef.cpp:1929] [get_network_group_and_network_name] No name was given. Addressing all networks of default network_group: yolov8m_pose
[2025-09-11 16:27:17.162] [5615] [HailoRT] [info] [async_infer_runner.cpp:86] [shutdown] Pipeline was aborted. Shutting it down
[2025-09-11 16:27:17.163] [5615] [HailoRT] [info] [queue_elements.cpp:570] [execute_deactivate] enqueue() in element PushQEl2AsyncHwEl was aborted, got status = HAILO_SHUTDOWN_EVENT_SIGNALED(57)
[2025-09-11 16:27:17.163] [5615] [HailoRT] [info] [queue_elements.cpp:570] [execute_deactivate] enqueue() in element PushQEl5AsyncHwEl was aborted, got status = HAILO_SHUTDOWN_EVENT_SIGNALED(57)
[2025-09-11 16:27:17.163] [5615] [HailoRT] [info] [queue_elements.cpp:570] [execute_deactivate] enqueue() in element PushQEl7AsyncHwEl was aborted, got status = HAILO_SHUTDOWN_EVENT_SIGNALED(57)
[2025-09-11 16:27:17.163] [5615] [HailoRT] [info] [queue_elements.cpp:570] [execute_deactivate] enqueue() in element PushQEl1yolov8m_pose/input_layer1 was aborted, got status = HAILO_SHUTDOWN_EVENT_SIGNALED(57)
[2025-09-11 16:27:17.163] [5615] [HailoRT] [info] [queue_elements.cpp:570] [execute_deactivate] enqueue() in element EntryPushQEl0yolov8m_pose/input_layer1 was aborted, got status = HAILO_SHUTDOWN_EVENT_SIGNALED(57)
[2025-09-11 16:27:17.163] [5615] [HailoRT] [info] [queue_elements.cpp:46] [~BaseQueueElement] Queue element EntryPushQEl0yolov8m_pose/input_layer1 has 0 frames in his Queue on destruction
[2025-09-11 16:27:17.163] [5615] [HailoRT] [info] [queue_elements.cpp:46] [~BaseQueueElement] Queue element PushQEl1yolov8m_pose/input_layer1 has 0 frames in his Queue on destruction
[2025-09-11 16:27:17.164] [5615] [HailoRT] [info] [queue_elements.cpp:46] [~BaseQueueElement] Queue element PushQEl5AsyncHwEl has 0 frames in his Queue on destruction
[2025-09-11 16:27:17.164] [5615] [HailoRT] [info] [queue_elements.cpp:46] [~BaseQueueElement] Queue element PushQEl2AsyncHwEl has 0 frames in his Queue on destruction
[2025-09-11 16:27:17.164] [5615] [HailoRT] [info] [queue_elements.cpp:46] [~BaseQueueElement] Queue element PushQEl7AsyncHwEl has 0 frames in his Queue on destruction
[2025-09-12 10:01:35.732] [2574] [HailoRT] [info] [device.cpp:49] [Device] OS Version: Linux 6.12.34+rpt-rpi-2712 #1 SMP PREEMPT Debian 1:6.12.34-1+rpt1~bookworm (2025-06-26) aarch64
[2025-09-12 10:01:35.733] [2574] [HailoRT] [info] [control.cpp:108] [control__parse_identify_results] firmware_version is: 4.20.0
[2025-09-12 10:01:35.734] [2574] [HailoRT] [info] [control.cpp:108] [control__parse_identify_results] firmware_version is: 4.20.0
[2025-09-12 10:01:35.780] [2582] [HailoRT] [info] [device.cpp:49] [Device] OS Version: Linux 6.12.34+rpt-rpi-2712 #1 SMP PREEMPT Debian 1:6.12.34-1+rpt1~bookworm (2025-06-26) aarch64
[2025-09-12 10:01:35.781] [2582] [HailoRT] [info] [control.cpp:108] [control__parse_identify_results] firmware_version is: 4.20.0
[2025-09-12 10:01:35.782] [2582] [HailoRT] [info] [control.cpp:108] [control__parse_identify_results] firmware_version is: 4.20.0
[2025-09-12 10:01:35.840] [2590] [HailoRT] [info] [device.cpp:49] [Device] OS Version: Linux 6.12.34+rpt-rpi-2712 #1 SMP PREEMPT Debian 1:6.12.34-1+rpt1~bookworm (2025-06-26) aarch64
[2025-09-12 10:01:35.841] [2590] [HailoRT] [info] [control.cpp:108] [control__parse_identify_results] firmware_version is: 4.20.0
[2025-09-12 10:01:35.842] [2590] [HailoRT] [info] [control.cpp:108] [control__parse_identify_results] firmware_version is: 4.20.0
[2025-09-12 10:01:35.919] [2563] [HailoRT] [info] [vdevice.cpp:523] [create] Creating vdevice with params: device_count: 1, scheduling_algorithm: ROUND_ROBIN, multi_process_service: false
[2025-09-12 10:01:35.932] [2563] [HailoRT] [info] [device.cpp:49] [Device] OS Version: Linux 6.12.34+rpt-rpi-2712 #1 SMP PREEMPT Debian 1:6.12.34-1+rpt1~bookworm (2025-06-26) aarch64
[2025-09-12 10:01:35.933] [2563] [HailoRT] [info] [control.cpp:108] [control__parse_identify_results] firmware_version is: 4.20.0
[2025-09-12 10:01:35.933] [2563] [HailoRT] [info] [vdevice.cpp:651] [create] VDevice Infos: 0001:01:00.0
[2025-09-12 10:01:36.033] [2563] [HailoRT] [info] [hef.cpp:1929] [get_network_group_and_network_name] No name was given. Addressing all networks of default network_group: yolov8m_pose
[2025-09-12 10:01:36.033] [2563] [HailoRT] [info] [hef.cpp:1929] [get_network_group_and_network_name] No name was given. Addressing all networks of default network_group: yolov8m_pose
[2025-09-12 10:01:36.227] [2615] [HailoRT] [info] [internal_buffer_manager.cpp:204] [print_execution_results] Planned internal buffer memory: CMA memory 0, user memory 7300608. memory to edge layer usage factor is 1
[2025-09-12 10:01:36.227] [2615] [HailoRT] [info] [internal_buffer_manager.cpp:212] [print_execution_results] Default Internal buffer planner executed successfully
[2025-09-12 10:01:36.307] [2615] [HailoRT] [info] [device_internal.cpp:57] [configure] Configuring HEF took 98.630411 milliseconds
[2025-09-12 10:01:36.307] [2615] [HailoRT] [info] [vdevice.cpp:749] [configure] Configuring HEF on VDevice took 99.208414 milliseconds
[2025-09-12 10:01:36.307] [2615] [HailoRT] [info] [infer_model.cpp:436] [configure] Configuring network group 'yolov8m_pose' with params: batch size: 2, power mode: PERFORMANCE, latency: NONE
[2025-09-12 10:01:36.308] [2615] [HailoRT] [info] [multi_io_elements.cpp:756] [create] Created (AsyncHwEl)
[2025-09-12 10:01:36.308] [2615] [HailoRT] [info] [queue_elements.cpp:450] [create] Created (EntryPushQEl0yolov8m_pose/input_layer1 | timeout: 10s)
[2025-09-12 10:01:36.308] [2615] [HailoRT] [info] [filter_elements.cpp:101] [create] Created (PreInferEl1yolov8m_pose/input_layer1 | Reorder - src_order: RGB4, src_shape: (640, 640, 3), dst_order: NHWC, dst_shape: (640, 640, 3))
[2025-09-12 10:01:36.308] [2615] [HailoRT] [info] [queue_elements.cpp:450] [create] Created (PushQEl1yolov8m_pose/input_layer1 | timeout: 10s)
[2025-09-12 10:01:36.308] [2615] [HailoRT] [info] [edge_elements.cpp:187] [create] Created (LastAsyncEl4AsyncHwEl)
[2025-09-12 10:01:36.308] [2615] [HailoRT] [info] [queue_elements.cpp:450] [create] Created (PushQEl5AsyncHwEl | timeout: 10s)
[2025-09-12 10:01:36.308] [2615] [HailoRT] [info] [filter_elements.cpp:375] [create] Created (PostInferEl5AsyncHwEl | Reorder - src_order: FCR, src_shape: (40, 40, 56), dst_order: FCR, dst_shape: (40, 40, 51))
[2025-09-12 10:01:36.308] [2615] [HailoRT] [info] [edge_elements.cpp:187] [create] Created (LastAsyncEl0PostInferEl5AsyncHwEl)
[2025-09-12 10:01:36.308] [2615] [HailoRT] [info] [edge_elements.cpp:187] [create] Created (LastAsyncEl1AsyncHwEl)
[2025-09-12 10:01:36.308] [2615] [HailoRT] [info] [queue_elements.cpp:450] [create] Created (PushQEl2AsyncHwEl | timeout: 10s)
[2025-09-12 10:01:36.308] [2615] [HailoRT] [info] [filter_elements.cpp:375] [create] Created (PostInferEl2AsyncHwEl | Reorder - src_order: FCR, src_shape: (20, 20, 56), dst_order: FCR, dst_shape: (20, 20, 51))
[2025-09-12 10:01:36.308] [2615] [HailoRT] [info] [edge_elements.cpp:187] [create] Created (LastAsyncEl0PostInferEl2AsyncHwEl)
[2025-09-12 10:01:36.308] [2615] [HailoRT] [info] [edge_elements.cpp:187] [create] Created (LastAsyncEl3AsyncHwEl)
[2025-09-12 10:01:36.308] [2615] [HailoRT] [info] [edge_elements.cpp:187] [create] Created (LastAsyncEl0AsyncHwEl)
[2025-09-12 10:01:36.308] [2615] [HailoRT] [info] [edge_elements.cpp:187] [create] Created (LastAsyncEl8AsyncHwEl)
[2025-09-12 10:01:36.308] [2615] [HailoRT] [info] [edge_elements.cpp:187] [create] Created (LastAsyncEl6AsyncHwEl)
[2025-09-12 10:01:36.308] [2615] [HailoRT] [info] [queue_elements.cpp:450] [create] Created (PushQEl7AsyncHwEl | timeout: 10s)
[2025-09-12 10:01:36.308] [2615] [HailoRT] [info] [filter_elements.cpp:375] [create] Created (PostInferEl7AsyncHwEl | Reorder - src_order: FCR, src_shape: (80, 80, 56), dst_order: FCR, dst_shape: (80, 80, 51))
[2025-09-12 10:01:36.308] [2615] [HailoRT] [info] [edge_elements.cpp:187] [create] Created (LastAsyncEl0PostInferEl7AsyncHwEl)
[2025-09-12 10:01:36.309] [2615] [HailoRT] [info] [pipeline.cpp:891] [print_deep_description] EntryPushQEl0yolov8m_pose/input_layer1 | inputs: user | outputs: PreInferEl1yolov8m_pose/input_layer1(running in thread_id: 2638)
[2025-09-12 10:01:36.309] [2615] [HailoRT] [info] [pipeline.cpp:891] [print_deep_description] PreInferEl1yolov8m_pose/input_layer1 | inputs: EntryPushQEl0yolov8m_pose/input_layer1[0] | outputs: PushQEl1yolov8m_pose/input_layer1
[2025-09-12 10:01:36.309] [2615] [HailoRT] [info] [pipeline.cpp:891] [print_deep_description] PushQEl1yolov8m_pose/input_layer1 | inputs: PreInferEl1yolov8m_pose/input_layer1[0] | outputs: AsyncHwEl(running in thread_id: 2639)
[2025-09-12 10:01:36.309] [2615] [HailoRT] [info] [pipeline.cpp:891] [print_deep_description] AsyncHwEl | inputs: PushQEl1yolov8m_pose/input_layer1[0] | outputs: LastAsyncEl0AsyncHwEl LastAsyncEl1AsyncHwEl PushQEl2AsyncHwEl LastAsyncEl3AsyncHwEl LastAsyncEl4AsyncHwEl PushQEl5AsyncHwEl LastAsyncEl6AsyncHwEl PushQEl7AsyncHwEl LastAsyncEl8AsyncHwEl
[2025-09-12 10:01:36.309] [2615] [HailoRT] [info] [pipeline.cpp:891] [print_deep_description] LastAsyncEl0AsyncHwEl | inputs: AsyncHwEl[0] | outputs: user
[2025-09-12 10:01:36.309] [2615] [HailoRT] [info] [pipeline.cpp:891] [print_deep_description] LastAsyncEl1AsyncHwEl | inputs: AsyncHwEl[0] | outputs: user
[2025-09-12 10:01:36.309] [2615] [HailoRT] [info] [pipeline.cpp:891] [print_deep_description] PushQEl2AsyncHwEl | inputs: AsyncHwEl[0] | outputs: PostInferEl2AsyncHwEl(running in thread_id: 2641)
[2025-09-12 10:01:36.309] [2615] [HailoRT] [info] [pipeline.cpp:891] [print_deep_description] PostInferEl2AsyncHwEl | inputs: PushQEl2AsyncHwEl[0] | outputs: LastAsyncEl0PostInferEl2AsyncHwEl
[2025-09-12 10:01:36.309] [2615] [HailoRT] [info] [pipeline.cpp:891] [print_deep_description] LastAsyncEl0PostInferEl2AsyncHwEl | inputs: PostInferEl2AsyncHwEl[0] | outputs: user
[2025-09-12 10:01:36.309] [2615] [HailoRT] [info] [pipeline.cpp:891] [print_deep_description] LastAsyncEl3AsyncHwEl | inputs: AsyncHwEl[0] | outputs: user
[2025-09-12 10:01:36.309] [2615] [HailoRT] [info] [pipeline.cpp:891] [print_deep_description] LastAsyncEl4AsyncHwEl | inputs: AsyncHwEl[0] | outputs: user
[2025-09-12 10:01:36.309] [2615] [HailoRT] [info] [pipeline.cpp:891] [print_deep_description] PushQEl5AsyncHwEl | inputs: AsyncHwEl[0] | outputs: PostInferEl5AsyncHwEl(running in thread_id: 2640)
[2025-09-12 10:01:36.309] [2615] [HailoRT] [info] [pipeline.cpp:891] [print_deep_description] PostInferEl5AsyncHwEl | inputs: PushQEl5AsyncHwEl[0] | outputs: LastAsyncEl0PostInferEl5AsyncHwEl
[2025-09-12 10:01:36.309] [2615] [HailoRT] [info] [pipeline.cpp:891] [print_deep_description] LastAsyncEl0PostInferEl5AsyncHwEl | inputs: PostInferEl5AsyncHwEl[0] | outputs: user
[2025-09-12 10:01:36.309] [2615] [HailoRT] [info] [pipeline.cpp:891] [print_deep_description] LastAsyncEl6AsyncHwEl | inputs: AsyncHwEl[0] | outputs: user
[2025-09-12 10:01:36.309] [2615] [HailoRT] [info] [pipeline.cpp:891] [print_deep_description] PushQEl7AsyncHwEl | inputs: AsyncHwEl[0] | outputs: PostInferEl7AsyncHwEl(running in thread_id: 2642)
[2025-09-12 10:01:36.309] [2615] [HailoRT] [info] [pipeline.cpp:891] [print_deep_description] PostInferEl7AsyncHwEl | inputs: PushQEl7AsyncHwEl[0] | outputs: LastAsyncEl0PostInferEl7AsyncHwEl
[2025-09-12 10:01:36.309] [2615] [HailoRT] [info] [pipeline.cpp:891] [print_deep_description] LastAsyncEl0PostInferEl7AsyncHwEl | inputs: PostInferEl7AsyncHwEl[0] | outputs: user
[2025-09-12 10:01:36.309] [2615] [HailoRT] [info] [pipeline.cpp:891] [print_deep_description] LastAsyncEl8AsyncHwEl | inputs: AsyncHwEl[0] | outputs: user
[2025-09-12 10:01:36.313] [2615] [HailoRT] [info] [hef.cpp:1929] [get_network_group_and_network_name] No name was given. Addressing all networks of default network_group: yolov8m_pose
[2025-09-12 10:01:40.637] [2563] [HailoRT] [info] [async_infer_runner.cpp:86] [shutdown] Pipeline was aborted. Shutting it down
[2025-09-12 10:01:40.637] [2563] [HailoRT] [info] [queue_elements.cpp:570] [execute_deactivate] enqueue() in element PushQEl2AsyncHwEl was aborted, got status = HAILO_SHUTDOWN_EVENT_SIGNALED(57)
[2025-09-12 10:01:40.637] [2563] [HailoRT] [info] [queue_elements.cpp:570] [execute_deactivate] enqueue() in element PushQEl5AsyncHwEl was aborted, got status = HAILO_SHUTDOWN_EVENT_SIGNALED(57)
[2025-09-12 10:01:40.637] [2563] [HailoRT] [info] [queue_elements.cpp:570] [execute_deactivate] enqueue() in element PushQEl7AsyncHwEl was aborted, got status = HAILO_SHUTDOWN_EVENT_SIGNALED(57)
[2025-09-12 10:01:40.637] [2563] [HailoRT] [info] [queue_elements.cpp:570] [execute_deactivate] enqueue() in element PushQEl1yolov8m_pose/input_layer1 was aborted, got status = HAILO_SHUTDOWN_EVENT_SIGNALED(57)
[2025-09-12 10:01:40.637] [2563] [HailoRT] [info] [queue_elements.cpp:570] [execute_deactivate] enqueue() in element EntryPushQEl0yolov8m_pose/input_layer1 was aborted, got status = HAILO_SHUTDOWN_EVENT_SIGNALED(57)
[2025-09-12 10:01:40.637] [2563] [HailoRT] [info] [queue_elements.cpp:46] [~BaseQueueElement] Queue element EntryPushQEl0yolov8m_pose/input_layer1 has 0 frames in his Queue on destruction
[2025-09-12 10:01:40.637] [2563] [HailoRT] [info] [queue_elements.cpp:46] [~BaseQueueElement] Queue element PushQEl1yolov8m_pose/input_layer1 has 0 frames in his Queue on destruction
[2025-09-12 10:01:40.638] [2563] [HailoRT] [info] [queue_elements.cpp:46] [~BaseQueueElement] Queue element PushQEl5AsyncHwEl has 0 frames in his Queue on destruction
[2025-09-12 10:01:40.638] [2563] [HailoRT] [info] [queue_elements.cpp:46] [~BaseQueueElement] Queue element PushQEl2AsyncHwEl has 0 frames in his Queue on destruction
[2025-09-12 10:01:40.638] [2563] [HailoRT] [info] [queue_elements.cpp:46] [~BaseQueueElement] Queue element PushQEl7AsyncHwEl has 0 frames in his Queue on destruction
[2025-09-12 10:21:11.571] [2771] [HailoRT] [info] [device.cpp:49] [Device] OS Version: Linux 6.12.34+rpt-rpi-2712 #1 SMP PREEMPT Debian 1:6.12.34-1+rpt1~bookworm (2025-06-26) aarch64
[2025-09-12 10:21:11.572] [2771] [HailoRT] [info] [control.cpp:108] [control__parse_identify_results] firmware_version is: 4.20.0
[2025-09-12 10:21:11.573] [2771] [HailoRT] [info] [control.cpp:108] [control__parse_identify_results] firmware_version is: 4.20.0
[2025-09-12 10:21:11.640] [2779] [HailoRT] [info] [device.cpp:49] [Device] OS Version: Linux 6.12.34+rpt-rpi-2712 #1 SMP PREEMPT Debian 1:6.12.34-1+rpt1~bookworm (2025-06-26) aarch64
[2025-09-12 10:21:11.641] [2779] [HailoRT] [info] [control.cpp:108] [control__parse_identify_results] firmware_version is: 4.20.0
[2025-09-12 10:21:11.642] [2779] [HailoRT] [info] [control.cpp:108] [control__parse_identify_results] firmware_version is: 4.20.0
[2025-09-12 10:21:11.684] [2787] [HailoRT] [info] [device.cpp:49] [Device] OS Version: Linux 6.12.34+rpt-rpi-2712 #1 SMP PREEMPT Debian 1:6.12.34-1+rpt1~bookworm (2025-06-26) aarch64
[2025-09-12 10:21:11.685] [2787] [HailoRT] [info] [control.cpp:108] [control__parse_identify_results] firmware_version is: 4.20.0
[2025-09-12 10:21:11.686] [2787] [HailoRT] [info] [control.cpp:108] [control__parse_identify_results] firmware_version is: 4.20.0
[2025-09-12 10:21:11.751] [2760] [HailoRT] [info] [vdevice.cpp:523] [create] Creating vdevice with params: device_count: 1, scheduling_algorithm: ROUND_ROBIN, multi_process_service: false
[2025-09-12 10:21:11.763] [2760] [HailoRT] [info] [device.cpp:49] [Device] OS Version: Linux 6.12.34+rpt-rpi-2712 #1 SMP PREEMPT Debian 1:6.12.34-1+rpt1~bookworm (2025-06-26) aarch64
[2025-09-12 10:21:11.764] [2760] [HailoRT] [info] [control.cpp:108] [control__parse_identify_results] firmware_version is: 4.20.0
[2025-09-12 10:21:11.764] [2760] [HailoRT] [info] [vdevice.cpp:651] [create] VDevice Infos: 0001:01:00.0
[2025-09-12 10:21:11.864] [2760] [HailoRT] [info] [hef.cpp:1929] [get_network_group_and_network_name] No name was given. Addressing all networks of default network_group: yolov8m_pose
[2025-09-12 10:21:11.864] [2760] [HailoRT] [info] [hef.cpp:1929] [get_network_group_and_network_name] No name was given. Addressing all networks of default network_group: yolov8m_pose
[2025-09-12 10:21:12.061] [2812] [HailoRT] [info] [internal_buffer_manager.cpp:204] [print_execution_results] Planned internal buffer memory: CMA memory 0, user memory 7300608. memory to edge layer usage factor is 1
[2025-09-12 10:21:12.061] [2812] [HailoRT] [info] [internal_buffer_manager.cpp:212] [print_execution_results] Default Internal buffer planner executed successfully
[2025-09-12 10:21:12.137] [2812] [HailoRT] [info] [device_internal.cpp:57] [configure] Configuring HEF took 92.896362 milliseconds
[2025-09-12 10:21:12.137] [2812] [HailoRT] [info] [vdevice.cpp:749] [configure] Configuring HEF on VDevice took 93.287216 milliseconds
[2025-09-12 10:21:12.137] [2812] [HailoRT] [info] [infer_model.cpp:436] [configure] Configuring network group 'yolov8m_pose' with params: batch size: 2, power mode: PERFORMANCE, latency: NONE
[2025-09-12 10:21:12.138] [2812] [HailoRT] [info] [multi_io_elements.cpp:756] [create] Created (AsyncHwEl)
[2025-09-12 10:21:12.138] [2812] [HailoRT] [info] [queue_elements.cpp:450] [create] Created (EntryPushQEl0yolov8m_pose/input_layer1 | timeout: 10s)
[2025-09-12 10:21:12.138] [2812] [HailoRT] [info] [filter_elements.cpp:101] [create] Created (PreInferEl1yolov8m_pose/input_layer1 | Reorder - src_order: RGB4, src_shape: (640, 640, 3), dst_order: NHWC, dst_shape: (640, 640, 3))
[2025-09-12 10:21:12.138] [2812] [HailoRT] [info] [queue_elements.cpp:450] [create] Created (PushQEl1yolov8m_pose/input_layer1 | timeout: 10s)
[2025-09-12 10:21:12.138] [2812] [HailoRT] [info] [edge_elements.cpp:187] [create] Created (LastAsyncEl4AsyncHwEl)
[2025-09-12 10:21:12.138] [2812] [HailoRT] [info] [queue_elements.cpp:450] [create] Created (PushQEl5AsyncHwEl | timeout: 10s)
[2025-09-12 10:21:12.138] [2812] [HailoRT] [info] [filter_elements.cpp:375] [create] Created (PostInferEl5AsyncHwEl | Reorder - src_order: FCR, src_shape: (40, 40, 56), dst_order: FCR, dst_shape: (40, 40, 51))
[2025-09-12 10:21:12.138] [2812] [HailoRT] [info] [edge_elements.cpp:187] [create] Created (LastAsyncEl0PostInferEl5AsyncHwEl)
[2025-09-12 10:21:12.138] [2812] [HailoRT] [info] [edge_elements.cpp:187] [create] Created (LastAsyncEl1AsyncHwEl)
[2025-09-12 10:21:12.138] [2812] [HailoRT] [info] [queue_elements.cpp:450] [create] Created (PushQEl2AsyncHwEl | timeout: 10s)
[2025-09-12 10:21:12.138] [2812] [HailoRT] [info] [filter_elements.cpp:375] [create] Created (PostInferEl2AsyncHwEl | Reorder - src_order: FCR, src_shape: (20, 20, 56), dst_order: FCR, dst_shape: (20, 20, 51))
[2025-09-12 10:21:12.138] [2812] [HailoRT] [info] [edge_elements.cpp:187] [create] Created (LastAsyncEl0PostInferEl2AsyncHwEl)
[2025-09-12 10:21:12.138] [2812] [HailoRT] [info] [edge_elements.cpp:187] [create] Created (LastAsyncEl3AsyncHwEl)
[2025-09-12 10:21:12.138] [2812] [HailoRT] [info] [edge_elements.cpp:187] [create] Created (LastAsyncEl0AsyncHwEl)
[2025-09-12 10:21:12.138] [2812] [HailoRT] [info] [edge_elements.cpp:187] [create] Created (LastAsyncEl8AsyncHwEl)
[2025-09-12 10:21:12.138] [2812] [HailoRT] [info] [edge_elements.cpp:187] [create] Created (LastAsyncEl6AsyncHwEl)
[2025-09-12 10:21:12.138] [2812] [HailoRT] [info] [queue_elements.cpp:450] [create] Created (PushQEl7AsyncHwEl | timeout: 10s)
[2025-09-12 10:21:12.138] [2812] [HailoRT] [info] [filter_elements.cpp:375] [create] Created (PostInferEl7AsyncHwEl | Reorder - src_order: FCR, src_shape: (80, 80, 56), dst_order: FCR, dst_shape: (80, 80, 51))
[2025-09-12 10:21:12.138] [2812] [HailoRT] [info] [edge_elements.cpp:187] [create] Created (LastAsyncEl0PostInferEl7AsyncHwEl)
[2025-09-12 10:21:12.138] [2812] [HailoRT] [info] [pipeline.cpp:891] [print_deep_description] EntryPushQEl0yolov8m_pose/input_layer1 | inputs: user | outputs: PreInferEl1yolov8m_pose/input_layer1(running in thread_id: 2834)
[2025-09-12 10:21:12.138] [2812] [HailoRT] [info] [pipeline.cpp:891] [print_deep_description] PreInferEl1yolov8m_pose/input_layer1 | inputs: EntryPushQEl0yolov8m_pose/input_layer1[0] | outputs: PushQEl1yolov8m_pose/input_layer1
[2025-09-12 10:21:12.138] [2812] [HailoRT] [info] [pipeline.cpp:891] [print_deep_description] PushQEl1yolov8m_pose/input_layer1 | inputs: PreInferEl1yolov8m_pose/input_layer1[0] | outputs: AsyncHwEl(running in thread_id: 2835)
[2025-09-12 10:21:12.138] [2812] [HailoRT] [info] [pipeline.cpp:891] [print_deep_description] AsyncHwEl | inputs: PushQEl1yolov8m_pose/input_layer1[0] | outputs: LastAsyncEl0AsyncHwEl LastAsyncEl1AsyncHwEl PushQEl2AsyncHwEl LastAsyncEl3AsyncHwEl LastAsyncEl4AsyncHwEl PushQEl5AsyncHwEl LastAsyncEl6AsyncHwEl PushQEl7AsyncHwEl LastAsyncEl8AsyncHwEl
[2025-09-12 10:21:12.138] [2812] [HailoRT] [info] [pipeline.cpp:891] [print_deep_description] LastAsyncEl0AsyncHwEl | inputs: AsyncHwEl[0] | outputs: user
[2025-09-12 10:21:12.138] [2812] [HailoRT] [info] [pipeline.cpp:891] [print_deep_description] LastAsyncEl1AsyncHwEl | inputs: AsyncHwEl[0] | outputs: user
[2025-09-12 10:21:12.138] [2812] [HailoRT] [info] [pipeline.cpp:891] [print_deep_description] PushQEl2AsyncHwEl | inputs: AsyncHwEl[0] | outputs: PostInferEl2AsyncHwEl(running in thread_id: 2837)
[2025-09-12 10:21:12.138] [2812] [HailoRT] [info] [pipeline.cpp:891] [print_deep_description] PostInferEl2AsyncHwEl | inputs: PushQEl2AsyncHwEl[0] | outputs: LastAsyncEl0PostInferEl2AsyncHwEl
[2025-09-12 10:21:12.138] [2812] [HailoRT] [info] [pipeline.cpp:891] [print_deep_description] LastAsyncEl0PostInferEl2AsyncHwEl | inputs: PostInferEl2AsyncHwEl[0] | outputs: user
[2025-09-12 10:21:12.138] [2812] [HailoRT] [info] [pipeline.cpp:891] [print_deep_description] LastAsyncEl3AsyncHwEl | inputs: AsyncHwEl[0] | outputs: user
[2025-09-12 10:21:12.138] [2812] [HailoRT] [info] [pipeline.cpp:891] [print_deep_description] LastAsyncEl4AsyncHwEl | inputs: AsyncHwEl[0] | outputs: user
[2025-09-12 10:21:12.139] [2812] [HailoRT] [info] [pipeline.cpp:891] [print_deep_description] PushQEl5AsyncHwEl | inputs: AsyncHwEl[0] | outputs: PostInferEl5AsyncHwEl(running in thread_id: 2836)
[2025-09-12 10:21:12.139] [2812] [HailoRT] [info] [pipeline.cpp:891] [print_deep_description] PostInferEl5AsyncHwEl | inputs: PushQEl5AsyncHwEl[0] | outputs: LastAsyncEl0PostInferEl5AsyncHwEl
[2025-09-12 10:21:12.139] [2812] [HailoRT] [info] [pipeline.cpp:891] [print_deep_description] LastAsyncEl0PostInferEl5AsyncHwEl | inputs: PostInferEl5AsyncHwEl[0] | outputs: user
[2025-09-12 10:21:12.139] [2812] [HailoRT] [info] [pipeline.cpp:891] [print_deep_description] LastAsyncEl6AsyncHwEl | inputs: AsyncHwEl[0] | outputs: user
[2025-09-12 10:21:12.139] [2812] [HailoRT] [info] [pipeline.cpp:891] [print_deep_description] PushQEl7AsyncHwEl | inputs: AsyncHwEl[0] | outputs: PostInferEl7AsyncHwEl(running in thread_id: 2838)
[2025-09-12 10:21:12.139] [2812] [HailoRT] [info] [pipeline.cpp:891] [print_deep_description] PostInferEl7AsyncHwEl | inputs: PushQEl7AsyncHwEl[0] | outputs: LastAsyncEl0PostInferEl7AsyncHwEl
[2025-09-12 10:21:12.139] [2812] [HailoRT] [info] [pipeline.cpp:891] [print_deep_description] LastAsyncEl0PostInferEl7AsyncHwEl | inputs: PostInferEl7AsyncHwEl[0] | outputs: user
[2025-09-12 10:21:12.139] [2812] [HailoRT] [info] [pipeline.cpp:891] [print_deep_description] LastAsyncEl8AsyncHwEl | inputs: AsyncHwEl[0] | outputs: user
[2025-09-12 10:21:12.144] [2812] [HailoRT] [info] [hef.cpp:1929] [get_network_group_and_network_name] No name was given. Addressing all networks of default network_group: yolov8m_pose
[2025-09-12 10:21:16.964] [2760] [HailoRT] [info] [async_infer_runner.cpp:86] [shutdown] Pipeline was aborted. Shutting it down
[2025-09-12 10:21:16.965] [2760] [HailoRT] [info] [queue_elements.cpp:570] [execute_deactivate] enqueue() in element PushQEl2AsyncHwEl was aborted, got status = HAILO_SHUTDOWN_EVENT_SIGNALED(57)
[2025-09-12 10:21:16.965] [2760] [HailoRT] [info] [queue_elements.cpp:570] [execute_deactivate] enqueue() in element PushQEl5AsyncHwEl was aborted, got status = HAILO_SHUTDOWN_EVENT_SIGNALED(57)
[2025-09-12 10:21:16.965] [2760] [HailoRT] [info] [queue_elements.cpp:570] [execute_deactivate] enqueue() in element PushQEl7AsyncHwEl was aborted, got status = HAILO_SHUTDOWN_EVENT_SIGNALED(57)
[2025-09-12 10:21:16.965] [2760] [HailoRT] [info] [queue_elements.cpp:570] [execute_deactivate] enqueue() in element PushQEl1yolov8m_pose/input_layer1 was aborted, got status = HAILO_SHUTDOWN_EVENT_SIGNALED(57)
[2025-09-12 10:21:16.965] [2760] [HailoRT] [info] [queue_elements.cpp:570] [execute_deactivate] enqueue() in element EntryPushQEl0yolov8m_pose/input_layer1 was aborted, got status = HAILO_SHUTDOWN_EVENT_SIGNALED(57)
[2025-09-12 10:21:16.965] [2760] [HailoRT] [info] [queue_elements.cpp:46] [~BaseQueueElement] Queue element EntryPushQEl0yolov8m_pose/input_layer1 has 0 frames in his Queue on destruction
[2025-09-12 10:21:16.965] [2760] [HailoRT] [info] [queue_elements.cpp:46] [~BaseQueueElement] Queue element PushQEl1yolov8m_pose/input_layer1 has 0 frames in his Queue on destruction
[2025-09-12 10:21:16.965] [2760] [HailoRT] [info] [queue_elements.cpp:46] [~BaseQueueElement] Queue element PushQEl5AsyncHwEl has 0 frames in his Queue on destruction
[2025-09-12 10:21:16.966] [2760] [HailoRT] [info] [queue_elements.cpp:46] [~BaseQueueElement] Queue element PushQEl2AsyncHwEl has 0 frames in his Queue on destruction
[2025-09-12 10:21:16.966] [2760] [HailoRT] [info] [queue_elements.cpp:46] [~BaseQueueElement] Queue element PushQEl7AsyncHwEl has 0 frames in his Queue on destruction
[2025-09-12 10:36:55.168] [2904] [HailoRT] [info] [device.cpp:49] [Device] OS Version: Linux 6.12.34+rpt-rpi-2712 #1 SMP PREEMPT Debian 1:6.12.34-1+rpt1~bookworm (2025-06-26) aarch64
[2025-09-12 10:36:55.169] [2904] [HailoRT] [info] [control.cpp:108] [control__parse_identify_results] firmware_version is: 4.20.0
[2025-09-12 10:36:55.170] [2904] [HailoRT] [info] [control.cpp:108] [control__parse_identify_results] firmware_version is: 4.20.0
[2025-09-12 10:36:55.224] [2912] [HailoRT] [info] [device.cpp:49] [Device] OS Version: Linux 6.12.34+rpt-rpi-2712 #1 SMP PREEMPT Debian 1:6.12.34-1+rpt1~bookworm (2025-06-26) aarch64
[2025-09-12 10:36:55.225] [2912] [HailoRT] [info] [control.cpp:108] [control__parse_identify_results] firmware_version is: 4.20.0
[2025-09-12 10:36:55.226] [2912] [HailoRT] [info] [control.cpp:108] [control__parse_identify_results] firmware_version is: 4.20.0
[2025-09-12 10:36:55.276] [2920] [HailoRT] [info] [device.cpp:49] [Device] OS Version: Linux 6.12.34+rpt-rpi-2712 #1 SMP PREEMPT Debian 1:6.12.34-1+rpt1~bookworm (2025-06-26) aarch64
[2025-09-12 10:36:55.277] [2920] [HailoRT] [info] [control.cpp:108] [control__parse_identify_results] firmware_version is: 4.20.0
[2025-09-12 10:36:55.278] [2920] [HailoRT] [info] [control.cpp:108] [control__parse_identify_results] firmware_version is: 4.20.0
[2025-09-12 10:36:55.347] [2893] [HailoRT] [info] [vdevice.cpp:523] [create] Creating vdevice with params: device_count: 1, scheduling_algorithm: ROUND_ROBIN, multi_process_service: false
[2025-09-12 10:36:55.359] [2893] [HailoRT] [info] [device.cpp:49] [Device] OS Version: Linux 6.12.34+rpt-rpi-2712 #1 SMP PREEMPT Debian 1:6.12.34-1+rpt1~bookworm (2025-06-26) aarch64
[2025-09-12 10:36:55.360] [2893] [HailoRT] [info] [control.cpp:108] [control__parse_identify_results] firmware_version is: 4.20.0
[2025-09-12 10:36:55.360] [2893] [HailoRT] [info] [vdevice.cpp:651] [create] VDevice Infos: 0001:01:00.0
[2025-09-12 10:36:55.459] [2893] [HailoRT] [info] [hef.cpp:1929] [get_network_group_and_network_name] No name was given. Addressing all networks of default network_group: yolov8m_pose
[2025-09-12 10:36:55.460] [2893] [HailoRT] [info] [hef.cpp:1929] [get_network_group_and_network_name] No name was given. Addressing all networks of default network_group: yolov8m_pose
[2025-09-12 10:36:55.647] [2945] [HailoRT] [info] [internal_buffer_manager.cpp:204] [print_execution_results] Planned internal buffer memory: CMA memory 0, user memory 7300608. memory to edge layer usage factor is 1
[2025-09-12 10:36:55.647] [2945] [HailoRT] [info] [internal_buffer_manager.cpp:212] [print_execution_results] Default Internal buffer planner executed successfully
[2025-09-12 10:36:55.729] [2945] [HailoRT] [info] [device_internal.cpp:57] [configure] Configuring HEF took 96.458249 milliseconds
[2025-09-12 10:36:55.730] [2945] [HailoRT] [info] [vdevice.cpp:749] [configure] Configuring HEF on VDevice took 97.822332 milliseconds
[2025-09-12 10:36:55.730] [2945] [HailoRT] [info] [infer_model.cpp:436] [configure] Configuring network group 'yolov8m_pose' with params: batch size: 2, power mode: PERFORMANCE, latency: NONE
[2025-09-12 10:36:55.730] [2945] [HailoRT] [info] [multi_io_elements.cpp:756] [create] Created (AsyncHwEl)
[2025-09-12 10:36:55.730] [2945] [HailoRT] [info] [queue_elements.cpp:450] [create] Created (EntryPushQEl0yolov8m_pose/input_layer1 | timeout: 10s)
[2025-09-12 10:36:55.730] [2945] [HailoRT] [info] [filter_elements.cpp:101] [create] Created (PreInferEl1yolov8m_pose/input_layer1 | Reorder - src_order: RGB4, src_shape: (640, 640, 3), dst_order: NHWC, dst_shape: (640, 640, 3))
[2025-09-12 10:36:55.730] [2945] [HailoRT] [info] [queue_elements.cpp:450] [create] Created (PushQEl1yolov8m_pose/input_layer1 | timeout: 10s)
[2025-09-12 10:36:55.730] [2945] [HailoRT] [info] [edge_elements.cpp:187] [create] Created (LastAsyncEl4AsyncHwEl)
[2025-09-12 10:36:55.730] [2945] [HailoRT] [info] [queue_elements.cpp:450] [create] Created (PushQEl5AsyncHwEl | timeout: 10s)
[2025-09-12 10:36:55.730] [2945] [HailoRT] [info] [filter_elements.cpp:375] [create] Created (PostInferEl5AsyncHwEl | Reorder - src_order: FCR, src_shape: (40, 40, 56), dst_order: FCR, dst_shape: (40, 40, 51))
[2025-09-12 10:36:55.730] [2945] [HailoRT] [info] [edge_elements.cpp:187] [create] Created (LastAsyncEl0PostInferEl5AsyncHwEl)
[2025-09-12 10:36:55.730] [2945] [HailoRT] [info] [edge_elements.cpp:187] [create] Created (LastAsyncEl1AsyncHwEl)
[2025-09-12 10:36:55.730] [2945] [HailoRT] [info] [queue_elements.cpp:450] [create] Created (PushQEl2AsyncHwEl | timeout: 10s)
[2025-09-12 10:36:55.730] [2945] [HailoRT] [info] [filter_elements.cpp:375] [create] Created (PostInferEl2AsyncHwEl | Reorder - src_order: FCR, src_shape: (20, 20, 56), dst_order: FCR, dst_shape: (20, 20, 51))
[2025-09-12 10:36:55.730] [2945] [HailoRT] [info] [edge_elements.cpp:187] [create] Created (LastAsyncEl0PostInferEl2AsyncHwEl)
[2025-09-12 10:36:55.730] [2945] [HailoRT] [info] [edge_elements.cpp:187] [create] Created (LastAsyncEl3AsyncHwEl)
[2025-09-12 10:36:55.730] [2945] [HailoRT] [info] [edge_elements.cpp:187] [create] Created (LastAsyncEl0AsyncHwEl)
[2025-09-12 10:36:55.730] [2945] [HailoRT] [info] [edge_elements.cpp:187] [create] Created (LastAsyncEl8AsyncHwEl)
[2025-09-12 10:36:55.731] [2945] [HailoRT] [info] [edge_elements.cpp:187] [create] Created (LastAsyncEl6AsyncHwEl)
[2025-09-12 10:36:55.731] [2945] [HailoRT] [info] [queue_elements.cpp:450] [create] Created (PushQEl7AsyncHwEl | timeout: 10s)
[2025-09-12 10:36:55.731] [2945] [HailoRT] [info] [filter_elements.cpp:375] [create] Created (PostInferEl7AsyncHwEl | Reorder - src_order: FCR, src_shape: (80, 80, 56), dst_order: FCR, dst_shape: (80, 80, 51))
[2025-09-12 10:36:55.731] [2945] [HailoRT] [info] [edge_elements.cpp:187] [create] Created (LastAsyncEl0PostInferEl7AsyncHwEl)
[2025-09-12 10:36:55.731] [2945] [HailoRT] [info] [pipeline.cpp:891] [print_deep_description] EntryPushQEl0yolov8m_pose/input_layer1 | inputs: user | outputs: PreInferEl1yolov8m_pose/input_layer1(running in thread_id: 2967)
[2025-09-12 10:36:55.731] [2945] [HailoRT] [info] [pipeline.cpp:891] [print_deep_description] PreInferEl1yolov8m_pose/input_layer1 | inputs: EntryPushQEl0yolov8m_pose/input_layer1[0] | outputs: PushQEl1yolov8m_pose/input_layer1
[2025-09-12 10:36:55.731] [2945] [HailoRT] [info] [pipeline.cpp:891] [print_deep_description] PushQEl1yolov8m_pose/input_layer1 | inputs: PreInferEl1yolov8m_pose/input_layer1[0] | outputs: AsyncHwEl(running in thread_id: 2968)
[2025-09-12 10:36:55.731] [2945] [HailoRT] [info] [pipeline.cpp:891] [print_deep_description] AsyncHwEl | inputs: PushQEl1yolov8m_pose/input_layer1[0] | outputs: LastAsyncEl0AsyncHwEl LastAsyncEl1AsyncHwEl PushQEl2AsyncHwEl LastAsyncEl3AsyncHwEl LastAsyncEl4AsyncHwEl PushQEl5AsyncHwEl LastAsyncEl6AsyncHwEl PushQEl7AsyncHwEl LastAsyncEl8AsyncHwEl
[2025-09-12 10:36:55.731] [2945] [HailoRT] [info] [pipeline.cpp:891] [print_deep_description] LastAsyncEl0AsyncHwEl | inputs: AsyncHwEl[0] | outputs: user
[2025-09-12 10:36:55.731] [2945] [HailoRT] [info] [pipeline.cpp:891] [print_deep_description] LastAsyncEl1AsyncHwEl | inputs: AsyncHwEl[0] | outputs: user
[2025-09-12 10:36:55.731] [2945] [HailoRT] [info] [pipeline.cpp:891] [print_deep_description] PushQEl2AsyncHwEl | inputs: AsyncHwEl[0] | outputs: PostInferEl2AsyncHwEl(running in thread_id: 2970)
[2025-09-12 10:36:55.731] [2945] [HailoRT] [info] [pipeline.cpp:891] [print_deep_description] PostInferEl2AsyncHwEl | inputs: PushQEl2AsyncHwEl[0] | outputs: LastAsyncEl0PostInferEl2AsyncHwEl
[2025-09-12 10:36:55.731] [2945] [HailoRT] [info] [pipeline.cpp:891] [print_deep_description] LastAsyncEl0PostInferEl2AsyncHwEl | inputs: PostInferEl2AsyncHwEl[0] | outputs: user
[2025-09-12 10:36:55.731] [2945] [HailoRT] [info] [pipeline.cpp:891] [print_deep_description] LastAsyncEl3AsyncHwEl | inputs: AsyncHwEl[0] | outputs: user
[2025-09-12 10:36:55.731] [2945] [HailoRT] [info] [pipeline.cpp:891] [print_deep_description] LastAsyncEl4AsyncHwEl | inputs: AsyncHwEl[0] | outputs: user
[2025-09-12 10:36:55.731] [2945] [HailoRT] [info] [pipeline.cpp:891] [print_deep_description] PushQEl5AsyncHwEl | inputs: AsyncHwEl[0] | outputs: PostInferEl5AsyncHwEl(running in thread_id: 2969)
[2025-09-12 10:36:55.731] [2945] [HailoRT] [info] [pipeline.cpp:891] [print_deep_description] PostInferEl5AsyncHwEl | inputs: PushQEl5AsyncHwEl[0] | outputs: LastAsyncEl0PostInferEl5AsyncHwEl
[2025-09-12 10:36:55.731] [2945] [HailoRT] [info] [pipeline.cpp:891] [print_deep_description] LastAsyncEl0PostInferEl5AsyncHwEl | inputs: PostInferEl5AsyncHwEl[0] | outputs: user
[2025-09-12 10:36:55.731] [2945] [HailoRT] [info] [pipeline.cpp:891] [print_deep_description] LastAsyncEl6AsyncHwEl | inputs: AsyncHwEl[0] | outputs: user
[2025-09-12 10:36:55.731] [2945] [HailoRT] [info] [pipeline.cpp:891] [print_deep_description] PushQEl7AsyncHwEl | inputs: AsyncHwEl[0] | outputs: PostInferEl7AsyncHwEl(running in thread_id: 2971)
[2025-09-12 10:36:55.731] [2945] [HailoRT] [info] [pipeline.cpp:891] [print_deep_description] PostInferEl7AsyncHwEl | inputs: PushQEl7AsyncHwEl[0] | outputs: LastAsyncEl0PostInferEl7AsyncHwEl
[2025-09-12 10:36:55.731] [2945] [HailoRT] [info] [pipeline.cpp:891] [print_deep_description] LastAsyncEl0PostInferEl7AsyncHwEl | inputs: PostInferEl7AsyncHwEl[0] | outputs: user
[2025-09-12 10:36:55.731] [2945] [HailoRT] [info] [pipeline.cpp:891] [print_deep_description] LastAsyncEl8AsyncHwEl | inputs: AsyncHwEl[0] | outputs: user
[2025-09-12 10:36:55.736] [2945] [HailoRT] [info] [hef.cpp:1929] [get_network_group_and_network_name] No name was given. Addressing all networks of default network_group: yolov8m_pose
[2025-09-12 11:17:06.195] [3097] [HailoRT] [info] [device.cpp:49] [Device] OS Version: Linux 6.12.34+rpt-rpi-2712 #1 SMP PREEMPT Debian 1:6.12.34-1+rpt1~bookworm (2025-06-26) aarch64
[2025-09-12 11:17:06.196] [3097] [HailoRT] [info] [control.cpp:108] [control__parse_identify_results] firmware_version is: 4.20.0
[2025-09-12 11:17:06.197] [3097] [HailoRT] [info] [control.cpp:108] [control__parse_identify_results] firmware_version is: 4.20.0
[2025-09-12 11:17:06.248] [3105] [HailoRT] [info] [device.cpp:49] [Device] OS Version: Linux 6.12.34+rpt-rpi-2712 #1 SMP PREEMPT Debian 1:6.12.34-1+rpt1~bookworm (2025-06-26) aarch64
[2025-09-12 11:17:06.249] [3105] [HailoRT] [info] [control.cpp:108] [control__parse_identify_results] firmware_version is: 4.20.0
[2025-09-12 11:17:06.250] [3105] [HailoRT] [info] [control.cpp:108] [control__parse_identify_results] firmware_version is: 4.20.0
[2025-09-12 11:17:06.300] [3113] [HailoRT] [info] [device.cpp:49] [Device] OS Version: Linux 6.12.34+rpt-rpi-2712 #1 SMP PREEMPT Debian 1:6.12.34-1+rpt1~bookworm (2025-06-26) aarch64
[2025-09-12 11:17:06.301] [3113] [HailoRT] [info] [control.cpp:108] [control__parse_identify_results] firmware_version is: 4.20.0
[2025-09-12 11:17:06.302] [3113] [HailoRT] [info] [control.cpp:108] [control__parse_identify_results] firmware_version is: 4.20.0
[2025-09-12 11:17:06.379] [3086] [HailoRT] [info] [vdevice.cpp:523] [create] Creating vdevice with params: device_count: 1, scheduling_algorithm: ROUND_ROBIN, multi_process_service: false
[2025-09-12 11:17:06.391] [3086] [HailoRT] [info] [device.cpp:49] [Device] OS Version: Linux 6.12.34+rpt-rpi-2712 #1 SMP PREEMPT Debian 1:6.12.34-1+rpt1~bookworm (2025-06-26) aarch64
[2025-09-12 11:17:06.392] [3086] [HailoRT] [info] [control.cpp:108] [control__parse_identify_results] firmware_version is: 4.20.0
[2025-09-12 11:17:06.392] [3086] [HailoRT] [info] [vdevice.cpp:651] [create] VDevice Infos: 0001:01:00.0
[2025-09-12 11:17:06.492] [3086] [HailoRT] [info] [hef.cpp:1929] [get_network_group_and_network_name] No name was given. Addressing all networks of default network_group: yolov8m_pose
[2025-09-12 11:17:06.492] [3086] [HailoRT] [info] [hef.cpp:1929] [get_network_group_and_network_name] No name was given. Addressing all networks of default network_group: yolov8m_pose
[2025-09-12 11:17:06.696] [3138] [HailoRT] [info] [internal_buffer_manager.cpp:204] [print_execution_results] Planned internal buffer memory: CMA memory 0, user memory 7300608. memory to edge layer usage factor is 1
[2025-09-12 11:17:06.696] [3138] [HailoRT] [info] [internal_buffer_manager.cpp:212] [print_execution_results] Default Internal buffer planner executed successfully
[2025-09-12 11:17:06.765] [3138] [HailoRT] [info] [device_internal.cpp:57] [configure] Configuring HEF took 89.30326 milliseconds
[2025-09-12 11:17:06.766] [3138] [HailoRT] [info] [vdevice.cpp:749] [configure] Configuring HEF on VDevice took 90.328875 milliseconds
[2025-09-12 11:17:06.766] [3138] [HailoRT] [info] [infer_model.cpp:436] [configure] Configuring network group 'yolov8m_pose' with params: batch size: 2, power mode: PERFORMANCE, latency: NONE
[2025-09-12 11:17:06.766] [3138] [HailoRT] [info] [multi_io_elements.cpp:756] [create] Created (AsyncHwEl)
[2025-09-12 11:17:06.766] [3138] [HailoRT] [info] [queue_elements.cpp:450] [create] Created (EntryPushQEl0yolov8m_pose/input_layer1 | timeout: 10s)
[2025-09-12 11:17:06.766] [3138] [HailoRT] [info] [filter_elements.cpp:101] [create] Created (PreInferEl1yolov8m_pose/input_layer1 | Reorder - src_order: RGB4, src_shape: (640, 640, 3), dst_order: NHWC, dst_shape: (640, 640, 3))
[2025-09-12 11:17:06.766] [3138] [HailoRT] [info] [queue_elements.cpp:450] [create] Created (PushQEl1yolov8m_pose/input_layer1 | timeout: 10s)
[2025-09-12 11:17:06.766] [3138] [HailoRT] [info] [edge_elements.cpp:187] [create] Created (LastAsyncEl4AsyncHwEl)
[2025-09-12 11:17:06.766] [3138] [HailoRT] [info] [queue_elements.cpp:450] [create] Created (PushQEl5AsyncHwEl | timeout: 10s)
[2025-09-12 11:17:06.766] [3138] [HailoRT] [info] [filter_elements.cpp:375] [create] Created (PostInferEl5AsyncHwEl | Reorder - src_order: FCR, src_shape: (40, 40, 56), dst_order: FCR, dst_shape: (40, 40, 51))
[2025-09-12 11:17:06.766] [3138] [HailoRT] [info] [edge_elements.cpp:187] [create] Created (LastAsyncEl0PostInferEl5AsyncHwEl)
[2025-09-12 11:17:06.766] [3138] [HailoRT] [info] [edge_elements.cpp:187] [create] Created (LastAsyncEl1AsyncHwEl)
[2025-09-12 11:17:06.766] [3138] [HailoRT] [info] [queue_elements.cpp:450] [create] Created (PushQEl2AsyncHwEl | timeout: 10s)
[2025-09-12 11:17:06.766] [3138] [HailoRT] [info] [filter_elements.cpp:375] [create] Created (PostInferEl2AsyncHwEl | Reorder - src_order: FCR, src_shape: (20, 20, 56), dst_order: FCR, dst_shape: (20, 20, 51))
[2025-09-12 11:17:06.766] [3138] [HailoRT] [info] [edge_elements.cpp:187] [create] Created (LastAsyncEl0PostInferEl2AsyncHwEl)
[2025-09-12 11:17:06.766] [3138] [HailoRT] [info] [edge_elements.cpp:187] [create] Created (LastAsyncEl3AsyncHwEl)
[2025-09-12 11:17:06.766] [3138] [HailoRT] [info] [edge_elements.cpp:187] [create] Created (LastAsyncEl0AsyncHwEl)
[2025-09-12 11:17:06.766] [3138] [HailoRT] [info] [edge_elements.cpp:187] [create] Created (LastAsyncEl8AsyncHwEl)
[2025-09-12 11:17:06.766] [3138] [HailoRT] [info] [edge_elements.cpp:187] [create] Created (LastAsyncEl6AsyncHwEl)
[2025-09-12 11:17:06.767] [3138] [HailoRT] [info] [queue_elements.cpp:450] [create] Created (PushQEl7AsyncHwEl | timeout: 10s)
[2025-09-12 11:17:06.768] [3138] [HailoRT] [info] [filter_elements.cpp:375] [create] Created (PostInferEl7AsyncHwEl | Reorder - src_order: FCR, src_shape: (80, 80, 56), dst_order: FCR, dst_shape: (80, 80, 51))
[2025-09-12 11:17:06.768] [3138] [HailoRT] [info] [edge_elements.cpp:187] [create] Created (LastAsyncEl0PostInferEl7AsyncHwEl)
[2025-09-12 11:17:06.768] [3138] [HailoRT] [info] [pipeline.cpp:891] [print_deep_description] EntryPushQEl0yolov8m_pose/input_layer1 | inputs: user | outputs: PreInferEl1yolov8m_pose/input_layer1(running in thread_id: 3161)
[2025-09-12 11:17:06.768] [3138] [HailoRT] [info] [pipeline.cpp:891] [print_deep_description] PreInferEl1yolov8m_pose/input_layer1 | inputs: EntryPushQEl0yolov8m_pose/input_layer1[0] | outputs: PushQEl1yolov8m_pose/input_layer1
[2025-09-12 11:17:06.768] [3138] [HailoRT] [info] [pipeline.cpp:891] [print_deep_description] PushQEl1yolov8m_pose/input_layer1 | inputs: PreInferEl1yolov8m_pose/input_layer1[0] | outputs: AsyncHwEl(running in thread_id: 3162)
[2025-09-12 11:17:06.768] [3138] [HailoRT] [info] [pipeline.cpp:891] [print_deep_description] AsyncHwEl | inputs: PushQEl1yolov8m_pose/input_layer1[0] | outputs: LastAsyncEl0AsyncHwEl LastAsyncEl1AsyncHwEl PushQEl2AsyncHwEl LastAsyncEl3AsyncHwEl LastAsyncEl4AsyncHwEl PushQEl5AsyncHwEl LastAsyncEl6AsyncHwEl PushQEl7AsyncHwEl LastAsyncEl8AsyncHwEl
[2025-09-12 11:17:06.768] [3138] [HailoRT] [info] [pipeline.cpp:891] [print_deep_description] LastAsyncEl0AsyncHwEl | inputs: AsyncHwEl[0] | outputs: user
[2025-09-12 11:17:06.768] [3138] [HailoRT] [info] [pipeline.cpp:891] [print_deep_description] LastAsyncEl1AsyncHwEl | inputs: AsyncHwEl[0] | outputs: user
[2025-09-12 11:17:06.768] [3138] [HailoRT] [info] [pipeline.cpp:891] [print_deep_description] PushQEl2AsyncHwEl | inputs: AsyncHwEl[0] | outputs: PostInferEl2AsyncHwEl(running in thread_id: 3164)
[2025-09-12 11:17:06.768] [3138] [HailoRT] [info] [pipeline.cpp:891] [print_deep_description] PostInferEl2AsyncHwEl | inputs: PushQEl2AsyncHwEl[0] | outputs: LastAsyncEl0PostInferEl2AsyncHwEl
[2025-09-12 11:17:06.768] [3138] [HailoRT] [info] [pipeline.cpp:891] [print_deep_description] LastAsyncEl0PostInferEl2AsyncHwEl | inputs: PostInferEl2AsyncHwEl[0] | outputs: user
[2025-09-12 11:17:06.768] [3138] [HailoRT] [info] [pipeline.cpp:891] [print_deep_description] LastAsyncEl3AsyncHwEl | inputs: AsyncHwEl[0] | outputs: user
[2025-09-12 11:17:06.768] [3138] [HailoRT] [info] [pipeline.cpp:891] [print_deep_description] LastAsyncEl4AsyncHwEl | inputs: AsyncHwEl[0] | outputs: user
[2025-09-12 11:17:06.768] [3138] [HailoRT] [info] [pipeline.cpp:891] [print_deep_description] PushQEl5AsyncHwEl | inputs: AsyncHwEl[0] | outputs: PostInferEl5AsyncHwEl(running in thread_id: 3163)
[2025-09-12 11:17:06.768] [3138] [HailoRT] [info] [pipeline.cpp:891] [print_deep_description] PostInferEl5AsyncHwEl | inputs: PushQEl5AsyncHwEl[0] | outputs: LastAsyncEl0PostInferEl5AsyncHwEl
[2025-09-12 11:17:06.768] [3138] [HailoRT] [info] [pipeline.cpp:891] [print_deep_description] LastAsyncEl0PostInferEl5AsyncHwEl | inputs: PostInferEl5AsyncHwEl[0] | outputs: user
[2025-09-12 11:17:06.768] [3138] [HailoRT] [info] [pipeline.cpp:891] [print_deep_description] LastAsyncEl6AsyncHwEl | inputs: AsyncHwEl[0] | outputs: user
[2025-09-12 11:17:06.768] [3138] [HailoRT] [info] [pipeline.cpp:891] [print_deep_description] PushQEl7AsyncHwEl | inputs: AsyncHwEl[0] | outputs: PostInferEl7AsyncHwEl(running in thread_id: 3165)
[2025-09-12 11:17:06.768] [3138] [HailoRT] [info] [pipeline.cpp:891] [print_deep_description] PostInferEl7AsyncHwEl | inputs: PushQEl7AsyncHwEl[0] | outputs: LastAsyncEl0PostInferEl7AsyncHwEl
[2025-09-12 11:17:06.768] [3138] [HailoRT] [info] [pipeline.cpp:891] [print_deep_description] LastAsyncEl0PostInferEl7AsyncHwEl | inputs: PostInferEl7AsyncHwEl[0] | outputs: user
[2025-09-12 11:17:06.768] [3138] [HailoRT] [info] [pipeline.cpp:891] [print_deep_description] LastAsyncEl8AsyncHwEl | inputs: AsyncHwEl[0] | outputs: user
[2025-09-12 11:17:06.774] [3138] [HailoRT] [info] [hef.cpp:1929] [get_network_group_and_network_name] No name was given. Addressing all networks of default network_group: yolov8m_pose
[2025-09-12 11:17:09.431] [3086] [HailoRT] [info] [async_infer_runner.cpp:86] [shutdown] Pipeline was aborted. Shutting it down
[2025-09-12 11:17:09.433] [3086] [HailoRT] [info] [queue_elements.cpp:570] [execute_deactivate] enqueue() in element PushQEl2AsyncHwEl was aborted, got status = HAILO_SHUTDOWN_EVENT_SIGNALED(57)
[2025-09-12 11:17:09.434] [3086] [HailoRT] [info] [queue_elements.cpp:570] [execute_deactivate] enqueue() in element PushQEl5AsyncHwEl was aborted, got status = HAILO_SHUTDOWN_EVENT_SIGNALED(57)
[2025-09-12 11:17:09.434] [3086] [HailoRT] [info] [queue_elements.cpp:570] [execute_deactivate] enqueue() in element PushQEl7AsyncHwEl was aborted, got status = HAILO_SHUTDOWN_EVENT_SIGNALED(57)
[2025-09-12 11:17:09.434] [3086] [HailoRT] [info] [queue_elements.cpp:570] [execute_deactivate] enqueue() in element PushQEl1yolov8m_pose/input_layer1 was aborted, got status = HAILO_SHUTDOWN_EVENT_SIGNALED(57)
[2025-09-12 11:17:09.434] [3086] [HailoRT] [info] [queue_elements.cpp:570] [execute_deactivate] enqueue() in element EntryPushQEl0yolov8m_pose/input_layer1 was aborted, got status = HAILO_SHUTDOWN_EVENT_SIGNALED(57)
[2025-09-12 11:17:09.434] [3086] [HailoRT] [info] [queue_elements.cpp:46] [~BaseQueueElement] Queue element EntryPushQEl0yolov8m_pose/input_layer1 has 0 frames in his Queue on destruction
[2025-09-12 11:17:09.434] [3086] [HailoRT] [info] [queue_elements.cpp:46] [~BaseQueueElement] Queue element PushQEl1yolov8m_pose/input_layer1 has 0 frames in his Queue on destruction
[2025-09-12 11:17:09.435] [3086] [HailoRT] [info] [queue_elements.cpp:46] [~BaseQueueElement] Queue element PushQEl5AsyncHwEl has 0 frames in his Queue on destruction
[2025-09-12 11:17:09.435] [3086] [HailoRT] [info] [queue_elements.cpp:46] [~BaseQueueElement] Queue element PushQEl2AsyncHwEl has 0 frames in his Queue on destruction
[2025-09-12 11:17:09.435] [3086] [HailoRT] [info] [queue_elements.cpp:46] [~BaseQueueElement] Queue element PushQEl7AsyncHwEl has 0 frames in his Queue on destruction
[2025-09-12 11:29:52.710] [3208] [HailoRT] [info] [device.cpp:49] [Device] OS Version: Linux 6.12.34+rpt-rpi-2712 #1 SMP PREEMPT Debian 1:6.12.34-1+rpt1~bookworm (2025-06-26) aarch64
[2025-09-12 11:29:52.711] [3208] [HailoRT] [info] [control.cpp:108] [control__parse_identify_results] firmware_version is: 4.20.0
[2025-09-12 11:29:52.712] [3208] [HailoRT] [info] [control.cpp:108] [control__parse_identify_results] firmware_version is: 4.20.0
[2025-09-12 11:29:52.768] [3216] [HailoRT] [info] [device.cpp:49] [Device] OS Version: Linux 6.12.34+rpt-rpi-2712 #1 SMP PREEMPT Debian 1:6.12.34-1+rpt1~bookworm (2025-06-26) aarch64
[2025-09-12 11:29:52.769] [3216] [HailoRT] [info] [control.cpp:108] [control__parse_identify_results] firmware_version is: 4.20.0
[2025-09-12 11:29:52.770] [3216] [HailoRT] [info] [control.cpp:108] [control__parse_identify_results] firmware_version is: 4.20.0
[2025-09-12 11:29:52.816] [3224] [HailoRT] [info] [device.cpp:49] [Device] OS Version: Linux 6.12.34+rpt-rpi-2712 #1 SMP PREEMPT Debian 1:6.12.34-1+rpt1~bookworm (2025-06-26) aarch64
[2025-09-12 11:29:52.817] [3224] [HailoRT] [info] [control.cpp:108] [control__parse_identify_results] firmware_version is: 4.20.0
[2025-09-12 11:29:52.818] [3224] [HailoRT] [info] [control.cpp:108] [control__parse_identify_results] firmware_version is: 4.20.0
[2025-09-12 11:29:52.895] [3197] [HailoRT] [info] [vdevice.cpp:523] [create] Creating vdevice with params: device_count: 1, scheduling_algorithm: ROUND_ROBIN, multi_process_service: false
[2025-09-12 11:29:52.907] [3197] [HailoRT] [info] [device.cpp:49] [Device] OS Version: Linux 6.12.34+rpt-rpi-2712 #1 SMP PREEMPT Debian 1:6.12.34-1+rpt1~bookworm (2025-06-26) aarch64
[2025-09-12 11:29:52.908] [3197] [HailoRT] [info] [control.cpp:108] [control__parse_identify_results] firmware_version is: 4.20.0
[2025-09-12 11:29:52.908] [3197] [HailoRT] [info] [vdevice.cpp:651] [create] VDevice Infos: 0001:01:00.0
[2025-09-12 11:29:53.007] [3197] [HailoRT] [info] [hef.cpp:1929] [get_network_group_and_network_name] No name was given. Addressing all networks of default network_group: yolov8m_pose
[2025-09-12 11:29:53.007] [3197] [HailoRT] [info] [hef.cpp:1929] [get_network_group_and_network_name] No name was given. Addressing all networks of default network_group: yolov8m_pose
[2025-09-12 11:29:53.205] [3249] [HailoRT] [info] [internal_buffer_manager.cpp:204] [print_execution_results] Planned internal buffer memory: CMA memory 0, user memory 7300608. memory to edge layer usage factor is 1
[2025-09-12 11:29:53.205] [3249] [HailoRT] [info] [internal_buffer_manager.cpp:212] [print_execution_results] Default Internal buffer planner executed successfully
[2025-09-12 11:29:53.280] [3249] [HailoRT] [info] [device_internal.cpp:57] [configure] Configuring HEF took 94.015272 milliseconds
[2025-09-12 11:29:53.280] [3249] [HailoRT] [info] [vdevice.cpp:749] [configure] Configuring HEF on VDevice took 95.321112 milliseconds
[2025-09-12 11:29:53.280] [3249] [HailoRT] [info] [infer_model.cpp:436] [configure] Configuring network group 'yolov8m_pose' with params: batch size: 2, power mode: PERFORMANCE, latency: NONE
[2025-09-12 11:29:53.280] [3249] [HailoRT] [info] [multi_io_elements.cpp:756] [create] Created (AsyncHwEl)
[2025-09-12 11:29:53.280] [3249] [HailoRT] [info] [queue_elements.cpp:450] [create] Created (EntryPushQEl0yolov8m_pose/input_layer1 | timeout: 10s)
[2025-09-12 11:29:53.280] [3249] [HailoRT] [info] [filter_elements.cpp:101] [create] Created (PreInferEl1yolov8m_pose/input_layer1 | Reorder - src_order: RGB4, src_shape: (640, 640, 3), dst_order: NHWC, dst_shape: (640, 640, 3))
[2025-09-12 11:29:53.280] [3249] [HailoRT] [info] [queue_elements.cpp:450] [create] Created (PushQEl1yolov8m_pose/input_layer1 | timeout: 10s)
[2025-09-12 11:29:53.280] [3249] [HailoRT] [info] [edge_elements.cpp:187] [create] Created (LastAsyncEl4AsyncHwEl)
[2025-09-12 11:29:53.280] [3249] [HailoRT] [info] [queue_elements.cpp:450] [create] Created (PushQEl5AsyncHwEl | timeout: 10s)
[2025-09-12 11:29:53.280] [3249] [HailoRT] [info] [filter_elements.cpp:375] [create] Created (PostInferEl5AsyncHwEl | Reorder - src_order: FCR, src_shape: (40, 40, 56), dst_order: FCR, dst_shape: (40, 40, 51))
[2025-09-12 11:29:53.280] [3249] [HailoRT] [info] [edge_elements.cpp:187] [create] Created (LastAsyncEl0PostInferEl5AsyncHwEl)
[2025-09-12 11:29:53.280] [3249] [HailoRT] [info] [edge_elements.cpp:187] [create] Created (LastAsyncEl1AsyncHwEl)
[2025-09-12 11:29:53.281] [3249] [HailoRT] [info] [queue_elements.cpp:450] [create] Created (PushQEl2AsyncHwEl | timeout: 10s)
[2025-09-12 11:29:53.281] [3249] [HailoRT] [info] [filter_elements.cpp:375] [create] Created (PostInferEl2AsyncHwEl | Reorder - src_order: FCR, src_shape: (20, 20, 56), dst_order: FCR, dst_shape: (20, 20, 51))
[2025-09-12 11:29:53.281] [3249] [HailoRT] [info] [edge_elements.cpp:187] [create] Created (LastAsyncEl0PostInferEl2AsyncHwEl)
[2025-09-12 11:29:53.281] [3249] [HailoRT] [info] [edge_elements.cpp:187] [create] Created (LastAsyncEl3AsyncHwEl)
[2025-09-12 11:29:53.281] [3249] [HailoRT] [info] [edge_elements.cpp:187] [create] Created (LastAsyncEl0AsyncHwEl)
[2025-09-12 11:29:53.281] [3249] [HailoRT] [info] [edge_elements.cpp:187] [create] Created (LastAsyncEl8AsyncHwEl)
[2025-09-12 11:29:53.281] [3249] [HailoRT] [info] [edge_elements.cpp:187] [create] Created (LastAsyncEl6AsyncHwEl)
[2025-09-12 11:29:53.281] [3249] [HailoRT] [info] [queue_elements.cpp:450] [create] Created (PushQEl7AsyncHwEl | timeout: 10s)
[2025-09-12 11:29:53.281] [3249] [HailoRT] [info] [filter_elements.cpp:375] [create] Created (PostInferEl7AsyncHwEl | Reorder - src_order: FCR, src_shape: (80, 80, 56), dst_order: FCR, dst_shape: (80, 80, 51))
[2025-09-12 11:29:53.281] [3249] [HailoRT] [info] [edge_elements.cpp:187] [create] Created (LastAsyncEl0PostInferEl7AsyncHwEl)
[2025-09-12 11:29:53.281] [3249] [HailoRT] [info] [pipeline.cpp:891] [print_deep_description] EntryPushQEl0yolov8m_pose/input_layer1 | inputs: user | outputs: PreInferEl1yolov8m_pose/input_layer1(running in thread_id: 3272)
[2025-09-12 11:29:53.281] [3249] [HailoRT] [info] [pipeline.cpp:891] [print_deep_description] PreInferEl1yolov8m_pose/input_layer1 | inputs: EntryPushQEl0yolov8m_pose/input_layer1[0] | outputs: PushQEl1yolov8m_pose/input_layer1
[2025-09-12 11:29:53.281] [3249] [HailoRT] [info] [pipeline.cpp:891] [print_deep_description] PushQEl1yolov8m_pose/input_layer1 | inputs: PreInferEl1yolov8m_pose/input_layer1[0] | outputs: AsyncHwEl(running in thread_id: 3273)
[2025-09-12 11:29:53.281] [3249] [HailoRT] [info] [pipeline.cpp:891] [print_deep_description] AsyncHwEl | inputs: PushQEl1yolov8m_pose/input_layer1[0] | outputs: LastAsyncEl0AsyncHwEl LastAsyncEl1AsyncHwEl PushQEl2AsyncHwEl LastAsyncEl3AsyncHwEl LastAsyncEl4AsyncHwEl PushQEl5AsyncHwEl LastAsyncEl6AsyncHwEl PushQEl7AsyncHwEl LastAsyncEl8AsyncHwEl
[2025-09-12 11:29:53.281] [3249] [HailoRT] [info] [pipeline.cpp:891] [print_deep_description] LastAsyncEl0AsyncHwEl | inputs: AsyncHwEl[0] | outputs: user
[2025-09-12 11:29:53.281] [3249] [HailoRT] [info] [pipeline.cpp:891] [print_deep_description] LastAsyncEl1AsyncHwEl | inputs: AsyncHwEl[0] | outputs: user
[2025-09-12 11:29:53.281] [3249] [HailoRT] [info] [pipeline.cpp:891] [print_deep_description] PushQEl2AsyncHwEl | inputs: AsyncHwEl[0] | outputs: PostInferEl2AsyncHwEl(running in thread_id: 3275)
[2025-09-12 11:29:53.281] [3249] [HailoRT] [info] [pipeline.cpp:891] [print_deep_description] PostInferEl2AsyncHwEl | inputs: PushQEl2AsyncHwEl[0] | outputs: LastAsyncEl0PostInferEl2AsyncHwEl
[2025-09-12 11:29:53.281] [3249] [HailoRT] [info] [pipeline.cpp:891] [print_deep_description] LastAsyncEl0PostInferEl2AsyncHwEl | inputs: PostInferEl2AsyncHwEl[0] | outputs: user
[2025-09-12 11:29:53.281] [3249] [HailoRT] [info] [pipeline.cpp:891] [print_deep_description] LastAsyncEl3AsyncHwEl | inputs: AsyncHwEl[0] | outputs: user
[2025-09-12 11:29:53.281] [3249] [HailoRT] [info] [pipeline.cpp:891] [print_deep_description] LastAsyncEl4AsyncHwEl | inputs: AsyncHwEl[0] | outputs: user
[2025-09-12 11:29:53.281] [3249] [HailoRT] [info] [pipeline.cpp:891] [print_deep_description] PushQEl5AsyncHwEl | inputs: AsyncHwEl[0] | outputs: PostInferEl5AsyncHwEl(running in thread_id: 3274)
[2025-09-12 11:29:53.281] [3249] [HailoRT] [info] [pipeline.cpp:891] [print_deep_description] PostInferEl5AsyncHwEl | inputs: PushQEl5AsyncHwEl[0] | outputs: LastAsyncEl0PostInferEl5AsyncHwEl
[2025-09-12 11:29:53.281] [3249] [HailoRT] [info] [pipeline.cpp:891] [print_deep_description] LastAsyncEl0PostInferEl5AsyncHwEl | inputs: PostInferEl5AsyncHwEl[0] | outputs: user
[2025-09-12 11:29:53.281] [3249] [HailoRT] [info] [pipeline.cpp:891] [print_deep_description] LastAsyncEl6AsyncHwEl | inputs: AsyncHwEl[0] | outputs: user
[2025-09-12 11:29:53.281] [3249] [HailoRT] [info] [pipeline.cpp:891] [print_deep_description] PushQEl7AsyncHwEl | inputs: AsyncHwEl[0] | outputs: PostInferEl7AsyncHwEl(running in thread_id: 3276)
[2025-09-12 11:29:53.281] [3249] [HailoRT] [info] [pipeline.cpp:891] [print_deep_description] PostInferEl7AsyncHwEl | inputs: PushQEl7AsyncHwEl[0] | outputs: LastAsyncEl0PostInferEl7AsyncHwEl
[2025-09-12 11:29:53.281] [3249] [HailoRT] [info] [pipeline.cpp:891] [print_deep_description] LastAsyncEl0PostInferEl7AsyncHwEl | inputs: PostInferEl7AsyncHwEl[0] | outputs: user
[2025-09-12 11:29:53.281] [3249] [HailoRT] [info] [pipeline.cpp:891] [print_deep_description] LastAsyncEl8AsyncHwEl | inputs: AsyncHwEl[0] | outputs: user
[2025-09-12 11:29:53.286] [3249] [HailoRT] [info] [hef.cpp:1929] [get_network_group_and_network_name] No name was given. Addressing all networks of default network_group: yolov8m_pose
[2025-09-12 11:30:07.089] [3197] [HailoRT] [info] [async_infer_runner.cpp:86] [shutdown] Pipeline was aborted. Shutting it down
[2025-09-12 11:30:07.091] [3197] [HailoRT] [info] [queue_elements.cpp:570] [execute_deactivate] enqueue() in element PushQEl2AsyncHwEl was aborted, got status = HAILO_SHUTDOWN_EVENT_SIGNALED(57)
[2025-09-12 11:30:07.091] [3197] [HailoRT] [info] [queue_elements.cpp:570] [execute_deactivate] enqueue() in element PushQEl5AsyncHwEl was aborted, got status = HAILO_SHUTDOWN_EVENT_SIGNALED(57)
[2025-09-12 11:30:07.091] [3197] [HailoRT] [info] [queue_elements.cpp:570] [execute_deactivate] enqueue() in element PushQEl7AsyncHwEl was aborted, got status = HAILO_SHUTDOWN_EVENT_SIGNALED(57)
[2025-09-12 11:30:07.091] [3197] [HailoRT] [info] [queue_elements.cpp:570] [execute_deactivate] enqueue() in element PushQEl1yolov8m_pose/input_layer1 was aborted, got status = HAILO_SHUTDOWN_EVENT_SIGNALED(57)
[2025-09-12 11:30:07.091] [3197] [HailoRT] [info] [queue_elements.cpp:570] [execute_deactivate] enqueue() in element EntryPushQEl0yolov8m_pose/input_layer1 was aborted, got status = HAILO_SHUTDOWN_EVENT_SIGNALED(57)
[2025-09-12 11:30:07.091] [3197] [HailoRT] [info] [queue_elements.cpp:46] [~BaseQueueElement] Queue element EntryPushQEl0yolov8m_pose/input_layer1 has 0 frames in his Queue on destruction
[2025-09-12 11:30:07.091] [3197] [HailoRT] [info] [queue_elements.cpp:46] [~BaseQueueElement] Queue element PushQEl1yolov8m_pose/input_layer1 has 0 frames in his Queue on destruction
[2025-09-12 11:30:07.095] [3197] [HailoRT] [info] [queue_elements.cpp:46] [~BaseQueueElement] Queue element PushQEl5AsyncHwEl has 0 frames in his Queue on destruction
[2025-09-12 11:30:07.095] [3197] [HailoRT] [info] [queue_elements.cpp:46] [~BaseQueueElement] Queue element PushQEl2AsyncHwEl has 0 frames in his Queue on destruction
[2025-09-12 11:30:07.095] [3197] [HailoRT] [info] [queue_elements.cpp:46] [~BaseQueueElement] Queue element PushQEl7AsyncHwEl has 0 frames in his Queue on destruction
[2025-09-12 11:34:28.994] [3355] [HailoRT] [info] [device.cpp:49] [Device] OS Version: Linux 6.12.34+rpt-rpi-2712 #1 SMP PREEMPT Debian 1:6.12.34-1+rpt1~bookworm (2025-06-26) aarch64
[2025-09-12 11:34:28.995] [3355] [HailoRT] [info] [control.cpp:108] [control__parse_identify_results] firmware_version is: 4.20.0
[2025-09-12 11:34:28.996] [3355] [HailoRT] [info] [control.cpp:108] [control__parse_identify_results] firmware_version is: 4.20.0
[2025-09-12 11:34:29.068] [3363] [HailoRT] [info] [device.cpp:49] [Device] OS Version: Linux 6.12.34+rpt-rpi-2712 #1 SMP PREEMPT Debian 1:6.12.34-1+rpt1~bookworm (2025-06-26) aarch64
[2025-09-12 11:34:29.069] [3363] [HailoRT] [info] [control.cpp:108] [control__parse_identify_results] firmware_version is: 4.20.0
[2025-09-12 11:34:29.070] [3363] [HailoRT] [info] [control.cpp:108] [control__parse_identify_results] firmware_version is: 4.20.0
[2025-09-12 11:34:29.116] [3371] [HailoRT] [info] [device.cpp:49] [Device] OS Version: Linux 6.12.34+rpt-rpi-2712 #1 SMP PREEMPT Debian 1:6.12.34-1+rpt1~bookworm (2025-06-26) aarch64
[2025-09-12 11:34:29.117] [3371] [HailoRT] [info] [control.cpp:108] [control__parse_identify_results] firmware_version is: 4.20.0
[2025-09-12 11:34:29.118] [3371] [HailoRT] [info] [control.cpp:108] [control__parse_identify_results] firmware_version is: 4.20.0
[2025-09-12 11:34:29.191] [3344] [HailoRT] [info] [vdevice.cpp:523] [create] Creating vdevice with params: device_count: 1, scheduling_algorithm: ROUND_ROBIN, multi_process_service: false
[2025-09-12 11:34:29.203] [3344] [HailoRT] [info] [device.cpp:49] [Device] OS Version: Linux 6.12.34+rpt-rpi-2712 #1 SMP PREEMPT Debian 1:6.12.34-1+rpt1~bookworm (2025-06-26) aarch64
[2025-09-12 11:34:29.204] [3344] [HailoRT] [info] [control.cpp:108] [control__parse_identify_results] firmware_version is: 4.20.0
[2025-09-12 11:34:29.204] [3344] [HailoRT] [info] [vdevice.cpp:651] [create] VDevice Infos: 0001:01:00.0
[2025-09-12 11:34:29.304] [3344] [HailoRT] [info] [hef.cpp:1929] [get_network_group_and_network_name] No name was given. Addressing all networks of default network_group: yolov8m_pose
[2025-09-12 11:34:29.304] [3344] [HailoRT] [info] [hef.cpp:1929] [get_network_group_and_network_name] No name was given. Addressing all networks of default network_group: yolov8m_pose
[2025-09-12 11:34:29.431] [3394] [HailoRT] [info] [internal_buffer_manager.cpp:204] [print_execution_results] Planned internal buffer memory: CMA memory 0, user memory 7300608. memory to edge layer usage factor is 1
[2025-09-12 11:34:29.431] [3394] [HailoRT] [info] [internal_buffer_manager.cpp:212] [print_execution_results] Default Internal buffer planner executed successfully
[2025-09-12 11:34:29.511] [3394] [HailoRT] [info] [device_internal.cpp:57] [configure] Configuring HEF took 98.093487 milliseconds
[2025-09-12 11:34:29.511] [3394] [HailoRT] [info] [vdevice.cpp:749] [configure] Configuring HEF on VDevice took 98.855345 milliseconds
[2025-09-12 11:34:29.511] [3394] [HailoRT] [info] [infer_model.cpp:436] [configure] Configuring network group 'yolov8m_pose' with params: batch size: 2, power mode: PERFORMANCE, latency: NONE
[2025-09-12 11:34:29.511] [3394] [HailoRT] [info] [multi_io_elements.cpp:756] [create] Created (AsyncHwEl)
[2025-09-12 11:34:29.511] [3394] [HailoRT] [info] [queue_elements.cpp:450] [create] Created (EntryPushQEl0yolov8m_pose/input_layer1 | timeout: 10s)
[2025-09-12 11:34:29.511] [3394] [HailoRT] [info] [filter_elements.cpp:101] [create] Created (PreInferEl1yolov8m_pose/input_layer1 | Reorder - src_order: RGB4, src_shape: (640, 640, 3), dst_order: NHWC, dst_shape: (640, 640, 3))
[2025-09-12 11:34:29.511] [3394] [HailoRT] [info] [queue_elements.cpp:450] [create] Created (PushQEl1yolov8m_pose/input_layer1 | timeout: 10s)
[2025-09-12 11:34:29.511] [3394] [HailoRT] [info] [edge_elements.cpp:187] [create] Created (LastAsyncEl4AsyncHwEl)
[2025-09-12 11:34:29.511] [3394] [HailoRT] [info] [queue_elements.cpp:450] [create] Created (PushQEl5AsyncHwEl | timeout: 10s)
[2025-09-12 11:34:29.511] [3394] [HailoRT] [info] [filter_elements.cpp:375] [create] Created (PostInferEl5AsyncHwEl | Reorder - src_order: FCR, src_shape: (40, 40, 56), dst_order: FCR, dst_shape: (40, 40, 51))
[2025-09-12 11:34:29.511] [3394] [HailoRT] [info] [edge_elements.cpp:187] [create] Created (LastAsyncEl0PostInferEl5AsyncHwEl)
[2025-09-12 11:34:29.511] [3394] [HailoRT] [info] [edge_elements.cpp:187] [create] Created (LastAsyncEl1AsyncHwEl)
[2025-09-12 11:34:29.512] [3394] [HailoRT] [info] [queue_elements.cpp:450] [create] Created (PushQEl2AsyncHwEl | timeout: 10s)
[2025-09-12 11:34:29.512] [3394] [HailoRT] [info] [filter_elements.cpp:375] [create] Created (PostInferEl2AsyncHwEl | Reorder - src_order: FCR, src_shape: (20, 20, 56), dst_order: FCR, dst_shape: (20, 20, 51))
[2025-09-12 11:34:29.512] [3394] [HailoRT] [info] [edge_elements.cpp:187] [create] Created (LastAsyncEl0PostInferEl2AsyncHwEl)
[2025-09-12 11:34:29.512] [3394] [HailoRT] [info] [edge_elements.cpp:187] [create] Created (LastAsyncEl3AsyncHwEl)
[2025-09-12 11:34:29.512] [3394] [HailoRT] [info] [edge_elements.cpp:187] [create] Created (LastAsyncEl0AsyncHwEl)
[2025-09-12 11:34:29.512] [3394] [HailoRT] [info] [edge_elements.cpp:187] [create] Created (LastAsyncEl8AsyncHwEl)
[2025-09-12 11:34:29.512] [3394] [HailoRT] [info] [edge_elements.cpp:187] [create] Created (LastAsyncEl6AsyncHwEl)
[2025-09-12 11:34:29.512] [3394] [HailoRT] [info] [queue_elements.cpp:450] [create] Created (PushQEl7AsyncHwEl | timeout: 10s)
[2025-09-12 11:34:29.512] [3394] [HailoRT] [info] [filter_elements.cpp:375] [create] Created (PostInferEl7AsyncHwEl | Reorder - src_order: FCR, src_shape: (80, 80, 56), dst_order: FCR, dst_shape: (80, 80, 51))
[2025-09-12 11:34:29.512] [3394] [HailoRT] [info] [edge_elements.cpp:187] [create] Created (LastAsyncEl0PostInferEl7AsyncHwEl)
[2025-09-12 11:34:29.512] [3394] [HailoRT] [info] [pipeline.cpp:891] [print_deep_description] EntryPushQEl0yolov8m_pose/input_layer1 | inputs: user | outputs: PreInferEl1yolov8m_pose/input_layer1(running in thread_id: 3417)
[2025-09-12 11:34:29.512] [3394] [HailoRT] [info] [pipeline.cpp:891] [print_deep_description] PreInferEl1yolov8m_pose/input_layer1 | inputs: EntryPushQEl0yolov8m_pose/input_layer1[0] | outputs: PushQEl1yolov8m_pose/input_layer1
[2025-09-12 11:34:29.512] [3394] [HailoRT] [info] [pipeline.cpp:891] [print_deep_description] PushQEl1yolov8m_pose/input_layer1 | inputs: PreInferEl1yolov8m_pose/input_layer1[0] | outputs: AsyncHwEl(running in thread_id: 3418)
[2025-09-12 11:34:29.512] [3394] [HailoRT] [info] [pipeline.cpp:891] [print_deep_description] AsyncHwEl | inputs: PushQEl1yolov8m_pose/input_layer1[0] | outputs: LastAsyncEl0AsyncHwEl LastAsyncEl1AsyncHwEl PushQEl2AsyncHwEl LastAsyncEl3AsyncHwEl LastAsyncEl4AsyncHwEl PushQEl5AsyncHwEl LastAsyncEl6AsyncHwEl PushQEl7AsyncHwEl LastAsyncEl8AsyncHwEl
[2025-09-12 11:34:29.512] [3394] [HailoRT] [info] [pipeline.cpp:891] [print_deep_description] LastAsyncEl0AsyncHwEl | inputs: AsyncHwEl[0] | outputs: user
[2025-09-12 11:34:29.512] [3394] [HailoRT] [info] [pipeline.cpp:891] [print_deep_description] LastAsyncEl1AsyncHwEl | inputs: AsyncHwEl[0] | outputs: user
[2025-09-12 11:34:29.512] [3394] [HailoRT] [info] [pipeline.cpp:891] [print_deep_description] PushQEl2AsyncHwEl | inputs: AsyncHwEl[0] | outputs: PostInferEl2AsyncHwEl(running in thread_id: 3420)
[2025-09-12 11:34:29.512] [3394] [HailoRT] [info] [pipeline.cpp:891] [print_deep_description] PostInferEl2AsyncHwEl | inputs: PushQEl2AsyncHwEl[0] | outputs: LastAsyncEl0PostInferEl2AsyncHwEl
[2025-09-12 11:34:29.512] [3394] [HailoRT] [info] [pipeline.cpp:891] [print_deep_description] LastAsyncEl0PostInferEl2AsyncHwEl | inputs: PostInferEl2AsyncHwEl[0] | outputs: user
[2025-09-12 11:34:29.512] [3394] [HailoRT] [info] [pipeline.cpp:891] [print_deep_description] LastAsyncEl3AsyncHwEl | inputs: AsyncHwEl[0] | outputs: user
[2025-09-12 11:34:29.512] [3394] [HailoRT] [info] [pipeline.cpp:891] [print_deep_description] LastAsyncEl4AsyncHwEl | inputs: AsyncHwEl[0] | outputs: user
[2025-09-12 11:34:29.512] [3394] [HailoRT] [info] [pipeline.cpp:891] [print_deep_description] PushQEl5AsyncHwEl | inputs: AsyncHwEl[0] | outputs: PostInferEl5AsyncHwEl(running in thread_id: 3419)
[2025-09-12 11:34:29.512] [3394] [HailoRT] [info] [pipeline.cpp:891] [print_deep_description] PostInferEl5AsyncHwEl | inputs: PushQEl5AsyncHwEl[0] | outputs: LastAsyncEl0PostInferEl5AsyncHwEl
[2025-09-12 11:34:29.512] [3394] [HailoRT] [info] [pipeline.cpp:891] [print_deep_description] LastAsyncEl0PostInferEl5AsyncHwEl | inputs: PostInferEl5AsyncHwEl[0] | outputs: user
[2025-09-12 11:34:29.512] [3394] [HailoRT] [info] [pipeline.cpp:891] [print_deep_description] LastAsyncEl6AsyncHwEl | inputs: AsyncHwEl[0] | outputs: user
[2025-09-12 11:34:29.512] [3394] [HailoRT] [info] [pipeline.cpp:891] [print_deep_description] PushQEl7AsyncHwEl | inputs: AsyncHwEl[0] | outputs: PostInferEl7AsyncHwEl(running in thread_id: 3421)
[2025-09-12 11:34:29.512] [3394] [HailoRT] [info] [pipeline.cpp:891] [print_deep_description] PostInferEl7AsyncHwEl | inputs: PushQEl7AsyncHwEl[0] | outputs: LastAsyncEl0PostInferEl7AsyncHwEl
[2025-09-12 11:34:29.512] [3394] [HailoRT] [info] [pipeline.cpp:891] [print_deep_description] LastAsyncEl0PostInferEl7AsyncHwEl | inputs: PostInferEl7AsyncHwEl[0] | outputs: user
[2025-09-12 11:34:29.512] [3394] [HailoRT] [info] [pipeline.cpp:891] [print_deep_description] LastAsyncEl8AsyncHwEl | inputs: AsyncHwEl[0] | outputs: user
[2025-09-12 11:34:29.518] [3394] [HailoRT] [info] [hef.cpp:1929] [get_network_group_and_network_name] No name was given. Addressing all networks of default network_group: yolov8m_pose
[2025-09-12 11:35:07.336] [3440] [HailoRT] [info] [device.cpp:49] [Device] OS Version: Linux 6.12.34+rpt-rpi-2712 #1 SMP PREEMPT Debian 1:6.12.34-1+rpt1~bookworm (2025-06-26) aarch64
[2025-09-12 11:35:07.337] [3440] [HailoRT] [info] [control.cpp:108] [control__parse_identify_results] firmware_version is: 4.20.0
[2025-09-12 11:35:07.338] [3440] [HailoRT] [info] [control.cpp:108] [control__parse_identify_results] firmware_version is: 4.20.0
[2025-09-12 11:35:07.384] [3448] [HailoRT] [info] [device.cpp:49] [Device] OS Version: Linux 6.12.34+rpt-rpi-2712 #1 SMP PREEMPT Debian 1:6.12.34-1+rpt1~bookworm (2025-06-26) aarch64
[2025-09-12 11:35:07.385] [3448] [HailoRT] [info] [control.cpp:108] [control__parse_identify_results] firmware_version is: 4.20.0
[2025-09-12 11:35:07.386] [3448] [HailoRT] [info] [control.cpp:108] [control__parse_identify_results] firmware_version is: 4.20.0
[2025-09-12 11:35:07.432] [3456] [HailoRT] [info] [device.cpp:49] [Device] OS Version: Linux 6.12.34+rpt-rpi-2712 #1 SMP PREEMPT Debian 1:6.12.34-1+rpt1~bookworm (2025-06-26) aarch64
[2025-09-12 11:35:07.433] [3456] [HailoRT] [info] [control.cpp:108] [control__parse_identify_results] firmware_version is: 4.20.0
[2025-09-12 11:35:07.434] [3456] [HailoRT] [info] [control.cpp:108] [control__parse_identify_results] firmware_version is: 4.20.0
[2025-09-12 11:35:07.515] [3429] [HailoRT] [info] [vdevice.cpp:523] [create] Creating vdevice with params: device_count: 1, scheduling_algorithm: ROUND_ROBIN, multi_process_service: false
[2025-09-12 11:35:07.527] [3429] [HailoRT] [info] [device.cpp:49] [Device] OS Version: Linux 6.12.34+rpt-rpi-2712 #1 SMP PREEMPT Debian 1:6.12.34-1+rpt1~bookworm (2025-06-26) aarch64
[2025-09-12 11:35:07.528] [3429] [HailoRT] [info] [control.cpp:108] [control__parse_identify_results] firmware_version is: 4.20.0
[2025-09-12 11:35:07.528] [3429] [HailoRT] [info] [vdevice.cpp:651] [create] VDevice Infos: 0001:01:00.0
[2025-09-12 11:35:07.627] [3429] [HailoRT] [info] [hef.cpp:1929] [get_network_group_and_network_name] No name was given. Addressing all networks of default network_group: yolov8m_pose
[2025-09-12 11:35:07.627] [3429] [HailoRT] [info] [hef.cpp:1929] [get_network_group_and_network_name] No name was given. Addressing all networks of default network_group: yolov8m_pose
[2025-09-12 11:35:07.753] [3479] [HailoRT] [info] [internal_buffer_manager.cpp:204] [print_execution_results] Planned internal buffer memory: CMA memory 0, user memory 7300608. memory to edge layer usage factor is 1
[2025-09-12 11:35:07.753] [3479] [HailoRT] [info] [internal_buffer_manager.cpp:212] [print_execution_results] Default Internal buffer planner executed successfully
[2025-09-12 11:35:07.831] [3479] [HailoRT] [info] [device_internal.cpp:57] [configure] Configuring HEF took 100.88427 milliseconds
[2025-09-12 11:35:07.831] [3479] [HailoRT] [info] [vdevice.cpp:749] [configure] Configuring HEF on VDevice took 101.253347 milliseconds
[2025-09-12 11:35:07.831] [3479] [HailoRT] [info] [infer_model.cpp:436] [configure] Configuring network group 'yolov8m_pose' with params: batch size: 2, power mode: PERFORMANCE, latency: NONE
[2025-09-12 11:35:07.832] [3479] [HailoRT] [info] [multi_io_elements.cpp:756] [create] Created (AsyncHwEl)
[2025-09-12 11:35:07.832] [3479] [HailoRT] [info] [queue_elements.cpp:450] [create] Created (EntryPushQEl0yolov8m_pose/input_layer1 | timeout: 10s)
[2025-09-12 11:35:07.832] [3479] [HailoRT] [info] [filter_elements.cpp:101] [create] Created (PreInferEl1yolov8m_pose/input_layer1 | Reorder - src_order: RGB4, src_shape: (640, 640, 3), dst_order: NHWC, dst_shape: (640, 640, 3))
[2025-09-12 11:35:07.832] [3479] [HailoRT] [info] [queue_elements.cpp:450] [create] Created (PushQEl1yolov8m_pose/input_layer1 | timeout: 10s)
[2025-09-12 11:35:07.832] [3479] [HailoRT] [info] [edge_elements.cpp:187] [create] Created (LastAsyncEl4AsyncHwEl)
[2025-09-12 11:35:07.832] [3479] [HailoRT] [info] [queue_elements.cpp:450] [create] Created (PushQEl5AsyncHwEl | timeout: 10s)
[2025-09-12 11:35:07.832] [3479] [HailoRT] [info] [filter_elements.cpp:375] [create] Created (PostInferEl5AsyncHwEl | Reorder - src_order: FCR, src_shape: (40, 40, 56), dst_order: FCR, dst_shape: (40, 40, 51))
[2025-09-12 11:35:07.832] [3479] [HailoRT] [info] [edge_elements.cpp:187] [create] Created (LastAsyncEl0PostInferEl5AsyncHwEl)
[2025-09-12 11:35:07.832] [3479] [HailoRT] [info] [edge_elements.cpp:187] [create] Created (LastAsyncEl1AsyncHwEl)
[2025-09-12 11:35:07.832] [3479] [HailoRT] [info] [queue_elements.cpp:450] [create] Created (PushQEl2AsyncHwEl | timeout: 10s)
[2025-09-12 11:35:07.832] [3479] [HailoRT] [info] [filter_elements.cpp:375] [create] Created (PostInferEl2AsyncHwEl | Reorder - src_order: FCR, src_shape: (20, 20, 56), dst_order: FCR, dst_shape: (20, 20, 51))
[2025-09-12 11:35:07.832] [3479] [HailoRT] [info] [edge_elements.cpp:187] [create] Created (LastAsyncEl0PostInferEl2AsyncHwEl)
[2025-09-12 11:35:07.832] [3479] [HailoRT] [info] [edge_elements.cpp:187] [create] Created (LastAsyncEl3AsyncHwEl)
[2025-09-12 11:35:07.832] [3479] [HailoRT] [info] [edge_elements.cpp:187] [create] Created (LastAsyncEl0AsyncHwEl)
[2025-09-12 11:35:07.832] [3479] [HailoRT] [info] [edge_elements.cpp:187] [create] Created (LastAsyncEl8AsyncHwEl)
[2025-09-12 11:35:07.832] [3479] [HailoRT] [info] [edge_elements.cpp:187] [create] Created (LastAsyncEl6AsyncHwEl)
[2025-09-12 11:35:07.832] [3479] [HailoRT] [info] [queue_elements.cpp:450] [create] Created (PushQEl7AsyncHwEl | timeout: 10s)
[2025-09-12 11:35:07.834] [3479] [HailoRT] [info] [filter_elements.cpp:375] [create] Created (PostInferEl7AsyncHwEl | Reorder - src_order: FCR, src_shape: (80, 80, 56), dst_order: FCR, dst_shape: (80, 80, 51))
[2025-09-12 11:35:07.834] [3479] [HailoRT] [info] [edge_elements.cpp:187] [create] Created (LastAsyncEl0PostInferEl7AsyncHwEl)
[2025-09-12 11:35:07.834] [3479] [HailoRT] [info] [pipeline.cpp:891] [print_deep_description] EntryPushQEl0yolov8m_pose/input_layer1 | inputs: user | outputs: PreInferEl1yolov8m_pose/input_layer1(running in thread_id: 3502)
[2025-09-12 11:35:07.834] [3479] [HailoRT] [info] [pipeline.cpp:891] [print_deep_description] PreInferEl1yolov8m_pose/input_layer1 | inputs: EntryPushQEl0yolov8m_pose/input_layer1[0] | outputs: PushQEl1yolov8m_pose/input_layer1
[2025-09-12 11:35:07.834] [3479] [HailoRT] [info] [pipeline.cpp:891] [print_deep_description] PushQEl1yolov8m_pose/input_layer1 | inputs: PreInferEl1yolov8m_pose/input_layer1[0] | outputs: AsyncHwEl(running in thread_id: 3503)
[2025-09-12 11:35:07.834] [3479] [HailoRT] [info] [pipeline.cpp:891] [print_deep_description] AsyncHwEl | inputs: PushQEl1yolov8m_pose/input_layer1[0] | outputs: LastAsyncEl0AsyncHwEl LastAsyncEl1AsyncHwEl PushQEl2AsyncHwEl LastAsyncEl3AsyncHwEl LastAsyncEl4AsyncHwEl PushQEl5AsyncHwEl LastAsyncEl6AsyncHwEl PushQEl7AsyncHwEl LastAsyncEl8AsyncHwEl
[2025-09-12 11:35:07.834] [3479] [HailoRT] [info] [pipeline.cpp:891] [print_deep_description] LastAsyncEl0AsyncHwEl | inputs: AsyncHwEl[0] | outputs: user
[2025-09-12 11:35:07.834] [3479] [HailoRT] [info] [pipeline.cpp:891] [print_deep_description] LastAsyncEl1AsyncHwEl | inputs: AsyncHwEl[0] | outputs: user
[2025-09-12 11:35:07.834] [3479] [HailoRT] [info] [pipeline.cpp:891] [print_deep_description] PushQEl2AsyncHwEl | inputs: AsyncHwEl[0] | outputs: PostInferEl2AsyncHwEl(running in thread_id: 3505)
[2025-09-12 11:35:07.834] [3479] [HailoRT] [info] [pipeline.cpp:891] [print_deep_description] PostInferEl2AsyncHwEl | inputs: PushQEl2AsyncHwEl[0] | outputs: LastAsyncEl0PostInferEl2AsyncHwEl
[2025-09-12 11:35:07.834] [3479] [HailoRT] [info] [pipeline.cpp:891] [print_deep_description] LastAsyncEl0PostInferEl2AsyncHwEl | inputs: PostInferEl2AsyncHwEl[0] | outputs: user
[2025-09-12 11:35:07.834] [3479] [HailoRT] [info] [pipeline.cpp:891] [print_deep_description] LastAsyncEl3AsyncHwEl | inputs: AsyncHwEl[0] | outputs: user
[2025-09-12 11:35:07.834] [3479] [HailoRT] [info] [pipeline.cpp:891] [print_deep_description] LastAsyncEl4AsyncHwEl | inputs: AsyncHwEl[0] | outputs: user
[2025-09-12 11:35:07.834] [3479] [HailoRT] [info] [pipeline.cpp:891] [print_deep_description] PushQEl5AsyncHwEl | inputs: AsyncHwEl[0] | outputs: PostInferEl5AsyncHwEl(running in thread_id: 3504)
[2025-09-12 11:35:07.834] [3479] [HailoRT] [info] [pipeline.cpp:891] [print_deep_description] PostInferEl5AsyncHwEl | inputs: PushQEl5AsyncHwEl[0] | outputs: LastAsyncEl0PostInferEl5AsyncHwEl
[2025-09-12 11:35:07.834] [3479] [HailoRT] [info] [pipeline.cpp:891] [print_deep_description] LastAsyncEl0PostInferEl5AsyncHwEl | inputs: PostInferEl5AsyncHwEl[0] | outputs: user
[2025-09-12 11:35:07.834] [3479] [HailoRT] [info] [pipeline.cpp:891] [print_deep_description] LastAsyncEl6AsyncHwEl | inputs: AsyncHwEl[0] | outputs: user
[2025-09-12 11:35:07.834] [3479] [HailoRT] [info] [pipeline.cpp:891] [print_deep_description] PushQEl7AsyncHwEl | inputs: AsyncHwEl[0] | outputs: PostInferEl7AsyncHwEl(running in thread_id: 3506)
[2025-09-12 11:35:07.834] [3479] [HailoRT] [info] [pipeline.cpp:891] [print_deep_description] PostInferEl7AsyncHwEl | inputs: PushQEl7AsyncHwEl[0] | outputs: LastAsyncEl0PostInferEl7AsyncHwEl
[2025-09-12 11:35:07.834] [3479] [HailoRT] [info] [pipeline.cpp:891] [print_deep_description] LastAsyncEl0PostInferEl7AsyncHwEl | inputs: PostInferEl7AsyncHwEl[0] | outputs: user
[2025-09-12 11:35:07.834] [3479] [HailoRT] [info] [pipeline.cpp:891] [print_deep_description] LastAsyncEl8AsyncHwEl | inputs: AsyncHwEl[0] | outputs: user
[2025-09-12 11:35:07.839] [3479] [HailoRT] [info] [hef.cpp:1929] [get_network_group_and_network_name] No name was given. Addressing all networks of default network_group: yolov8m_pose
[2025-09-12 11:36:39.710] [3429] [HailoRT] [info] [async_infer_runner.cpp:86] [shutdown] Pipeline was aborted. Shutting it down
[2025-09-12 11:36:39.710] [3429] [HailoRT] [info] [queue_elements.cpp:570] [execute_deactivate] enqueue() in element PushQEl2AsyncHwEl was aborted, got status = HAILO_SHUTDOWN_EVENT_SIGNALED(57)
[2025-09-12 11:36:39.710] [3429] [HailoRT] [info] [queue_elements.cpp:570] [execute_deactivate] enqueue() in element PushQEl5AsyncHwEl was aborted, got status = HAILO_SHUTDOWN_EVENT_SIGNALED(57)
[2025-09-12 11:36:39.710] [3429] [HailoRT] [info] [queue_elements.cpp:570] [execute_deactivate] enqueue() in element PushQEl7AsyncHwEl was aborted, got status = HAILO_SHUTDOWN_EVENT_SIGNALED(57)
[2025-09-12 11:36:39.710] [3429] [HailoRT] [info] [queue_elements.cpp:570] [execute_deactivate] enqueue() in element PushQEl1yolov8m_pose/input_layer1 was aborted, got status = HAILO_SHUTDOWN_EVENT_SIGNALED(57)
[2025-09-12 11:36:39.710] [3429] [HailoRT] [info] [queue_elements.cpp:570] [execute_deactivate] enqueue() in element EntryPushQEl0yolov8m_pose/input_layer1 was aborted, got status = HAILO_SHUTDOWN_EVENT_SIGNALED(57)
[2025-09-12 11:36:39.710] [3429] [HailoRT] [info] [queue_elements.cpp:46] [~BaseQueueElement] Queue element EntryPushQEl0yolov8m_pose/input_layer1 has 0 frames in his Queue on destruction
[2025-09-12 11:36:39.710] [3429] [HailoRT] [info] [queue_elements.cpp:46] [~BaseQueueElement] Queue element PushQEl1yolov8m_pose/input_layer1 has 0 frames in his Queue on destruction
[2025-09-12 11:36:39.711] [3429] [HailoRT] [info] [queue_elements.cpp:46] [~BaseQueueElement] Queue element PushQEl5AsyncHwEl has 0 frames in his Queue on destruction
[2025-09-12 11:36:39.711] [3429] [HailoRT] [info] [queue_elements.cpp:46] [~BaseQueueElement] Queue element PushQEl2AsyncHwEl has 0 frames in his Queue on destruction
[2025-09-12 11:36:39.711] [3429] [HailoRT] [info] [queue_elements.cpp:46] [~BaseQueueElement] Queue element PushQEl7AsyncHwEl has 0 frames in his Queue on destruction
[2025-09-12 11:41:57.788] [3549] [HailoRT] [info] [device.cpp:49] [Device] OS Version: Linux 6.12.34+rpt-rpi-2712 #1 SMP PREEMPT Debian 1:6.12.34-1+rpt1~bookworm (2025-06-26) aarch64
[2025-09-12 11:41:57.789] [3549] [HailoRT] [info] [control.cpp:108] [control__parse_identify_results] firmware_version is: 4.20.0
[2025-09-12 11:41:57.790] [3549] [HailoRT] [info] [control.cpp:108] [control__parse_identify_results] firmware_version is: 4.20.0
[2025-09-12 11:41:57.836] [3557] [HailoRT] [info] [device.cpp:49] [Device] OS Version: Linux 6.12.34+rpt-rpi-2712 #1 SMP PREEMPT Debian 1:6.12.34-1+rpt1~bookworm (2025-06-26) aarch64
[2025-09-12 11:41:57.837] [3557] [HailoRT] [info] [control.cpp:108] [control__parse_identify_results] firmware_version is: 4.20.0
[2025-09-12 11:41:57.838] [3557] [HailoRT] [info] [control.cpp:108] [control__parse_identify_results] firmware_version is: 4.20.0
[2025-09-12 11:41:57.888] [3565] [HailoRT] [info] [device.cpp:49] [Device] OS Version: Linux 6.12.34+rpt-rpi-2712 #1 SMP PREEMPT Debian 1:6.12.34-1+rpt1~bookworm (2025-06-26) aarch64
[2025-09-12 11:41:57.889] [3565] [HailoRT] [info] [control.cpp:108] [control__parse_identify_results] firmware_version is: 4.20.0
[2025-09-12 11:41:57.890] [3565] [HailoRT] [info] [control.cpp:108] [control__parse_identify_results] firmware_version is: 4.20.0
[2025-09-12 11:41:57.967] [3538] [HailoRT] [info] [vdevice.cpp:523] [create] Creating vdevice with params: device_count: 1, scheduling_algorithm: ROUND_ROBIN, multi_process_service: false
[2025-09-12 11:41:57.979] [3538] [HailoRT] [info] [device.cpp:49] [Device] OS Version: Linux 6.12.34+rpt-rpi-2712 #1 SMP PREEMPT Debian 1:6.12.34-1+rpt1~bookworm (2025-06-26) aarch64
[2025-09-12 11:41:57.980] [3538] [HailoRT] [info] [control.cpp:108] [control__parse_identify_results] firmware_version is: 4.20.0
[2025-09-12 11:41:57.980] [3538] [HailoRT] [info] [vdevice.cpp:651] [create] VDevice Infos: 0001:01:00.0
[2025-09-12 11:41:58.080] [3538] [HailoRT] [info] [hef.cpp:1929] [get_network_group_and_network_name] No name was given. Addressing all networks of default network_group: yolov8m_pose
[2025-09-12 11:41:58.080] [3538] [HailoRT] [info] [hef.cpp:1929] [get_network_group_and_network_name] No name was given. Addressing all networks of default network_group: yolov8m_pose
[2025-09-12 11:41:58.201] [3588] [HailoRT] [info] [internal_buffer_manager.cpp:204] [print_execution_results] Planned internal buffer memory: CMA memory 0, user memory 7300608. memory to edge layer usage factor is 1
[2025-09-12 11:41:58.201] [3588] [HailoRT] [info] [internal_buffer_manager.cpp:212] [print_execution_results] Default Internal buffer planner executed successfully
[2025-09-12 11:41:58.280] [3588] [HailoRT] [info] [device_internal.cpp:57] [configure] Configuring HEF took 94.736135 milliseconds
[2025-09-12 11:41:58.280] [3588] [HailoRT] [info] [vdevice.cpp:749] [configure] Configuring HEF on VDevice took 95.973789 milliseconds
[2025-09-12 11:41:58.280] [3588] [HailoRT] [info] [infer_model.cpp:436] [configure] Configuring network group 'yolov8m_pose' with params: batch size: 2, power mode: PERFORMANCE, latency: NONE
[2025-09-12 11:41:58.281] [3588] [HailoRT] [info] [multi_io_elements.cpp:756] [create] Created (AsyncHwEl)
[2025-09-12 11:41:58.281] [3588] [HailoRT] [info] [queue_elements.cpp:450] [create] Created (EntryPushQEl0yolov8m_pose/input_layer1 | timeout: 10s)
[2025-09-12 11:41:58.281] [3588] [HailoRT] [info] [filter_elements.cpp:101] [create] Created (PreInferEl1yolov8m_pose/input_layer1 | Reorder - src_order: RGB4, src_shape: (640, 640, 3), dst_order: NHWC, dst_shape: (640, 640, 3))
[2025-09-12 11:41:58.281] [3588] [HailoRT] [info] [queue_elements.cpp:450] [create] Created (PushQEl1yolov8m_pose/input_layer1 | timeout: 10s)
[2025-09-12 11:41:58.281] [3588] [HailoRT] [info] [edge_elements.cpp:187] [create] Created (LastAsyncEl4AsyncHwEl)
[2025-09-12 11:41:58.281] [3588] [HailoRT] [info] [queue_elements.cpp:450] [create] Created (PushQEl5AsyncHwEl | timeout: 10s)
[2025-09-12 11:41:58.281] [3588] [HailoRT] [info] [filter_elements.cpp:375] [create] Created (PostInferEl5AsyncHwEl | Reorder - src_order: FCR, src_shape: (40, 40, 56), dst_order: FCR, dst_shape: (40, 40, 51))
[2025-09-12 11:41:58.281] [3588] [HailoRT] [info] [edge_elements.cpp:187] [create] Created (LastAsyncEl0PostInferEl5AsyncHwEl)
[2025-09-12 11:41:58.281] [3588] [HailoRT] [info] [edge_elements.cpp:187] [create] Created (LastAsyncEl1AsyncHwEl)
[2025-09-12 11:41:58.281] [3588] [HailoRT] [info] [queue_elements.cpp:450] [create] Created (PushQEl2AsyncHwEl | timeout: 10s)
[2025-09-12 11:41:58.281] [3588] [HailoRT] [info] [filter_elements.cpp:375] [create] Created (PostInferEl2AsyncHwEl | Reorder - src_order: FCR, src_shape: (20, 20, 56), dst_order: FCR, dst_shape: (20, 20, 51))
[2025-09-12 11:41:58.281] [3588] [HailoRT] [info] [edge_elements.cpp:187] [create] Created (LastAsyncEl0PostInferEl2AsyncHwEl)
[2025-09-12 11:41:58.281] [3588] [HailoRT] [info] [edge_elements.cpp:187] [create] Created (LastAsyncEl3AsyncHwEl)
[2025-09-12 11:41:58.281] [3588] [HailoRT] [info] [edge_elements.cpp:187] [create] Created (LastAsyncEl0AsyncHwEl)
[2025-09-12 11:41:58.281] [3588] [HailoRT] [info] [edge_elements.cpp:187] [create] Created (LastAsyncEl8AsyncHwEl)
[2025-09-12 11:41:58.281] [3588] [HailoRT] [info] [edge_elements.cpp:187] [create] Created (LastAsyncEl6AsyncHwEl)
[2025-09-12 11:41:58.281] [3588] [HailoRT] [info] [queue_elements.cpp:450] [create] Created (PushQEl7AsyncHwEl | timeout: 10s)
[2025-09-12 11:41:58.281] [3588] [HailoRT] [info] [filter_elements.cpp:375] [create] Created (PostInferEl7AsyncHwEl | Reorder - src_order: FCR, src_shape: (80, 80, 56), dst_order: FCR, dst_shape: (80, 80, 51))
[2025-09-12 11:41:58.281] [3588] [HailoRT] [info] [edge_elements.cpp:187] [create] Created (LastAsyncEl0PostInferEl7AsyncHwEl)
[2025-09-12 11:41:58.281] [3588] [HailoRT] [info] [pipeline.cpp:891] [print_deep_description] EntryPushQEl0yolov8m_pose/input_layer1 | inputs: user | outputs: PreInferEl1yolov8m_pose/input_layer1(running in thread_id: 3611)
[2025-09-12 11:41:58.281] [3588] [HailoRT] [info] [pipeline.cpp:891] [print_deep_description] PreInferEl1yolov8m_pose/input_layer1 | inputs: EntryPushQEl0yolov8m_pose/input_layer1[0] | outputs: PushQEl1yolov8m_pose/input_layer1
[2025-09-12 11:41:58.281] [3588] [HailoRT] [info] [pipeline.cpp:891] [print_deep_description] PushQEl1yolov8m_pose/input_layer1 | inputs: PreInferEl1yolov8m_pose/input_layer1[0] | outputs: AsyncHwEl(running in thread_id: 3612)
[2025-09-12 11:41:58.281] [3588] [HailoRT] [info] [pipeline.cpp:891] [print_deep_description] AsyncHwEl | inputs: PushQEl1yolov8m_pose/input_layer1[0] | outputs: LastAsyncEl0AsyncHwEl LastAsyncEl1AsyncHwEl PushQEl2AsyncHwEl LastAsyncEl3AsyncHwEl LastAsyncEl4AsyncHwEl PushQEl5AsyncHwEl LastAsyncEl6AsyncHwEl PushQEl7AsyncHwEl LastAsyncEl8AsyncHwEl
[2025-09-12 11:41:58.281] [3588] [HailoRT] [info] [pipeline.cpp:891] [print_deep_description] LastAsyncEl0AsyncHwEl | inputs: AsyncHwEl[0] | outputs: user
[2025-09-12 11:41:58.281] [3588] [HailoRT] [info] [pipeline.cpp:891] [print_deep_description] LastAsyncEl1AsyncHwEl | inputs: AsyncHwEl[0] | outputs: user
[2025-09-12 11:41:58.281] [3588] [HailoRT] [info] [pipeline.cpp:891] [print_deep_description] PushQEl2AsyncHwEl | inputs: AsyncHwEl[0] | outputs: PostInferEl2AsyncHwEl(running in thread_id: 3614)
[2025-09-12 11:41:58.281] [3588] [HailoRT] [info] [pipeline.cpp:891] [print_deep_description] PostInferEl2AsyncHwEl | inputs: PushQEl2AsyncHwEl[0] | outputs: LastAsyncEl0PostInferEl2AsyncHwEl
[2025-09-12 11:41:58.281] [3588] [HailoRT] [info] [pipeline.cpp:891] [print_deep_description] LastAsyncEl0PostInferEl2AsyncHwEl | inputs: PostInferEl2AsyncHwEl[0] | outputs: user
[2025-09-12 11:41:58.281] [3588] [HailoRT] [info] [pipeline.cpp:891] [print_deep_description] LastAsyncEl3AsyncHwEl | inputs: AsyncHwEl[0] | outputs: user
[2025-09-12 11:41:58.281] [3588] [HailoRT] [info] [pipeline.cpp:891] [print_deep_description] LastAsyncEl4AsyncHwEl | inputs: AsyncHwEl[0] | outputs: user
[2025-09-12 11:41:58.281] [3588] [HailoRT] [info] [pipeline.cpp:891] [print_deep_description] PushQEl5AsyncHwEl | inputs: AsyncHwEl[0] | outputs: PostInferEl5AsyncHwEl(running in thread_id: 3613)
[2025-09-12 11:41:58.281] [3588] [HailoRT] [info] [pipeline.cpp:891] [print_deep_description] PostInferEl5AsyncHwEl | inputs: PushQEl5AsyncHwEl[0] | outputs: LastAsyncEl0PostInferEl5AsyncHwEl
[2025-09-12 11:41:58.282] [3588] [HailoRT] [info] [pipeline.cpp:891] [print_deep_description] LastAsyncEl0PostInferEl5AsyncHwEl | inputs: PostInferEl5AsyncHwEl[0] | outputs: user
[2025-09-12 11:41:58.282] [3588] [HailoRT] [info] [pipeline.cpp:891] [print_deep_description] LastAsyncEl6AsyncHwEl | inputs: AsyncHwEl[0] | outputs: user
[2025-09-12 11:41:58.282] [3588] [HailoRT] [info] [pipeline.cpp:891] [print_deep_description] PushQEl7AsyncHwEl | inputs: AsyncHwEl[0] | outputs: PostInferEl7AsyncHwEl(running in thread_id: 3615)
[2025-09-12 11:41:58.282] [3588] [HailoRT] [info] [pipeline.cpp:891] [print_deep_description] PostInferEl7AsyncHwEl | inputs: PushQEl7AsyncHwEl[0] | outputs: LastAsyncEl0PostInferEl7AsyncHwEl
[2025-09-12 11:41:58.282] [3588] [HailoRT] [info] [pipeline.cpp:891] [print_deep_description] LastAsyncEl0PostInferEl7AsyncHwEl | inputs: PostInferEl7AsyncHwEl[0] | outputs: user
[2025-09-12 11:41:58.282] [3588] [HailoRT] [info] [pipeline.cpp:891] [print_deep_description] LastAsyncEl8AsyncHwEl | inputs: AsyncHwEl[0] | outputs: user
[2025-09-12 11:41:58.287] [3588] [HailoRT] [info] [hef.cpp:1929] [get_network_group_and_network_name] No name was given. Addressing all networks of default network_group: yolov8m_pose
[2025-09-12 11:42:34.970] [3538] [HailoRT] [info] [async_infer_runner.cpp:86] [shutdown] Pipeline was aborted. Shutting it down
[2025-09-12 11:42:34.970] [3538] [HailoRT] [info] [queue_elements.cpp:570] [execute_deactivate] enqueue() in element PushQEl2AsyncHwEl was aborted, got status = HAILO_SHUTDOWN_EVENT_SIGNALED(57)
[2025-09-12 11:42:34.970] [3538] [HailoRT] [info] [queue_elements.cpp:570] [execute_deactivate] enqueue() in element PushQEl5AsyncHwEl was aborted, got status = HAILO_SHUTDOWN_EVENT_SIGNALED(57)
[2025-09-12 11:42:34.970] [3538] [HailoRT] [info] [queue_elements.cpp:570] [execute_deactivate] enqueue() in element PushQEl7AsyncHwEl was aborted, got status = HAILO_SHUTDOWN_EVENT_SIGNALED(57)
[2025-09-12 11:42:34.970] [3538] [HailoRT] [info] [queue_elements.cpp:570] [execute_deactivate] enqueue() in element PushQEl1yolov8m_pose/input_layer1 was aborted, got status = HAILO_SHUTDOWN_EVENT_SIGNALED(57)
[2025-09-12 11:42:34.970] [3538] [HailoRT] [info] [queue_elements.cpp:570] [execute_deactivate] enqueue() in element EntryPushQEl0yolov8m_pose/input_layer1 was aborted, got status = HAILO_SHUTDOWN_EVENT_SIGNALED(57)
[2025-09-12 11:42:34.970] [3538] [HailoRT] [info] [queue_elements.cpp:46] [~BaseQueueElement] Queue element EntryPushQEl0yolov8m_pose/input_layer1 has 0 frames in his Queue on destruction
[2025-09-12 11:42:34.970] [3538] [HailoRT] [info] [queue_elements.cpp:46] [~BaseQueueElement] Queue element PushQEl1yolov8m_pose/input_layer1 has 0 frames in his Queue on destruction
[2025-09-12 11:42:34.971] [3538] [HailoRT] [info] [queue_elements.cpp:46] [~BaseQueueElement] Queue element PushQEl5AsyncHwEl has 0 frames in his Queue on destruction
[2025-09-12 11:42:34.971] [3538] [HailoRT] [info] [queue_elements.cpp:46] [~BaseQueueElement] Queue element PushQEl2AsyncHwEl has 0 frames in his Queue on destruction
[2025-09-12 11:42:34.971] [3538] [HailoRT] [info] [queue_elements.cpp:46] [~BaseQueueElement] Queue element PushQEl7AsyncHwEl has 0 frames in his Queue on destruction
[2025-09-12 11:42:45.511] [3634] [HailoRT] [info] [device.cpp:49] [Device] OS Version: Linux 6.12.34+rpt-rpi-2712 #1 SMP PREEMPT Debian 1:6.12.34-1+rpt1~bookworm (2025-06-26) aarch64
[2025-09-12 11:42:45.512] [3634] [HailoRT] [info] [control.cpp:108] [control__parse_identify_results] firmware_version is: 4.20.0
[2025-09-12 11:42:45.513] [3634] [HailoRT] [info] [control.cpp:108] [control__parse_identify_results] firmware_version is: 4.20.0
[2025-09-12 11:42:45.576] [3642] [HailoRT] [info] [device.cpp:49] [Device] OS Version: Linux 6.12.34+rpt-rpi-2712 #1 SMP PREEMPT Debian 1:6.12.34-1+rpt1~bookworm (2025-06-26) aarch64
[2025-09-12 11:42:45.577] [3642] [HailoRT] [info] [control.cpp:108] [control__parse_identify_results] firmware_version is: 4.20.0
[2025-09-12 11:42:45.578] [3642] [HailoRT] [info] [control.cpp:108] [control__parse_identify_results] firmware_version is: 4.20.0
[2025-09-12 11:42:45.640] [3650] [HailoRT] [info] [device.cpp:49] [Device] OS Version: Linux 6.12.34+rpt-rpi-2712 #1 SMP PREEMPT Debian 1:6.12.34-1+rpt1~bookworm (2025-06-26) aarch64
[2025-09-12 11:42:45.641] [3650] [HailoRT] [info] [control.cpp:108] [control__parse_identify_results] firmware_version is: 4.20.0
[2025-09-12 11:42:45.642] [3650] [HailoRT] [info] [control.cpp:108] [control__parse_identify_results] firmware_version is: 4.20.0
[2025-09-12 11:42:45.711] [3623] [HailoRT] [info] [vdevice.cpp:523] [create] Creating vdevice with params: device_count: 1, scheduling_algorithm: ROUND_ROBIN, multi_process_service: false
[2025-09-12 11:42:45.723] [3623] [HailoRT] [info] [device.cpp:49] [Device] OS Version: Linux 6.12.34+rpt-rpi-2712 #1 SMP PREEMPT Debian 1:6.12.34-1+rpt1~bookworm (2025-06-26) aarch64
[2025-09-12 11:42:45.724] [3623] [HailoRT] [info] [control.cpp:108] [control__parse_identify_results] firmware_version is: 4.20.0
[2025-09-12 11:42:45.724] [3623] [HailoRT] [info] [vdevice.cpp:651] [create] VDevice Infos: 0001:01:00.0
[2025-09-12 11:42:45.823] [3623] [HailoRT] [info] [hef.cpp:1929] [get_network_group_and_network_name] No name was given. Addressing all networks of default network_group: yolov8m_pose
[2025-09-12 11:42:45.823] [3623] [HailoRT] [info] [hef.cpp:1929] [get_network_group_and_network_name] No name was given. Addressing all networks of default network_group: yolov8m_pose
[2025-09-12 11:42:45.966] [3673] [HailoRT] [info] [internal_buffer_manager.cpp:204] [print_execution_results] Planned internal buffer memory: CMA memory 0, user memory 7300608. memory to edge layer usage factor is 1
[2025-09-12 11:42:45.966] [3673] [HailoRT] [info] [internal_buffer_manager.cpp:212] [print_execution_results] Default Internal buffer planner executed successfully
[2025-09-12 11:42:46.027] [3673] [HailoRT] [info] [device_internal.cpp:57] [configure] Configuring HEF took 93.753437 milliseconds
[2025-09-12 11:42:46.028] [3673] [HailoRT] [info] [vdevice.cpp:749] [configure] Configuring HEF on VDevice took 94.3892 milliseconds
[2025-09-12 11:42:46.028] [3673] [HailoRT] [info] [infer_model.cpp:436] [configure] Configuring network group 'yolov8m_pose' with params: batch size: 2, power mode: PERFORMANCE, latency: NONE
[2025-09-12 11:42:46.028] [3673] [HailoRT] [info] [multi_io_elements.cpp:756] [create] Created (AsyncHwEl)
[2025-09-12 11:42:46.028] [3673] [HailoRT] [info] [queue_elements.cpp:450] [create] Created (EntryPushQEl0yolov8m_pose/input_layer1 | timeout: 10s)
[2025-09-12 11:42:46.028] [3673] [HailoRT] [info] [filter_elements.cpp:101] [create] Created (PreInferEl1yolov8m_pose/input_layer1 | Reorder - src_order: RGB4, src_shape: (640, 640, 3), dst_order: NHWC, dst_shape: (640, 640, 3))
[2025-09-12 11:42:46.028] [3673] [HailoRT] [info] [queue_elements.cpp:450] [create] Created (PushQEl1yolov8m_pose/input_layer1 | timeout: 10s)
[2025-09-12 11:42:46.028] [3673] [HailoRT] [info] [edge_elements.cpp:187] [create] Created (LastAsyncEl4AsyncHwEl)
[2025-09-12 11:42:46.028] [3673] [HailoRT] [info] [queue_elements.cpp:450] [create] Created (PushQEl5AsyncHwEl | timeout: 10s)
[2025-09-12 11:42:46.028] [3673] [HailoRT] [info] [filter_elements.cpp:375] [create] Created (PostInferEl5AsyncHwEl | Reorder - src_order: FCR, src_shape: (40, 40, 56), dst_order: FCR, dst_shape: (40, 40, 51))
[2025-09-12 11:42:46.028] [3673] [HailoRT] [info] [edge_elements.cpp:187] [create] Created (LastAsyncEl0PostInferEl5AsyncHwEl)
[2025-09-12 11:42:46.028] [3673] [HailoRT] [info] [edge_elements.cpp:187] [create] Created (LastAsyncEl1AsyncHwEl)
[2025-09-12 11:42:46.028] [3673] [HailoRT] [info] [queue_elements.cpp:450] [create] Created (PushQEl2AsyncHwEl | timeout: 10s)
[2025-09-12 11:42:46.028] [3673] [HailoRT] [info] [filter_elements.cpp:375] [create] Created (PostInferEl2AsyncHwEl | Reorder - src_order: FCR, src_shape: (20, 20, 56), dst_order: FCR, dst_shape: (20, 20, 51))
[2025-09-12 11:42:46.028] [3673] [HailoRT] [info] [edge_elements.cpp:187] [create] Created (LastAsyncEl0PostInferEl2AsyncHwEl)
[2025-09-12 11:42:46.028] [3673] [HailoRT] [info] [edge_elements.cpp:187] [create] Created (LastAsyncEl3AsyncHwEl)
[2025-09-12 11:42:46.028] [3673] [HailoRT] [info] [edge_elements.cpp:187] [create] Created (LastAsyncEl0AsyncHwEl)
[2025-09-12 11:42:46.029] [3673] [HailoRT] [info] [edge_elements.cpp:187] [create] Created (LastAsyncEl8AsyncHwEl)
[2025-09-12 11:42:46.029] [3673] [HailoRT] [info] [edge_elements.cpp:187] [create] Created (LastAsyncEl6AsyncHwEl)
[2025-09-12 11:42:46.029] [3673] [HailoRT] [info] [queue_elements.cpp:450] [create] Created (PushQEl7AsyncHwEl | timeout: 10s)
[2025-09-12 11:42:46.029] [3673] [HailoRT] [info] [filter_elements.cpp:375] [create] Created (PostInferEl7AsyncHwEl | Reorder - src_order: FCR, src_shape: (80, 80, 56), dst_order: FCR, dst_shape: (80, 80, 51))
[2025-09-12 11:42:46.029] [3673] [HailoRT] [info] [edge_elements.cpp:187] [create] Created (LastAsyncEl0PostInferEl7AsyncHwEl)
[2025-09-12 11:42:46.029] [3673] [HailoRT] [info] [pipeline.cpp:891] [print_deep_description] EntryPushQEl0yolov8m_pose/input_layer1 | inputs: user | outputs: PreInferEl1yolov8m_pose/input_layer1(running in thread_id: 3696)
[2025-09-12 11:42:46.029] [3673] [HailoRT] [info] [pipeline.cpp:891] [print_deep_description] PreInferEl1yolov8m_pose/input_layer1 | inputs: EntryPushQEl0yolov8m_pose/input_layer1[0] | outputs: PushQEl1yolov8m_pose/input_layer1
[2025-09-12 11:42:46.029] [3673] [HailoRT] [info] [pipeline.cpp:891] [print_deep_description] PushQEl1yolov8m_pose/input_layer1 | inputs: PreInferEl1yolov8m_pose/input_layer1[0] | outputs: AsyncHwEl(running in thread_id: 3697)
[2025-09-12 11:42:46.029] [3673] [HailoRT] [info] [pipeline.cpp:891] [print_deep_description] AsyncHwEl | inputs: PushQEl1yolov8m_pose/input_layer1[0] | outputs: LastAsyncEl0AsyncHwEl LastAsyncEl1AsyncHwEl PushQEl2AsyncHwEl LastAsyncEl3AsyncHwEl LastAsyncEl4AsyncHwEl PushQEl5AsyncHwEl LastAsyncEl6AsyncHwEl PushQEl7AsyncHwEl LastAsyncEl8AsyncHwEl
[2025-09-12 11:42:46.029] [3673] [HailoRT] [info] [pipeline.cpp:891] [print_deep_description] LastAsyncEl0AsyncHwEl | inputs: AsyncHwEl[0] | outputs: user
[2025-09-12 11:42:46.029] [3673] [HailoRT] [info] [pipeline.cpp:891] [print_deep_description] LastAsyncEl1AsyncHwEl | inputs: AsyncHwEl[0] | outputs: user
[2025-09-12 11:42:46.029] [3673] [HailoRT] [info] [pipeline.cpp:891] [print_deep_description] PushQEl2AsyncHwEl | inputs: AsyncHwEl[0] | outputs: PostInferEl2AsyncHwEl(running in thread_id: 3699)
[2025-09-12 11:42:46.029] [3673] [HailoRT] [info] [pipeline.cpp:891] [print_deep_description] PostInferEl2AsyncHwEl | inputs: PushQEl2AsyncHwEl[0] | outputs: LastAsyncEl0PostInferEl2AsyncHwEl
[2025-09-12 11:42:46.029] [3673] [HailoRT] [info] [pipeline.cpp:891] [print_deep_description] LastAsyncEl0PostInferEl2AsyncHwEl | inputs: PostInferEl2AsyncHwEl[0] | outputs: user
[2025-09-12 11:42:46.029] [3673] [HailoRT] [info] [pipeline.cpp:891] [print_deep_description] LastAsyncEl3AsyncHwEl | inputs: AsyncHwEl[0] | outputs: user
[2025-09-12 11:42:46.029] [3673] [HailoRT] [info] [pipeline.cpp:891] [print_deep_description] LastAsyncEl4AsyncHwEl | inputs: AsyncHwEl[0] | outputs: user
[2025-09-12 11:42:46.029] [3673] [HailoRT] [info] [pipeline.cpp:891] [print_deep_description] PushQEl5AsyncHwEl | inputs: AsyncHwEl[0] | outputs: PostInferEl5AsyncHwEl(running in thread_id: 3698)
[2025-09-12 11:42:46.029] [3673] [HailoRT] [info] [pipeline.cpp:891] [print_deep_description] PostInferEl5AsyncHwEl | inputs: PushQEl5AsyncHwEl[0] | outputs: LastAsyncEl0PostInferEl5AsyncHwEl
[2025-09-12 11:42:46.029] [3673] [HailoRT] [info] [pipeline.cpp:891] [print_deep_description] LastAsyncEl0PostInferEl5AsyncHwEl | inputs: PostInferEl5AsyncHwEl[0] | outputs: user
[2025-09-12 11:42:46.029] [3673] [HailoRT] [info] [pipeline.cpp:891] [print_deep_description] LastAsyncEl6AsyncHwEl | inputs: AsyncHwEl[0] | outputs: user
[2025-09-12 11:42:46.029] [3673] [HailoRT] [info] [pipeline.cpp:891] [print_deep_description] PushQEl7AsyncHwEl | inputs: AsyncHwEl[0] | outputs: PostInferEl7AsyncHwEl(running in thread_id: 3700)
[2025-09-12 11:42:46.029] [3673] [HailoRT] [info] [pipeline.cpp:891] [print_deep_description] PostInferEl7AsyncHwEl | inputs: PushQEl7AsyncHwEl[0] | outputs: LastAsyncEl0PostInferEl7AsyncHwEl
[2025-09-12 11:42:46.029] [3673] [HailoRT] [info] [pipeline.cpp:891] [print_deep_description] LastAsyncEl0PostInferEl7AsyncHwEl | inputs: PostInferEl7AsyncHwEl[0] | outputs: user
[2025-09-12 11:42:46.029] [3673] [HailoRT] [info] [pipeline.cpp:891] [print_deep_description] LastAsyncEl8AsyncHwEl | inputs: AsyncHwEl[0] | outputs: user
[2025-09-12 11:42:46.034] [3673] [HailoRT] [info] [hef.cpp:1929] [get_network_group_and_network_name] No name was given. Addressing all networks of default network_group: yolov8m_pose
[2025-09-12 11:47:13.411] [3730] [HailoRT] [info] [device.cpp:49] [Device] OS Version: Linux 6.12.34+rpt-rpi-2712 #1 SMP PREEMPT Debian 1:6.12.34-1+rpt1~bookworm (2025-06-26) aarch64
[2025-09-12 11:47:13.412] [3730] [HailoRT] [info] [control.cpp:108] [control__parse_identify_results] firmware_version is: 4.20.0
[2025-09-12 11:47:13.413] [3730] [HailoRT] [info] [control.cpp:108] [control__parse_identify_results] firmware_version is: 4.20.0
[2025-09-12 11:47:13.464] [3738] [HailoRT] [info] [device.cpp:49] [Device] OS Version: Linux 6.12.34+rpt-rpi-2712 #1 SMP PREEMPT Debian 1:6.12.34-1+rpt1~bookworm (2025-06-26) aarch64
[2025-09-12 11:47:13.465] [3738] [HailoRT] [info] [control.cpp:108] [control__parse_identify_results] firmware_version is: 4.20.0
[2025-09-12 11:47:13.466] [3738] [HailoRT] [info] [control.cpp:108] [control__parse_identify_results] firmware_version is: 4.20.0
[2025-09-12 11:47:13.524] [3746] [HailoRT] [info] [device.cpp:49] [Device] OS Version: Linux 6.12.34+rpt-rpi-2712 #1 SMP PREEMPT Debian 1:6.12.34-1+rpt1~bookworm (2025-06-26) aarch64
[2025-09-12 11:47:13.525] [3746] [HailoRT] [info] [control.cpp:108] [control__parse_identify_results] firmware_version is: 4.20.0
[2025-09-12 11:47:13.526] [3746] [HailoRT] [info] [control.cpp:108] [control__parse_identify_results] firmware_version is: 4.20.0
[2025-09-12 11:47:13.607] [3719] [HailoRT] [info] [vdevice.cpp:523] [create] Creating vdevice with params: device_count: 1, scheduling_algorithm: ROUND_ROBIN, multi_process_service: false
[2025-09-12 11:47:13.619] [3719] [HailoRT] [info] [device.cpp:49] [Device] OS Version: Linux 6.12.34+rpt-rpi-2712 #1 SMP PREEMPT Debian 1:6.12.34-1+rpt1~bookworm (2025-06-26) aarch64
[2025-09-12 11:47:13.621] [3719] [HailoRT] [info] [control.cpp:108] [control__parse_identify_results] firmware_version is: 4.20.0
[2025-09-12 11:47:13.621] [3719] [HailoRT] [info] [vdevice.cpp:651] [create] VDevice Infos: 0001:01:00.0
[2025-09-12 11:47:13.720] [3719] [HailoRT] [info] [hef.cpp:1929] [get_network_group_and_network_name] No name was given. Addressing all networks of default network_group: yolov8m_pose
[2025-09-12 11:47:13.720] [3719] [HailoRT] [info] [hef.cpp:1929] [get_network_group_and_network_name] No name was given. Addressing all networks of default network_group: yolov8m_pose
[2025-09-12 11:47:13.848] [3769] [HailoRT] [info] [internal_buffer_manager.cpp:204] [print_execution_results] Planned internal buffer memory: CMA memory 0, user memory 7300608. memory to edge layer usage factor is 1
[2025-09-12 11:47:13.848] [3769] [HailoRT] [info] [internal_buffer_manager.cpp:212] [print_execution_results] Default Internal buffer planner executed successfully
[2025-09-12 11:47:13.925] [3769] [HailoRT] [info] [device_internal.cpp:57] [configure] Configuring HEF took 102.263493 milliseconds
[2025-09-12 11:47:13.925] [3769] [HailoRT] [info] [vdevice.cpp:749] [configure] Configuring HEF on VDevice took 104.093244 milliseconds
[2025-09-12 11:47:13.925] [3769] [HailoRT] [info] [infer_model.cpp:436] [configure] Configuring network group 'yolov8m_pose' with params: batch size: 2, power mode: PERFORMANCE, latency: NONE
[2025-09-12 11:47:13.925] [3769] [HailoRT] [info] [multi_io_elements.cpp:756] [create] Created (AsyncHwEl)
[2025-09-12 11:47:13.925] [3769] [HailoRT] [info] [queue_elements.cpp:450] [create] Created (EntryPushQEl0yolov8m_pose/input_layer1 | timeout: 10s)
[2025-09-12 11:47:13.925] [3769] [HailoRT] [info] [filter_elements.cpp:101] [create] Created (PreInferEl1yolov8m_pose/input_layer1 | Reorder - src_order: RGB4, src_shape: (640, 640, 3), dst_order: NHWC, dst_shape: (640, 640, 3))
[2025-09-12 11:47:13.925] [3769] [HailoRT] [info] [queue_elements.cpp:450] [create] Created (PushQEl1yolov8m_pose/input_layer1 | timeout: 10s)
[2025-09-12 11:47:13.925] [3769] [HailoRT] [info] [edge_elements.cpp:187] [create] Created (LastAsyncEl4AsyncHwEl)
[2025-09-12 11:47:13.925] [3769] [HailoRT] [info] [queue_elements.cpp:450] [create] Created (PushQEl5AsyncHwEl | timeout: 10s)
[2025-09-12 11:47:13.925] [3769] [HailoRT] [info] [filter_elements.cpp:375] [create] Created (PostInferEl5AsyncHwEl | Reorder - src_order: FCR, src_shape: (40, 40, 56), dst_order: FCR, dst_shape: (40, 40, 51))
[2025-09-12 11:47:13.925] [3769] [HailoRT] [info] [edge_elements.cpp:187] [create] Created (LastAsyncEl0PostInferEl5AsyncHwEl)
[2025-09-12 11:47:13.925] [3769] [HailoRT] [info] [edge_elements.cpp:187] [create] Created (LastAsyncEl1AsyncHwEl)
[2025-09-12 11:47:13.925] [3769] [HailoRT] [info] [queue_elements.cpp:450] [create] Created (PushQEl2AsyncHwEl | timeout: 10s)
[2025-09-12 11:47:13.925] [3769] [HailoRT] [info] [filter_elements.cpp:375] [create] Created (PostInferEl2AsyncHwEl | Reorder - src_order: FCR, src_shape: (20, 20, 56), dst_order: FCR, dst_shape: (20, 20, 51))
[2025-09-12 11:47:13.925] [3769] [HailoRT] [info] [edge_elements.cpp:187] [create] Created (LastAsyncEl0PostInferEl2AsyncHwEl)
[2025-09-12 11:47:13.926] [3769] [HailoRT] [info] [edge_elements.cpp:187] [create] Created (LastAsyncEl3AsyncHwEl)
[2025-09-12 11:47:13.926] [3769] [HailoRT] [info] [edge_elements.cpp:187] [create] Created (LastAsyncEl0AsyncHwEl)
[2025-09-12 11:47:13.926] [3769] [HailoRT] [info] [edge_elements.cpp:187] [create] Created (LastAsyncEl8AsyncHwEl)
[2025-09-12 11:47:13.926] [3769] [HailoRT] [info] [edge_elements.cpp:187] [create] Created (LastAsyncEl6AsyncHwEl)
[2025-09-12 11:47:13.926] [3769] [HailoRT] [info] [queue_elements.cpp:450] [create] Created (PushQEl7AsyncHwEl | timeout: 10s)
[2025-09-12 11:47:13.926] [3769] [HailoRT] [info] [filter_elements.cpp:375] [create] Created (PostInferEl7AsyncHwEl | Reorder - src_order: FCR, src_shape: (80, 80, 56), dst_order: FCR, dst_shape: (80, 80, 51))
[2025-09-12 11:47:13.926] [3769] [HailoRT] [info] [edge_elements.cpp:187] [create] Created (LastAsyncEl0PostInferEl7AsyncHwEl)
[2025-09-12 11:47:13.926] [3769] [HailoRT] [info] [pipeline.cpp:891] [print_deep_description] EntryPushQEl0yolov8m_pose/input_layer1 | inputs: user | outputs: PreInferEl1yolov8m_pose/input_layer1(running in thread_id: 3791)
[2025-09-12 11:47:13.926] [3769] [HailoRT] [info] [pipeline.cpp:891] [print_deep_description] PreInferEl1yolov8m_pose/input_layer1 | inputs: EntryPushQEl0yolov8m_pose/input_layer1[0] | outputs: PushQEl1yolov8m_pose/input_layer1
[2025-09-12 11:47:13.926] [3769] [HailoRT] [info] [pipeline.cpp:891] [print_deep_description] PushQEl1yolov8m_pose/input_layer1 | inputs: PreInferEl1yolov8m_pose/input_layer1[0] | outputs: AsyncHwEl(running in thread_id: 3792)
[2025-09-12 11:47:13.926] [3769] [HailoRT] [info] [pipeline.cpp:891] [print_deep_description] AsyncHwEl | inputs: PushQEl1yolov8m_pose/input_layer1[0] | outputs: LastAsyncEl0AsyncHwEl LastAsyncEl1AsyncHwEl PushQEl2AsyncHwEl LastAsyncEl3AsyncHwEl LastAsyncEl4AsyncHwEl PushQEl5AsyncHwEl LastAsyncEl6AsyncHwEl PushQEl7AsyncHwEl LastAsyncEl8AsyncHwEl
[2025-09-12 11:47:13.926] [3769] [HailoRT] [info] [pipeline.cpp:891] [print_deep_description] LastAsyncEl0AsyncHwEl | inputs: AsyncHwEl[0] | outputs: user
[2025-09-12 11:47:13.926] [3769] [HailoRT] [info] [pipeline.cpp:891] [print_deep_description] LastAsyncEl1AsyncHwEl | inputs: AsyncHwEl[0] | outputs: user
[2025-09-12 11:47:13.926] [3769] [HailoRT] [info] [pipeline.cpp:891] [print_deep_description] PushQEl2AsyncHwEl | inputs: AsyncHwEl[0] | outputs: PostInferEl2AsyncHwEl(running in thread_id: 3794)
[2025-09-12 11:47:13.926] [3769] [HailoRT] [info] [pipeline.cpp:891] [print_deep_description] PostInferEl2AsyncHwEl | inputs: PushQEl2AsyncHwEl[0] | outputs: LastAsyncEl0PostInferEl2AsyncHwEl
[2025-09-12 11:47:13.926] [3769] [HailoRT] [info] [pipeline.cpp:891] [print_deep_description] LastAsyncEl0PostInferEl2AsyncHwEl | inputs: PostInferEl2AsyncHwEl[0] | outputs: user
[2025-09-12 11:47:13.926] [3769] [HailoRT] [info] [pipeline.cpp:891] [print_deep_description] LastAsyncEl3AsyncHwEl | inputs: AsyncHwEl[0] | outputs: user
[2025-09-12 11:47:13.926] [3769] [HailoRT] [info] [pipeline.cpp:891] [print_deep_description] LastAsyncEl4AsyncHwEl | inputs: AsyncHwEl[0] | outputs: user
[2025-09-12 11:47:13.926] [3769] [HailoRT] [info] [pipeline.cpp:891] [print_deep_description] PushQEl5AsyncHwEl | inputs: AsyncHwEl[0] | outputs: PostInferEl5AsyncHwEl(running in thread_id: 3793)
[2025-09-12 11:47:13.926] [3769] [HailoRT] [info] [pipeline.cpp:891] [print_deep_description] PostInferEl5AsyncHwEl | inputs: PushQEl5AsyncHwEl[0] | outputs: LastAsyncEl0PostInferEl5AsyncHwEl
[2025-09-12 11:47:13.926] [3769] [HailoRT] [info] [pipeline.cpp:891] [print_deep_description] LastAsyncEl0PostInferEl5AsyncHwEl | inputs: PostInferEl5AsyncHwEl[0] | outputs: user
[2025-09-12 11:47:13.926] [3769] [HailoRT] [info] [pipeline.cpp:891] [print_deep_description] LastAsyncEl6AsyncHwEl | inputs: AsyncHwEl[0] | outputs: user
[2025-09-12 11:47:13.926] [3769] [HailoRT] [info] [pipeline.cpp:891] [print_deep_description] PushQEl7AsyncHwEl | inputs: AsyncHwEl[0] | outputs: PostInferEl7AsyncHwEl(running in thread_id: 3795)
[2025-09-12 11:47:13.926] [3769] [HailoRT] [info] [pipeline.cpp:891] [print_deep_description] PostInferEl7AsyncHwEl | inputs: PushQEl7AsyncHwEl[0] | outputs: LastAsyncEl0PostInferEl7AsyncHwEl
[2025-09-12 11:47:13.926] [3769] [HailoRT] [info] [pipeline.cpp:891] [print_deep_description] LastAsyncEl0PostInferEl7AsyncHwEl | inputs: PostInferEl7AsyncHwEl[0] | outputs: user
[2025-09-12 11:47:13.926] [3769] [HailoRT] [info] [pipeline.cpp:891] [print_deep_description] LastAsyncEl8AsyncHwEl | inputs: AsyncHwEl[0] | outputs: user
[2025-09-12 11:47:13.932] [3769] [HailoRT] [info] [hef.cpp:1929] [get_network_group_and_network_name] No name was given. Addressing all networks of default network_group: yolov8m_pose
[2025-09-12 11:47:49.154] [3719] [HailoRT] [info] [async_infer_runner.cpp:86] [shutdown] Pipeline was aborted. Shutting it down
[2025-09-12 11:47:49.154] [3719] [HailoRT] [info] [queue_elements.cpp:570] [execute_deactivate] enqueue() in element PushQEl2AsyncHwEl was aborted, got status = HAILO_SHUTDOWN_EVENT_SIGNALED(57)
[2025-09-12 11:47:49.154] [3719] [HailoRT] [info] [queue_elements.cpp:570] [execute_deactivate] enqueue() in element PushQEl5AsyncHwEl was aborted, got status = HAILO_SHUTDOWN_EVENT_SIGNALED(57)
[2025-09-12 11:47:49.154] [3719] [HailoRT] [info] [queue_elements.cpp:570] [execute_deactivate] enqueue() in element PushQEl7AsyncHwEl was aborted, got status = HAILO_SHUTDOWN_EVENT_SIGNALED(57)
[2025-09-12 11:47:49.154] [3719] [HailoRT] [info] [queue_elements.cpp:570] [execute_deactivate] enqueue() in element PushQEl1yolov8m_pose/input_layer1 was aborted, got status = HAILO_SHUTDOWN_EVENT_SIGNALED(57)
[2025-09-12 11:47:49.154] [3719] [HailoRT] [info] [queue_elements.cpp:570] [execute_deactivate] enqueue() in element EntryPushQEl0yolov8m_pose/input_layer1 was aborted, got status = HAILO_SHUTDOWN_EVENT_SIGNALED(57)
[2025-09-12 11:47:49.154] [3719] [HailoRT] [info] [queue_elements.cpp:46] [~BaseQueueElement] Queue element EntryPushQEl0yolov8m_pose/input_layer1 has 0 frames in his Queue on destruction
[2025-09-12 11:47:49.154] [3719] [HailoRT] [info] [queue_elements.cpp:46] [~BaseQueueElement] Queue element PushQEl1yolov8m_pose/input_layer1 has 0 frames in his Queue on destruction
[2025-09-12 11:47:49.155] [3719] [HailoRT] [info] [queue_elements.cpp:46] [~BaseQueueElement] Queue element PushQEl5AsyncHwEl has 0 frames in his Queue on destruction
[2025-09-12 11:47:49.155] [3719] [HailoRT] [info] [queue_elements.cpp:46] [~BaseQueueElement] Queue element PushQEl2AsyncHwEl has 0 frames in his Queue on destruction
[2025-09-12 11:47:49.155] [3719] [HailoRT] [info] [queue_elements.cpp:46] [~BaseQueueElement] Queue element PushQEl7AsyncHwEl has 0 frames in his Queue on destruction
[2025-09-12 11:51:00.656] [3825] [HailoRT] [info] [device.cpp:49] [Device] OS Version: Linux 6.12.34+rpt-rpi-2712 #1 SMP PREEMPT Debian 1:6.12.34-1+rpt1~bookworm (2025-06-26) aarch64
[2025-09-12 11:51:00.657] [3825] [HailoRT] [info] [control.cpp:108] [control__parse_identify_results] firmware_version is: 4.20.0
[2025-09-12 11:51:00.658] [3825] [HailoRT] [info] [control.cpp:108] [control__parse_identify_results] firmware_version is: 4.20.0
[2025-09-12 11:51:00.700] [3833] [HailoRT] [info] [device.cpp:49] [Device] OS Version: Linux 6.12.34+rpt-rpi-2712 #1 SMP PREEMPT Debian 1:6.12.34-1+rpt1~bookworm (2025-06-26) aarch64
[2025-09-12 11:51:00.701] [3833] [HailoRT] [info] [control.cpp:108] [control__parse_identify_results] firmware_version is: 4.20.0
[2025-09-12 11:51:00.702] [3833] [HailoRT] [info] [control.cpp:108] [control__parse_identify_results] firmware_version is: 4.20.0
[2025-09-12 11:51:00.756] [3841] [HailoRT] [info] [device.cpp:49] [Device] OS Version: Linux 6.12.34+rpt-rpi-2712 #1 SMP PREEMPT Debian 1:6.12.34-1+rpt1~bookworm (2025-06-26) aarch64
[2025-09-12 11:51:00.757] [3841] [HailoRT] [info] [control.cpp:108] [control__parse_identify_results] firmware_version is: 4.20.0
[2025-09-12 11:51:00.758] [3841] [HailoRT] [info] [control.cpp:108] [control__parse_identify_results] firmware_version is: 4.20.0
[2025-09-12 11:51:00.831] [3814] [HailoRT] [info] [vdevice.cpp:523] [create] Creating vdevice with params: device_count: 1, scheduling_algorithm: ROUND_ROBIN, multi_process_service: false
[2025-09-12 11:51:00.843] [3814] [HailoRT] [info] [device.cpp:49] [Device] OS Version: Linux 6.12.34+rpt-rpi-2712 #1 SMP PREEMPT Debian 1:6.12.34-1+rpt1~bookworm (2025-06-26) aarch64
[2025-09-12 11:51:00.844] [3814] [HailoRT] [info] [control.cpp:108] [control__parse_identify_results] firmware_version is: 4.20.0
[2025-09-12 11:51:00.844] [3814] [HailoRT] [info] [vdevice.cpp:651] [create] VDevice Infos: 0001:01:00.0
[2025-09-12 11:51:00.944] [3814] [HailoRT] [info] [hef.cpp:1929] [get_network_group_and_network_name] No name was given. Addressing all networks of default network_group: yolov8m_pose
[2025-09-12 11:51:00.944] [3814] [HailoRT] [info] [hef.cpp:1929] [get_network_group_and_network_name] No name was given. Addressing all networks of default network_group: yolov8m_pose
[2025-09-12 11:58:12.136] [3977] [HailoRT] [info] [device.cpp:49] [Device] OS Version: Linux 6.12.34+rpt-rpi-2712 #1 SMP PREEMPT Debian 1:6.12.34-1+rpt1~bookworm (2025-06-26) aarch64
[2025-09-12 11:58:12.137] [3977] [HailoRT] [info] [control.cpp:108] [control__parse_identify_results] firmware_version is: 4.20.0
[2025-09-12 11:58:12.138] [3977] [HailoRT] [info] [control.cpp:108] [control__parse_identify_results] firmware_version is: 4.20.0
[2025-09-12 11:58:12.192] [3985] [HailoRT] [info] [device.cpp:49] [Device] OS Version: Linux 6.12.34+rpt-rpi-2712 #1 SMP PREEMPT Debian 1:6.12.34-1+rpt1~bookworm (2025-06-26) aarch64
[2025-09-12 11:58:12.193] [3985] [HailoRT] [info] [control.cpp:108] [control__parse_identify_results] firmware_version is: 4.20.0
[2025-09-12 11:58:12.194] [3985] [HailoRT] [info] [control.cpp:108] [control__parse_identify_results] firmware_version is: 4.20.0
[2025-09-12 11:58:12.248] [3993] [HailoRT] [info] [device.cpp:49] [Device] OS Version: Linux 6.12.34+rpt-rpi-2712 #1 SMP PREEMPT Debian 1:6.12.34-1+rpt1~bookworm (2025-06-26) aarch64
[2025-09-12 11:58:12.249] [3993] [HailoRT] [info] [control.cpp:108] [control__parse_identify_results] firmware_version is: 4.20.0
[2025-09-12 11:58:12.250] [3993] [HailoRT] [info] [control.cpp:108] [control__parse_identify_results] firmware_version is: 4.20.0
[2025-09-12 11:58:12.323] [3965] [HailoRT] [info] [vdevice.cpp:523] [create] Creating vdevice with params: device_count: 1, scheduling_algorithm: ROUND_ROBIN, multi_process_service: false
[2025-09-12 11:58:12.335] [3965] [HailoRT] [info] [device.cpp:49] [Device] OS Version: Linux 6.12.34+rpt-rpi-2712 #1 SMP PREEMPT Debian 1:6.12.34-1+rpt1~bookworm (2025-06-26) aarch64
[2025-09-12 11:58:12.336] [3965] [HailoRT] [info] [control.cpp:108] [control__parse_identify_results] firmware_version is: 4.20.0
[2025-09-12 11:58:12.336] [3965] [HailoRT] [info] [vdevice.cpp:651] [create] VDevice Infos: 0001:01:00.0
[2025-09-12 11:58:12.436] [3965] [HailoRT] [info] [hef.cpp:1929] [get_network_group_and_network_name] No name was given. Addressing all networks of default network_group: yolov8m_pose
[2025-09-12 11:58:12.436] [3965] [HailoRT] [info] [hef.cpp:1929] [get_network_group_and_network_name] No name was given. Addressing all networks of default network_group: yolov8m_pose
[2025-09-12 11:58:12.559] [4016] [HailoRT] [info] [internal_buffer_manager.cpp:204] [print_execution_results] Planned internal buffer memory: CMA memory 0, user memory 7300608. memory to edge layer usage factor is 1
[2025-09-12 11:58:12.559] [4016] [HailoRT] [info] [internal_buffer_manager.cpp:212] [print_execution_results] Default Internal buffer planner executed successfully
[2025-09-12 11:58:12.636] [4016] [HailoRT] [info] [device_internal.cpp:57] [configure] Configuring HEF took 94.286937 milliseconds
[2025-09-12 11:58:12.636] [4016] [HailoRT] [info] [vdevice.cpp:749] [configure] Configuring HEF on VDevice took 94.681865 milliseconds
[2025-09-12 11:58:12.636] [4016] [HailoRT] [info] [infer_model.cpp:436] [configure] Configuring network group 'yolov8m_pose' with params: batch size: 2, power mode: PERFORMANCE, latency: NONE
[2025-09-12 11:58:12.636] [4016] [HailoRT] [info] [multi_io_elements.cpp:756] [create] Created (AsyncHwEl)
[2025-09-12 11:58:12.636] [4016] [HailoRT] [info] [queue_elements.cpp:450] [create] Created (EntryPushQEl0yolov8m_pose/input_layer1 | timeout: 10s)
[2025-09-12 11:58:12.636] [4016] [HailoRT] [info] [filter_elements.cpp:101] [create] Created (PreInferEl1yolov8m_pose/input_layer1 | Reorder - src_order: RGB4, src_shape: (640, 640, 3), dst_order: NHWC, dst_shape: (640, 640, 3))
[2025-09-12 11:58:12.636] [4016] [HailoRT] [info] [queue_elements.cpp:450] [create] Created (PushQEl1yolov8m_pose/input_layer1 | timeout: 10s)
[2025-09-12 11:58:12.636] [4016] [HailoRT] [info] [edge_elements.cpp:187] [create] Created (LastAsyncEl4AsyncHwEl)
[2025-09-12 11:58:12.637] [4016] [HailoRT] [info] [queue_elements.cpp:450] [create] Created (PushQEl5AsyncHwEl | timeout: 10s)
[2025-09-12 11:58:12.637] [4016] [HailoRT] [info] [filter_elements.cpp:375] [create] Created (PostInferEl5AsyncHwEl | Reorder - src_order: FCR, src_shape: (40, 40, 56), dst_order: FCR, dst_shape: (40, 40, 51))
[2025-09-12 11:58:12.637] [4016] [HailoRT] [info] [edge_elements.cpp:187] [create] Created (LastAsyncEl0PostInferEl5AsyncHwEl)
[2025-09-12 11:58:12.637] [4016] [HailoRT] [info] [edge_elements.cpp:187] [create] Created (LastAsyncEl1AsyncHwEl)
[2025-09-12 11:58:12.637] [4016] [HailoRT] [info] [queue_elements.cpp:450] [create] Created (PushQEl2AsyncHwEl | timeout: 10s)
[2025-09-12 11:58:12.637] [4016] [HailoRT] [info] [filter_elements.cpp:375] [create] Created (PostInferEl2AsyncHwEl | Reorder - src_order: FCR, src_shape: (20, 20, 56), dst_order: FCR, dst_shape: (20, 20, 51))
[2025-09-12 11:58:12.637] [4016] [HailoRT] [info] [edge_elements.cpp:187] [create] Created (LastAsyncEl0PostInferEl2AsyncHwEl)
[2025-09-12 11:58:12.637] [4016] [HailoRT] [info] [edge_elements.cpp:187] [create] Created (LastAsyncEl3AsyncHwEl)
[2025-09-12 11:58:12.637] [4016] [HailoRT] [info] [edge_elements.cpp:187] [create] Created (LastAsyncEl0AsyncHwEl)
[2025-09-12 11:58:12.637] [4016] [HailoRT] [info] [edge_elements.cpp:187] [create] Created (LastAsyncEl8AsyncHwEl)
[2025-09-12 11:58:12.637] [4016] [HailoRT] [info] [edge_elements.cpp:187] [create] Created (LastAsyncEl6AsyncHwEl)
[2025-09-12 11:58:12.637] [4016] [HailoRT] [info] [queue_elements.cpp:450] [create] Created (PushQEl7AsyncHwEl | timeout: 10s)
[2025-09-12 11:58:12.637] [4016] [HailoRT] [info] [filter_elements.cpp:375] [create] Created (PostInferEl7AsyncHwEl | Reorder - src_order: FCR, src_shape: (80, 80, 56), dst_order: FCR, dst_shape: (80, 80, 51))
[2025-09-12 11:58:12.637] [4016] [HailoRT] [info] [edge_elements.cpp:187] [create] Created (LastAsyncEl0PostInferEl7AsyncHwEl)
[2025-09-12 11:58:12.637] [4016] [HailoRT] [info] [pipeline.cpp:891] [print_deep_description] EntryPushQEl0yolov8m_pose/input_layer1 | inputs: user | outputs: PreInferEl1yolov8m_pose/input_layer1(running in thread_id: 4039)
[2025-09-12 11:58:12.637] [4016] [HailoRT] [info] [pipeline.cpp:891] [print_deep_description] PreInferEl1yolov8m_pose/input_layer1 | inputs: EntryPushQEl0yolov8m_pose/input_layer1[0] | outputs: PushQEl1yolov8m_pose/input_layer1
[2025-09-12 11:58:12.637] [4016] [HailoRT] [info] [pipeline.cpp:891] [print_deep_description] PushQEl1yolov8m_pose/input_layer1 | inputs: PreInferEl1yolov8m_pose/input_layer1[0] | outputs: AsyncHwEl(running in thread_id: 4040)
[2025-09-12 11:58:12.637] [4016] [HailoRT] [info] [pipeline.cpp:891] [print_deep_description] AsyncHwEl | inputs: PushQEl1yolov8m_pose/input_layer1[0] | outputs: LastAsyncEl0AsyncHwEl LastAsyncEl1AsyncHwEl PushQEl2AsyncHwEl LastAsyncEl3AsyncHwEl LastAsyncEl4AsyncHwEl PushQEl5AsyncHwEl LastAsyncEl6AsyncHwEl PushQEl7AsyncHwEl LastAsyncEl8AsyncHwEl
[2025-09-12 11:58:12.637] [4016] [HailoRT] [info] [pipeline.cpp:891] [print_deep_description] LastAsyncEl0AsyncHwEl | inputs: AsyncHwEl[0] | outputs: user
[2025-09-12 11:58:12.637] [4016] [HailoRT] [info] [pipeline.cpp:891] [print_deep_description] LastAsyncEl1AsyncHwEl | inputs: AsyncHwEl[0] | outputs: user
[2025-09-12 11:58:12.637] [4016] [HailoRT] [info] [pipeline.cpp:891] [print_deep_description] PushQEl2AsyncHwEl | inputs: AsyncHwEl[0] | outputs: PostInferEl2AsyncHwEl(running in thread_id: 4042)
[2025-09-12 11:58:12.637] [4016] [HailoRT] [info] [pipeline.cpp:891] [print_deep_description] PostInferEl2AsyncHwEl | inputs: PushQEl2AsyncHwEl[0] | outputs: LastAsyncEl0PostInferEl2AsyncHwEl
[2025-09-12 11:58:12.637] [4016] [HailoRT] [info] [pipeline.cpp:891] [print_deep_description] LastAsyncEl0PostInferEl2AsyncHwEl | inputs: PostInferEl2AsyncHwEl[0] | outputs: user
[2025-09-12 11:58:12.637] [4016] [HailoRT] [info] [pipeline.cpp:891] [print_deep_description] LastAsyncEl3AsyncHwEl | inputs: AsyncHwEl[0] | outputs: user
[2025-09-12 11:58:12.637] [4016] [HailoRT] [info] [pipeline.cpp:891] [print_deep_description] LastAsyncEl4AsyncHwEl | inputs: AsyncHwEl[0] | outputs: user
[2025-09-12 11:58:12.637] [4016] [HailoRT] [info] [pipeline.cpp:891] [print_deep_description] PushQEl5AsyncHwEl | inputs: AsyncHwEl[0] | outputs: PostInferEl5AsyncHwEl(running in thread_id: 4041)
[2025-09-12 11:58:12.637] [4016] [HailoRT] [info] [pipeline.cpp:891] [print_deep_description] PostInferEl5AsyncHwEl | inputs: PushQEl5AsyncHwEl[0] | outputs: LastAsyncEl0PostInferEl5AsyncHwEl
[2025-09-12 11:58:12.637] [4016] [HailoRT] [info] [pipeline.cpp:891] [print_deep_description] LastAsyncEl0PostInferEl5AsyncHwEl | inputs: PostInferEl5AsyncHwEl[0] | outputs: user
[2025-09-12 11:58:12.637] [4016] [HailoRT] [info] [pipeline.cpp:891] [print_deep_description] LastAsyncEl6AsyncHwEl | inputs: AsyncHwEl[0] | outputs: user
[2025-09-12 11:58:12.637] [4016] [HailoRT] [info] [pipeline.cpp:891] [print_deep_description] PushQEl7AsyncHwEl | inputs: AsyncHwEl[0] | outputs: PostInferEl7AsyncHwEl(running in thread_id: 4043)
[2025-09-12 11:58:12.637] [4016] [HailoRT] [info] [pipeline.cpp:891] [print_deep_description] PostInferEl7AsyncHwEl | inputs: PushQEl7AsyncHwEl[0] | outputs: LastAsyncEl0PostInferEl7AsyncHwEl
[2025-09-12 11:58:12.637] [4016] [HailoRT] [info] [pipeline.cpp:891] [print_deep_description] LastAsyncEl0PostInferEl7AsyncHwEl | inputs: PostInferEl7AsyncHwEl[0] | outputs: user
[2025-09-12 11:58:12.637] [4016] [HailoRT] [info] [pipeline.cpp:891] [print_deep_description] LastAsyncEl8AsyncHwEl | inputs: AsyncHwEl[0] | outputs: user
[2025-09-12 11:58:12.642] [4016] [HailoRT] [info] [hef.cpp:1929] [get_network_group_and_network_name] No name was given. Addressing all networks of default network_group: yolov8m_pose
[2025-09-12 11:58:47.936] [4048] [HailoRT] [info] [device.cpp:49] [Device] OS Version: Linux 6.12.34+rpt-rpi-2712 #1 SMP PREEMPT Debian 1:6.12.34-1+rpt1~bookworm (2025-06-26) aarch64
[2025-09-12 11:58:47.937] [4048] [HailoRT] [info] [control.cpp:108] [control__parse_identify_results] firmware_version is: 4.20.0
[2025-09-12 11:58:47.938] [4048] [HailoRT] [info] [control.cpp:108] [control__parse_identify_results] firmware_version is: 4.20.0
[2025-09-12 11:58:47.980] [4056] [HailoRT] [info] [device.cpp:49] [Device] OS Version: Linux 6.12.34+rpt-rpi-2712 #1 SMP PREEMPT Debian 1:6.12.34-1+rpt1~bookworm (2025-06-26) aarch64
[2025-09-12 11:58:47.981] [4056] [HailoRT] [info] [control.cpp:108] [control__parse_identify_results] firmware_version is: 4.20.0
[2025-09-12 11:58:47.982] [4056] [HailoRT] [info] [control.cpp:108] [control__parse_identify_results] firmware_version is: 4.20.0
[2025-09-12 11:58:48.024] [4064] [HailoRT] [info] [device.cpp:49] [Device] OS Version: Linux 6.12.34+rpt-rpi-2712 #1 SMP PREEMPT Debian 1:6.12.34-1+rpt1~bookworm (2025-06-26) aarch64
[2025-09-12 11:58:48.025] [4064] [HailoRT] [info] [control.cpp:108] [control__parse_identify_results] firmware_version is: 4.20.0
[2025-09-12 11:58:48.026] [4064] [HailoRT] [info] [control.cpp:108] [control__parse_identify_results] firmware_version is: 4.20.0
[2025-09-12 11:58:47.873] [3965] [HailoRT] [info] [async_infer_runner.cpp:86] [shutdown] Pipeline was aborted. Shutting it down
[2025-09-12 11:58:47.873] [3965] [HailoRT] [info] [queue_elements.cpp:570] [execute_deactivate] enqueue() in element PushQEl2AsyncHwEl was aborted, got status = HAILO_SHUTDOWN_EVENT_SIGNALED(57)
[2025-09-12 11:58:47.873] [3965] [HailoRT] [info] [queue_elements.cpp:570] [execute_deactivate] enqueue() in element PushQEl5AsyncHwEl was aborted, got status = HAILO_SHUTDOWN_EVENT_SIGNALED(57)
[2025-09-12 11:58:47.873] [3965] [HailoRT] [info] [queue_elements.cpp:570] [execute_deactivate] enqueue() in element PushQEl7AsyncHwEl was aborted, got status = HAILO_SHUTDOWN_EVENT_SIGNALED(57)
[2025-09-12 11:58:47.873] [3965] [HailoRT] [info] [queue_elements.cpp:570] [execute_deactivate] enqueue() in element PushQEl1yolov8m_pose/input_layer1 was aborted, got status = HAILO_SHUTDOWN_EVENT_SIGNALED(57)
[2025-09-12 11:58:47.873] [3965] [HailoRT] [info] [queue_elements.cpp:570] [execute_deactivate] enqueue() in element EntryPushQEl0yolov8m_pose/input_layer1 was aborted, got status = HAILO_SHUTDOWN_EVENT_SIGNALED(57)
[2025-09-12 11:58:47.873] [3965] [HailoRT] [info] [queue_elements.cpp:46] [~BaseQueueElement] Queue element EntryPushQEl0yolov8m_pose/input_layer1 has 0 frames in his Queue on destruction
[2025-09-12 11:58:47.873] [3965] [HailoRT] [info] [queue_elements.cpp:46] [~BaseQueueElement] Queue element PushQEl1yolov8m_pose/input_layer1 has 0 frames in his Queue on destruction
[2025-09-12 11:58:47.873] [3965] [HailoRT] [info] [queue_elements.cpp:46] [~BaseQueueElement] Queue element PushQEl5AsyncHwEl has 0 frames in his Queue on destruction
[2025-09-12 11:58:47.874] [3965] [HailoRT] [info] [queue_elements.cpp:46] [~BaseQueueElement] Queue element PushQEl2AsyncHwEl has 0 frames in his Queue on destruction
[2025-09-12 11:58:47.874] [3965] [HailoRT] [info] [queue_elements.cpp:46] [~BaseQueueElement] Queue element PushQEl7AsyncHwEl has 0 frames in his Queue on destruction
[2025-09-12 11:58:48.071] [3965] [HailoRT] [info] [vdevice.cpp:523] [create] Creating vdevice with params: device_count: 1, scheduling_algorithm: ROUND_ROBIN, multi_process_service: false
[2025-09-12 11:58:48.084] [3965] [HailoRT] [info] [device.cpp:49] [Device] OS Version: Linux 6.12.34+rpt-rpi-2712 #1 SMP PREEMPT Debian 1:6.12.34-1+rpt1~bookworm (2025-06-26) aarch64
[2025-09-12 11:58:48.085] [3965] [HailoRT] [info] [control.cpp:108] [control__parse_identify_results] firmware_version is: 4.20.0
[2025-09-12 11:58:48.085] [3965] [HailoRT] [info] [vdevice.cpp:651] [create] VDevice Infos: 0001:01:00.0
[2025-09-12 11:58:48.184] [3965] [HailoRT] [info] [hef.cpp:1929] [get_network_group_and_network_name] No name was given. Addressing all networks of default network_group: yolov8m_pose
[2025-09-12 11:58:48.185] [3965] [HailoRT] [info] [hef.cpp:1929] [get_network_group_and_network_name] No name was given. Addressing all networks of default network_group: yolov8m_pose
[2025-09-12 11:58:58.545] [4087] [HailoRT] [info] [internal_buffer_manager.cpp:204] [print_execution_results] Planned internal buffer memory: CMA memory 0, user memory 7300608. memory to edge layer usage factor is 1
[2025-09-12 11:58:58.545] [4087] [HailoRT] [info] [internal_buffer_manager.cpp:212] [print_execution_results] Default Internal buffer planner executed successfully
[2025-09-12 11:58:58.619] [4087] [HailoRT] [info] [device_internal.cpp:57] [configure] Configuring HEF took 86.357932 milliseconds
[2025-09-12 11:58:58.619] [4087] [HailoRT] [info] [vdevice.cpp:749] [configure] Configuring HEF on VDevice took 86.943583 milliseconds
[2025-09-12 11:58:58.619] [4087] [HailoRT] [info] [infer_model.cpp:436] [configure] Configuring network group 'yolov8m_pose' with params: batch size: 2, power mode: PERFORMANCE, latency: NONE
[2025-09-12 11:58:58.619] [4087] [HailoRT] [info] [multi_io_elements.cpp:756] [create] Created (AsyncHwEl)
[2025-09-12 11:58:58.619] [4087] [HailoRT] [info] [queue_elements.cpp:450] [create] Created (EntryPushQEl0yolov8m_pose/input_layer1 | timeout: 10s)
[2025-09-12 11:58:58.619] [4087] [HailoRT] [info] [filter_elements.cpp:101] [create] Created (PreInferEl1yolov8m_pose/input_layer1 | Reorder - src_order: RGB4, src_shape: (640, 640, 3), dst_order: NHWC, dst_shape: (640, 640, 3))
[2025-09-12 11:58:58.619] [4087] [HailoRT] [info] [queue_elements.cpp:450] [create] Created (PushQEl1yolov8m_pose/input_layer1 | timeout: 10s)
[2025-09-12 11:58:58.619] [4087] [HailoRT] [info] [edge_elements.cpp:187] [create] Created (LastAsyncEl4AsyncHwEl)
[2025-09-12 11:58:58.620] [4087] [HailoRT] [info] [queue_elements.cpp:450] [create] Created (PushQEl5AsyncHwEl | timeout: 10s)
[2025-09-12 11:58:58.620] [4087] [HailoRT] [info] [filter_elements.cpp:375] [create] Created (PostInferEl5AsyncHwEl | Reorder - src_order: FCR, src_shape: (40, 40, 56), dst_order: FCR, dst_shape: (40, 40, 51))
[2025-09-12 11:58:58.620] [4087] [HailoRT] [info] [edge_elements.cpp:187] [create] Created (LastAsyncEl0PostInferEl5AsyncHwEl)
[2025-09-12 11:58:58.620] [4087] [HailoRT] [info] [edge_elements.cpp:187] [create] Created (LastAsyncEl1AsyncHwEl)
[2025-09-12 11:58:58.620] [4087] [HailoRT] [info] [queue_elements.cpp:450] [create] Created (PushQEl2AsyncHwEl | timeout: 10s)
[2025-09-12 11:58:58.620] [4087] [HailoRT] [info] [filter_elements.cpp:375] [create] Created (PostInferEl2AsyncHwEl | Reorder - src_order: FCR, src_shape: (20, 20, 56), dst_order: FCR, dst_shape: (20, 20, 51))
[2025-09-12 11:58:58.620] [4087] [HailoRT] [info] [edge_elements.cpp:187] [create] Created (LastAsyncEl0PostInferEl2AsyncHwEl)
[2025-09-12 11:58:58.620] [4087] [HailoRT] [info] [edge_elements.cpp:187] [create] Created (LastAsyncEl3AsyncHwEl)
[2025-09-12 11:58:58.620] [4087] [HailoRT] [info] [edge_elements.cpp:187] [create] Created (LastAsyncEl0AsyncHwEl)
[2025-09-12 11:58:58.620] [4087] [HailoRT] [info] [edge_elements.cpp:187] [create] Created (LastAsyncEl8AsyncHwEl)
[2025-09-12 11:58:58.620] [4087] [HailoRT] [info] [edge_elements.cpp:187] [create] Created (LastAsyncEl6AsyncHwEl)
[2025-09-12 11:58:58.621] [4087] [HailoRT] [info] [queue_elements.cpp:450] [create] Created (PushQEl7AsyncHwEl | timeout: 10s)
[2025-09-12 11:58:58.621] [4087] [HailoRT] [info] [filter_elements.cpp:375] [create] Created (PostInferEl7AsyncHwEl | Reorder - src_order: FCR, src_shape: (80, 80, 56), dst_order: FCR, dst_shape: (80, 80, 51))
[2025-09-12 11:58:58.621] [4087] [HailoRT] [info] [edge_elements.cpp:187] [create] Created (LastAsyncEl0PostInferEl7AsyncHwEl)
[2025-09-12 11:58:58.621] [4087] [HailoRT] [info] [pipeline.cpp:891] [print_deep_description] EntryPushQEl0yolov8m_pose/input_layer1 | inputs: user | outputs: PreInferEl1yolov8m_pose/input_layer1(running in thread_id: 4106)
[2025-09-12 11:58:58.621] [4087] [HailoRT] [info] [pipeline.cpp:891] [print_deep_description] PreInferEl1yolov8m_pose/input_layer1 | inputs: EntryPushQEl0yolov8m_pose/input_layer1[0] | outputs: PushQEl1yolov8m_pose/input_layer1
[2025-09-12 11:58:58.622] [4087] [HailoRT] [info] [pipeline.cpp:891] [print_deep_description] Pus[2025-09-12 12:00:19.310] [4130] [HailoRT] [info] [device.cpp:49] [Device] OS Version: Linux 6.12.34+rpt-rpi-2712 #1 SMP PREEMPT Debian 1:6.12.34-1+rpt1~bookworm (2025-06-26) aarch64
[2025-09-12 12:00:19.311] [4130] [HailoRT] [info] [control.cpp:108] [control__parse_identify_results] firmware_version is: 4.20.0
[2025-09-12 12:00:19.312] [4130] [HailoRT] [info] [control.cpp:108] [control__parse_identify_results] firmware_version is: 4.20.0
[2025-09-12 12:00:19.380] [4138] [HailoRT] [info] [device.cpp:49] [Device] OS Version: Linux 6.12.34+rpt-rpi-2712 #1 SMP PREEMPT Debian 1:6.12.34-1+rpt1~bookworm (2025-06-26) aarch64
[2025-09-12 12:00:19.381] [4138] [HailoRT] [info] [control.cpp:108] [control__parse_identify_results] firmware_version is: 4.20.0
[2025-09-12 12:00:19.382] [4138] [HailoRT] [info] [control.cpp:108] [control__parse_identify_results] firmware_version is: 4.20.0
[2025-09-12 12:00:19.428] [4146] [HailoRT] [info] [device.cpp:49] [Device] OS Version: Linux 6.12.34+rpt-rpi-2712 #1 SMP PREEMPT Debian 1:6.12.34-1+rpt1~bookworm (2025-06-26) aarch64
[2025-09-12 12:00:19.429] [4146] [HailoRT] [info] [control.cpp:108] [control__parse_identify_results] firmware_version is: 4.20.0
[2025-09-12 12:00:19.430] [4146] [HailoRT] [info] [control.cpp:108] [control__parse_identify_results] firmware_version is: 4.20.0
[2025-09-12 12:00:19.495] [4119] [HailoRT] [info] [vdevice.cpp:523] [create] Creating vdevice with params: device_count: 1, scheduling_algorithm: ROUND_ROBIN, multi_process_service: false
[2025-09-12 12:00:19.507] [4119] [HailoRT] [info] [device.cpp:49] [Device] OS Version: Linux 6.12.34+rpt-rpi-2712 #1 SMP PREEMPT Debian 1:6.12.34-1+rpt1~bookworm (2025-06-26) aarch64
[2025-09-12 12:00:19.508] [4119] [HailoRT] [info] [control.cpp:108] [control__parse_identify_results] firmware_version is: 4.20.0
[2025-09-12 12:00:19.508] [4119] [HailoRT] [info] [vdevice.cpp:651] [create] VDevice Infos: 0001:01:00.0
[2025-09-12 12:00:19.608] [4119] [HailoRT] [info] [hef.cpp:1929] [get_network_group_and_network_name] No name was given. Addressing all networks of default network_group: yolov8m_pose
[2025-09-12 12:00:19.608] [4119] [HailoRT] [info] [hef.cpp:1929] [get_network_group_and_network_name] No name was given. Addressing all networks of default network_group: yolov8m_pose
[2025-09-12 12:00:19.728] [4169] [HailoRT] [info] [internal_buffer_manager.cpp:204] [print_execution_results] Planned internal buffer memory: CMA memory 0, user memory 7300608. memory to edge layer usage factor is 1
[2025-09-12 12:00:19.728] [4169] [HailoRT] [info] [internal_buffer_manager.cpp:212] [print_execution_results] Default Internal buffer planner executed successfully
[2025-09-12 12:00:19.804] [4169] [HailoRT] [info] [device_internal.cpp:57] [configure] Configuring HEF took 96.561817 milliseconds
[2025-09-12 12:00:19.804] [4169] [HailoRT] [info] [vdevice.cpp:749] [configure] Configuring HEF on VDevice took 97.809397 milliseconds
[2025-09-12 12:00:19.804] [4169] [HailoRT] [info] [infer_model.cpp:436] [configure] Configuring network group 'yolov8m_pose' with params: batch size: 2, power mode: PERFORMANCE, latency: NONE
[2025-09-12 12:00:19.804] [4169] [HailoRT] [info] [multi_io_elements.cpp:756] [create] Created (AsyncHwEl)
[2025-09-12 12:00:19.804] [4169] [HailoRT] [info] [queue_elements.cpp:450] [create] Created (EntryPushQEl0yolov8m_pose/input_layer1 | timeout: 10s)
[2025-09-12 12:00:19.804] [4169] [HailoRT] [info] [filter_elements.cpp:101] [create] Created (PreInferEl1yolov8m_pose/input_layer1 | Reorder - src_order: RGB4, src_shape: (640, 640, 3), dst_order: NHWC, dst_shape: (640, 640, 3))
[2025-09-12 12:00:19.804] [4169] [HailoRT] [info] [queue_elements.cpp:450] [create] Created (PushQEl1yolov8m_pose/input_layer1 | timeout: 10s)
[2025-09-12 12:00:19.804] [4169] [HailoRT] [info] [edge_elements.cpp:187] [create] Created (LastAsyncEl4AsyncHwEl)
[2025-09-12 12:00:19.804] [4169] [HailoRT] [info] [queue_elements.cpp:450] [create] Created (PushQEl5AsyncHwEl | timeout: 10s)
[2025-09-12 12:00:19.804] [4169] [HailoRT] [info] [filter_elements.cpp:375] [create] Created (PostInferEl5AsyncHwEl | Reorder - src_order: FCR, src_shape: (40, 40, 56), dst_order: FCR, dst_shape: (40, 40, 51))
[2025-09-12 12:00:19.804] [4169] [HailoRT] [info] [edge_elements.cpp:187] [create] Created (LastAsyncEl0PostInferEl5AsyncHwEl)
[2025-09-12 12:00:19.804] [4169] [HailoRT] [info] [edge_elements.cpp:187] [create] Created (LastAsyncEl1AsyncHwEl)
[2025-09-12 12:00:19.805] [4169] [HailoRT] [info] [queue_elements.cpp:450] [create] Created (PushQEl2AsyncHwEl | timeout: 10s)
[2025-09-12 12:00:19.805] [4169] [HailoRT] [info] [filter_elements.cpp:375] [create] Created (PostInferEl2AsyncHwEl | Reorder - src_order: FCR, src_shape: (20, 20, 56), dst_order: FCR, dst_shape: (20, 20, 51))
[2025-09-12 12:00:19.805] [4169] [HailoRT] [info] [edge_elements.cpp:187] [create] Created (LastAsyncEl0PostInferEl2AsyncHwEl)
[2025-09-12 12:00:19.805] [4169] [HailoRT] [info] [edge_elements.cpp:187] [create] Created (LastAsyncEl3AsyncHwEl)
[2025-09-12 12:00:19.805] [4169] [HailoRT] [info] [edge_elements.cpp:187] [create] Created (LastAsyncEl0AsyncHwEl)
[2025-09-12 12:00:19.805] [4169] [HailoRT] [info] [edge_elements.cpp:187] [create] Created (LastAsyncEl8AsyncHwEl)
[2025-09-12 12:00:19.805] [4169] [HailoRT] [info] [edge_elements.cpp:187] [create] Created (LastAsyncEl6AsyncHwEl)
[2025-09-12 12:00:19.805] [4169] [HailoRT] [info] [queue_elements.cpp:450] [create] Created (PushQEl7AsyncHwEl | timeout: 10s)
[2025-09-12 12:00:19.805] [4169] [HailoRT] [info] [filter_elements.cpp:375] [create] Created (PostInferEl7AsyncHwEl | Reorder - src_order: FCR, src_shape: (80, 80, 56), dst_order: FCR, dst_shape: (80, 80, 51))
[2025-09-12 12:00:19.805] [4169] [HailoRT] [info] [edge_elements.cpp:187] [create] Created (LastAsyncEl0PostInferEl7AsyncHwEl)
[2025-09-12 12:00:19.805] [4169] [HailoRT] [info] [pipeline.cpp:891] [print_deep_description] EntryPushQEl0yolov8m_pose/input_layer1 | inputs: user | outputs: PreInferEl1yolov8m_pose/input_layer1(running in thread_id: 4193)
[2025-09-12 12:00:19.805] [4169] [HailoRT] [info] [pipeline.cpp:891] [print_deep_description] PreInferEl1yolov8m_pose/input_layer1 | inputs: EntryPushQEl0yolov8m_pose/input_layer1[0] | outputs: PushQEl1yolov8m_pose/input_layer1
[2025-09-12 12:00:19.805] [4169] [HailoRT] [info] [pipeline.cpp:891] [print_deep_description] PushQEl1yolov8m_pose/input_layer1 | inputs: PreInferEl1yolov8m_pose/input_layer1[0] | outputs: AsyncHwEl(running in thread_id: 4194)
[2025-09-12 12:00:19.805] [4169] [HailoRT] [info] [pipeline.cpp:891] [print_deep_description] AsyncHwEl | inputs: PushQEl1yolov8m_pose/input_layer1[0] | outputs: LastAsyncEl0AsyncHwEl LastAsyncEl1AsyncHwEl PushQEl2AsyncHwEl LastAsyncEl3AsyncHwEl LastAsyncEl4AsyncHwEl PushQEl5AsyncHwEl LastAsyncEl6AsyncHwEl PushQEl7AsyncHwEl LastAsyncEl8AsyncHwEl
[2025-09-12 12:00:19.805] [4169] [HailoRT] [info] [pipeline.cpp:891] [print_deep_description] LastAsyncEl0AsyncHwEl | inputs: AsyncHwEl[0] | outputs: user
[2025-09-12 12:00:19.805] [4169] [HailoRT] [info] [pipeline.cpp:891] [print_deep_description] LastAsyncEl1AsyncHwEl | inputs: AsyncHwEl[0] | outputs: user
[2025-09-12 12:00:19.805] [4169] [HailoRT] [info] [pipeline.cpp:891] [print_deep_description] PushQEl2AsyncHwEl | inputs: AsyncHwEl[0] | outputs: PostInferEl2AsyncHwEl(running in thread_id: 4196)
[2025-09-12 12:00:19.805] [4169] [HailoRT] [info] [pipeline.cpp:891] [print_deep_description] PostInferEl2AsyncHwEl | inputs: PushQEl2AsyncHwEl[0] | outputs: LastAsyncEl0PostInferEl2AsyncHwEl
[2025-09-12 12:00:19.805] [4169] [HailoRT] [info] [pipeline.cpp:891] [print_deep_description] LastAsyncEl0PostInferEl2AsyncHwEl | inputs: PostInferEl2AsyncHwEl[0] | outputs: user
[2025-09-12 12:00:19.805] [4169] [HailoRT] [info] [pipeline.cpp:891] [print_deep_description] LastAsyncEl3AsyncHwEl | inputs: AsyncHwEl[0] | outputs: user
[2025-09-12 12:00:19.805] [4169] [HailoRT] [info] [pipeline.cpp:891] [print_deep_description] LastAsyncEl4AsyncHwEl | inputs: AsyncHwEl[0] | outputs: user
[2025-09-12 12:00:19.805] [4169] [HailoRT] [info] [pipeline.cpp:891] [print_deep_description] PushQEl5AsyncHwEl | inputs: AsyncHwEl[0] | outputs: PostInferEl5AsyncHwEl(running in thread_id: 4195)
[2025-09-12 12:00:19.805] [4169] [HailoRT] [info] [pipeline.cpp:891] [print_deep_description] PostInferEl5AsyncHwEl | inputs: PushQEl5AsyncHwEl[0] | outputs: LastAsyncEl0PostInferEl5AsyncHwEl
[2025-09-12 12:00:19.805] [4169] [HailoRT] [info] [pipeline.cpp:891] [print_deep_description] LastAsyncEl0PostInferEl5AsyncHwEl | inputs: PostInferEl5AsyncHwEl[0] | outputs: user
[2025-09-12 12:00:19.805] [4169] [HailoRT] [info] [pipeline.cpp:891] [print_deep_description] LastAsyncEl6AsyncHwEl | inputs: AsyncHwEl[0] | outputs: user
[2025-09-12 12:00:19.805] [4169] [HailoRT] [info] [pipeline.cpp:891] [print_deep_description] PushQEl7AsyncHwEl | inputs: AsyncHwEl[0] | outputs: PostInferEl7AsyncHwEl(running in thread_id: 4197)
[2025-09-12 12:00:19.805] [4169] [HailoRT] [info] [pipeline.cpp:891] [print_deep_description] PostInferEl7AsyncHwEl | inputs: PushQEl7AsyncHwEl[0] | outputs: LastAsyncEl0PostInferEl7AsyncHwEl
[2025-09-12 12:00:19.805] [4169] [HailoRT] [info] [pipeline.cpp:891] [print_deep_description] LastAsyncEl0PostInferEl7AsyncHwEl | inputs: PostInferEl7AsyncHwEl[0] | outputs: user
[2025-09-12 12:00:19.805] [4169] [HailoRT] [info] [pipeline.cpp:891] [print_deep_description] LastAsyncEl8AsyncHwEl | inputs: AsyncHwEl[0] | outputs: user
[2025-09-12 12:00:19.810] [4169] [HailoRT] [info] [hef.cpp:1929] [get_network_group_and_network_name] No name was given. Addressing all networks of default network_group: yolov8m_pose
[2025-09-12 12:00:55.092] [4201] [HailoRT] [info] [device.cpp:49] [Device] OS Version: Linux 6.12.34+rpt-rpi-2712 #1 SMP PREEMPT Debian 1:6.12.34-1+rpt1~bookworm (2025-06-26) aarch64
[2025-09-12 12:00:55.093] [4201] [HailoRT] [info] [control.cpp:108] [control__parse_identify_results] firmware_version is: 4.20.0
[2025-09-12 12:00:55.094] [4201] [HailoRT] [info] [control.cpp:108] [control__parse_identify_results] firmware_version is: 4.20.0
[2025-09-12 12:00:55.148] [4209] [HailoRT] [info] [device.cpp:49] [Device] OS Version: Linux 6.12.34+rpt-rpi-2712 #1 SMP PREEMPT Debian 1:6.12.34-1+rpt1~bookworm (2025-06-26) aarch64
[2025-09-12 12:00:55.149] [4209] [HailoRT] [info] [control.cpp:108] [control__parse_identify_results] firmware_version is: 4.20.0
[2025-09-12 12:00:55.150] [4209] [HailoRT] [info] [control.cpp:108] [control__parse_identify_results] firmware_version is: 4.20.0
[2025-09-12 12:00:55.200] [4217] [HailoRT] [info] [device.cpp:49] [Device] OS Version: Linux 6.12.34+rpt-rpi-2712 #1 SMP PREEMPT Debian 1:6.12.34-1+rpt1~bookworm (2025-06-26) aarch64
[2025-09-12 12:00:55.201] [4217] [HailoRT] [info] [control.cpp:108] [control__parse_identify_results] firmware_version is: 4.20.0
[2025-09-12 12:00:55.202] [4217] [HailoRT] [info] [control.cpp:108] [control__parse_identify_results] firmware_version is: 4.20.0
[2025-09-12 12:00:55.024] [4119] [HailoRT] [info] [async_infer_runner.cpp:86] [shutdown] Pipeline was aborted. Shutting it down
[2025-09-12 12:00:55.024] [4119] [HailoRT] [info] [queue_elements.cpp:570] [execute_deactivate] enqueue() in element PushQEl2AsyncHwEl was aborted, got status = HAILO_SHUTDOWN_EVENT_SIGNALED(57)
[2025-09-12 12:00:55.024] [4119] [HailoRT] [info] [queue_elements.cpp:570] [execute_deactivate] enqueue() in element PushQEl5AsyncHwEl was aborted, got status = HAILO_SHUTDOWN_EVENT_SIGNALED(57)
[2025-09-12 12:00:55.024] [4119] [HailoRT] [info] [queue_elements.cpp:570] [execute_deactivate] enqueue() in element PushQEl7AsyncHwEl was aborted, got status = HAILO_SHUTDOWN_EVENT_SIGNALED(57)
[2025-09-12 12:00:55.024] [4119] [HailoRT] [info] [queue_elements.cpp:570] [execute_deactivate] enqueue() in element PushQEl1yolov8m_pose/input_layer1 was aborted, got status = HAILO_SHUTDOWN_EVENT_SIGNALED(57)
[2025-09-12 12:00:55.024] [4119] [HailoRT] [info] [queue_elements.cpp:570] [execute_deactivate] enqueue() in element EntryPushQEl0yolov8m_pose/input_layer1 was aborted, got status = HAILO_SHUTDOWN_EVENT_SIGNALED(57)
[2025-09-12 12:00:55.024] [4119] [HailoRT] [info] [queue_elements.cpp:46] [~BaseQueueElement] Queue element EntryPushQEl0yolov8m_pose/input_layer1 has 0 frames in his Queue on destruction
[2025-09-12 12:00:55.024] [4119] [HailoRT] [info] [queue_elements.cpp:46] [~BaseQueueElement] Queue element PushQEl1yolov8m_pose/input_layer1 has 0 frames in his Queue on destruction
[2025-09-12 12:00:55.025] [4119] [HailoRT] [info] [queue_elements.cpp:46] [~BaseQueueElement] Queue element PushQEl5AsyncHwEl has 0 frames in his Queue on destruction
[2025-09-12 12:00:55.025] [4119] [HailoRT] [info] [queue_elements.cpp:46] [~BaseQueueElement] Queue element PushQEl2AsyncHwEl has 0 frames in his Queue on destruction
[2025-09-12 12:00:55.025] [4119] [HailoRT] [info] [queue_elements.cpp:46] [~BaseQueueElement] Queue element PushQEl7AsyncHwEl has 0 frames in his Queue on destruction
[2025-09-12 12:00:55.243] [4119] [HailoRT] [info] [vdevice.cpp:523] [create] Creating vdevice with params: device_count: 1, scheduling_algorithm: ROUND_ROBIN, multi_process_service: false
[2025-09-12 12:00:55.256] [4119] [HailoRT] [info] [device.cpp:49] [Device] OS Version: Linux 6.12.34+rpt-rpi-2712 #1 SMP PREEMPT Debian 1:6.12.34-1+rpt1~bookworm (2025-06-26) aarch64
[2025-09-12 12:00:55.257] [4119] [HailoRT] [info] [control.cpp:108] [control__parse_identify_results] firmware_version is: 4.20.0
[2025-09-12 12:00:55.257] [4119] [HailoRT] [info] [vdevice.cpp:651] [create] VDevice Infos: 0001:01:00.0
[2025-09-12 12:00:55.357] [4119] [HailoRT] [info] [hef.cpp:1929] [get_network_group_and_network_name] No name was given. Addressing all networks of default network_group: yolov8m_pose
[2025-09-12 12:00:55.357] [4119] [HailoRT] [info] [hef.cpp:1929] [get_network_group_and_network_name] No name was given. Addressing all networks of default network_group: yolov8m_pose
[2025-09-12 12:04:38.359] [4287] [HailoRT] [info] [device.cpp:49] [Device] OS Version: Linux 6.12.34+rpt-rpi-2712 #1 SMP PREEMPT Debian 1:6.12.34-1+rpt1~bookworm (2025-06-26) aarch64
[2025-09-12 12:04:38.360] [4287] [HailoRT] [info] [control.cpp:108] [control__parse_identify_results] firmware_version is: 4.20.0
[2025-09-12 12:04:38.361] [4287] [HailoRT] [info] [control.cpp:108] [control__parse_identify_results] firmware_version is: 4.20.0
[2025-09-12 12:04:38.420] [4295] [HailoRT] [info] [device.cpp:49] [Device] OS Version: Linux 6.12.34+rpt-rpi-2712 #1 SMP PREEMPT Debian 1:6.12.34-1+rpt1~bookworm (2025-06-26) aarch64
[2025-09-12 12:04:38.421] [4295] [HailoRT] [info] [control.cpp:108] [control__parse_identify_results] firmware_version is: 4.20.0
[2025-09-12 12:04:38.422] [4295] [HailoRT] [info] [control.cpp:108] [control__parse_identify_results] firmware_version is: 4.20.0
[2025-09-12 12:04:38.472] [4303] [HailoRT] [info] [device.cpp:49] [Device] OS Version: Linux 6.12.34+rpt-rpi-2712 #1 SMP PREEMPT Debian 1:6.12.34-1+rpt1~bookworm (2025-06-26) aarch64
[2025-09-12 12:04:38.473] [4303] [HailoRT] [info] [control.cpp:108] [control__parse_identify_results] firmware_version is: 4.20.0
[2025-09-12 12:04:38.474] [4303] [HailoRT] [info] [control.cpp:108] [control__parse_identify_results] firmware_version is: 4.20.0
[2025-09-12 12:04:38.547] [4276] [HailoRT] [info] [vdevice.cpp:523] [create] Creating vdevice with params: device_count: 1, scheduling_algorithm: ROUND_ROBIN, multi_process_service: false
[2025-09-12 12:04:38.559] [4276] [HailoRT] [info] [device.cpp:49] [Device] OS Version: Linux 6.12.34+rpt-rpi-2712 #1 SMP PREEMPT Debian 1:6.12.34-1+rpt1~bookworm (2025-06-26) aarch64
[2025-09-12 12:04:38.560] [4276] [HailoRT] [info] [control.cpp:108] [control__parse_identify_results] firmware_version is: 4.20.0
[2025-09-12 12:04:38.560] [4276] [HailoRT] [info] [vdevice.cpp:651] [create] VDevice Infos: 0001:01:00.0
[2025-09-12 12:04:38.660] [4276] [HailoRT] [info] [hef.cpp:1929] [get_network_group_and_network_name] No name was given. Addressing all networks of default network_group: yolov8m_pose
[2025-09-12 12:04:38.660] [4276] [HailoRT] [info] [hef.cpp:1929] [get_network_group_and_network_name] No name was given. Addressing all networks of default network_group: yolov8m_pose
[2025-09-12 12:05:03.870] [4360] [HailoRT] [info] [device.cpp:49] [Device] OS Version: Linux 6.12.34+rpt-rpi-2712 #1 SMP PREEMPT Debian 1:6.12.34-1+rpt1~bookworm (2025-06-26) aarch64
[2025-09-12 12:05:03.871] [4360] [HailoRT] [info] [control.cpp:108] [control__parse_identify_results] firmware_version is: 4.20.0
[2025-09-12 12:05:03.872] [4360] [HailoRT] [info] [control.cpp:108] [control__parse_identify_results] firmware_version is: 4.20.0
[2025-09-12 12:05:03.924] [4368] [HailoRT] [info] [device.cpp:49] [Device] OS Version: Linux 6.12.34+rpt-rpi-2712 #1 SMP PREEMPT Debian 1:6.12.34-1+rpt1~bookworm (2025-06-26) aarch64
[2025-09-12 12:05:03.925] [4368] [HailoRT] [info] [control.cpp:108] [control__parse_identify_results] firmware_version is: 4.20.0
[2025-09-12 12:05:03.926] [4368] [HailoRT] [info] [control.cpp:108] [control__parse_identify_results] firmware_version is: 4.20.0
[2025-09-12 12:05:03.976] [4376] [HailoRT] [info] [device.cpp:49] [Device] OS Version: Linux 6.12.34+rpt-rpi-2712 #1 SMP PREEMPT Debian 1:6.12.34-1+rpt1~bookworm (2025-06-26) aarch64
[2025-09-12 12:05:03.977] [4376] [HailoRT] [info] [control.cpp:108] [control__parse_identify_results] firmware_version is: 4.20.0
[2025-09-12 12:05:03.978] [4376] [HailoRT] [info] [control.cpp:108] [control__parse_identify_results] firmware_version is: 4.20.0
[2025-09-12 12:05:04.047] [4349] [HailoRT] [info] [vdevice.cpp:523] [create] Creating vdevice with params: device_count: 1, scheduling_algorithm: ROUND_ROBIN, multi_process_service: false
[2025-09-12 12:05:04.059] [4349] [HailoRT] [info] [device.cpp:49] [Device] OS Version: Linux 6.12.34+rpt-rpi-2712 #1 SMP PREEMPT Debian 1:6.12.34-1+rpt1~bookworm (2025-06-26) aarch64
[2025-09-12 12:05:04.060] [4349] [HailoRT] [info] [control.cpp:108] [control__parse_identify_results] firmware_version is: 4.20.0
[2025-09-12 12:05:04.060] [4349] [HailoRT] [info] [vdevice.cpp:651] [create] VDevice Infos: 0001:01:00.0
[2025-09-12 12:05:04.160] [4349] [HailoRT] [info] [hef.cpp:1929] [get_network_group_and_network_name] No name was given. Addressing all networks of default network_group: yolov8m_pose
[2025-09-12 12:05:04.160] [4349] [HailoRT] [info] [hef.cpp:1929] [get_network_group_and_network_name] No name was given. Addressing all networks of default network_group: yolov8m_pose
[2025-09-12 12:05:04.291] [4399] [HailoRT] [info] [internal_buffer_manager.cpp:204] [print_execution_results] Planned internal buffer memory: CMA memory 0, user memory 7300608. memory to edge layer usage factor is 1
[2025-09-12 12:05:04.291] [4399] [HailoRT] [info] [internal_buffer_manager.cpp:212] [print_execution_results] Default Internal buffer planner executed successfully
[2025-09-12 12:05:04.362] [4399] [HailoRT] [info] [device_internal.cpp:57] [configure] Configuring HEF took 85.670979 milliseconds
[2025-09-12 12:05:04.362] [4399] [HailoRT] [info] [vdevice.cpp:749] [configure] Configuring HEF on VDevice took 86.157964 milliseconds
[2025-09-12 12:05:04.362] [4399] [HailoRT] [info] [infer_model.cpp:436] [configure] Configuring network group 'yolov8m_pose' with params: batch size: 2, power mode: PERFORMANCE, latency: NONE
[2025-09-12 12:05:04.362] [4399] [HailoRT] [info] [multi_io_elements.cpp:756] [create] Created (AsyncHwEl)
[2025-09-12 12:05:04.362] [4399] [HailoRT] [info] [queue_elements.cpp:450] [create] Created (EntryPushQEl0yolov8m_pose/input_layer1 | timeout: 10s)
[2025-09-12 12:05:04.362] [4399] [HailoRT] [info] [filter_elements.cpp:101] [create] Created (PreInferEl1yolov8m_pose/input_layer1 | Reorder - src_order: RGB4, src_shape: (640, 640, 3), dst_order: NHWC, dst_shape: (640, 640, 3))
[2025-09-12 12:05:04.362] [4399] [HailoRT] [info] [queue_elements.cpp:450] [create] Created (PushQEl1yolov8m_pose/input_layer1 | timeout: 10s)
[2025-09-12 12:05:04.362] [4399] [HailoRT] [info] [edge_elements.cpp:187] [create] Created (LastAsyncEl4AsyncHwEl)
[2025-09-12 12:05:04.363] [4399] [HailoRT] [info] [queue_elements.cpp:450] [create] Created (PushQEl5AsyncHwEl | timeout: 10s)
[2025-09-12 12:05:04.363] [4399] [HailoRT] [info] [filter_elements.cpp:375] [create] Created (PostInferEl5AsyncHwEl | Reorder - src_order: FCR, src_shape: (40, 40, 56), dst_order: FCR, dst_shape: (40, 40, 51))
[2025-09-12 12:05:04.363] [4399] [HailoRT] [info] [edge_elements.cpp:187] [create] Created (LastAsyncEl0PostInferEl5AsyncHwEl)
[2025-09-12 12:05:04.363] [4399] [HailoRT] [info] [edge_elements.cpp:187] [create] Created (LastAsyncEl1AsyncHwEl)
[2025-09-12 12:05:04.363] [4399] [HailoRT] [info] [queue_elements.cpp:450] [create] Created (PushQEl2AsyncHwEl | timeout: 10s)
[2025-09-12 12:05:04.363] [4399] [HailoRT] [info] [filter_elements.cpp:375] [create] Created (PostInferEl2AsyncHwEl | Reorder - src_order: FCR, src_shape: (20, 20, 56), dst_order: FCR, dst_shape: (20, 20, 51))
[2025-09-12 12:05:04.363] [4399] [HailoRT] [info] [edge_elements.cpp:187] [create] Created (LastAsyncEl0PostInferEl2AsyncHwEl)
[2025-09-12 12:05:04.363] [4399] [HailoRT] [info] [edge_elements.cpp:187] [create] Created (LastAsyncEl3AsyncHwEl)
[2025-09-12 12:05:04.363] [4399] [HailoRT] [info] [edge_elements.cpp:187] [create] Created (LastAsyncEl0AsyncHwEl)
[2025-09-12 12:05:04.363] [4399] [HailoRT] [info] [edge_elements.cpp:187] [create] Created (LastAsyncEl8AsyncHwEl)
[2025-09-12 12:05:04.363] [4399] [HailoRT] [info] [edge_elements.cpp:187] [create] Created (LastAsyncEl6AsyncHwEl)
[2025-09-12 12:05:04.363] [4399] [HailoRT] [info] [queue_elements.cpp:450] [create] Created (PushQEl7AsyncHwEl | timeout: 10s)
[2025-09-12 12:05:04.363] [4399] [HailoRT] [info] [filter_elements.cpp:375] [create] Created (PostInferEl7AsyncHwEl | Reorder - src_order: FCR, src_shape: (80, 80, 56), dst_order: FCR, dst_shape: (80, 80, 51))
[2025-09-12 12:05:04.363] [4399] [HailoRT] [info] [edge_elements.cpp:187] [create] Created (LastAsyncEl0PostInferEl7AsyncHwEl)
[2025-09-12 12:05:04.363] [4399] [HailoRT] [info] [pipeline.cpp:891] [print_deep_description] EntryPushQEl0yolov8m_pose/input_layer1 | inputs: user | outputs: PreInferEl1yolov8m_pose/input_layer1(running in thread_id: 4422)
[2025-09-12 12:05:04.363] [4399] [HailoRT] [info] [pipeline.cpp:891] [print_deep_description] PreInferEl1yolov8m_pose/input_layer1 | inputs: EntryPushQEl0yolov8m_pose/input_layer1[0] | outputs: PushQEl1yolov8m_pose/input_layer1
[2025-09-12 12:05:04.363] [4399] [HailoRT] [info] [pipeline.cpp:891] [print_deep_description] PushQEl1yolov8m_pose/input_layer1 | inputs: PreInferEl1yolov8m_pose/input_layer1[0] | outputs: AsyncHwEl(running in thread_id: 4423)
[2025-09-12 12:05:04.363] [4399] [HailoRT] [info] [pipeline.cpp:891] [print_deep_description] AsyncHwEl | inputs: PushQEl1yolov8m_pose/input_layer1[0] | outputs: LastAsyncEl0AsyncHwEl LastAsyncEl1AsyncHwEl PushQEl2AsyncHwEl LastAsyncEl3AsyncHwEl LastAsyncEl4AsyncHwEl PushQEl5AsyncHwEl LastAsyncEl6AsyncHwEl PushQEl7AsyncHwEl LastAsyncEl8AsyncHwEl
[2025-09-12 12:05:04.363] [4399] [HailoRT] [info] [pipeline.cpp:891] [print_deep_description] LastAsyncEl0AsyncHwEl | inputs: AsyncHwEl[0] | outputs: user
[2025-09-12 12:05:04.363] [4399] [HailoRT] [info] [pipeline.cpp:891] [print_deep_description] LastAsyncEl1AsyncHwEl | inputs: AsyncHwEl[0] | outputs: user
[2025-09-12 12:05:04.363] [4399] [HailoRT] [info] [pipeline.cpp:891] [print_deep_description] PushQEl2AsyncHwEl | inputs: AsyncHwEl[0] | outputs: PostInferEl2AsyncHwEl(running in thread_id: 4425)
[2025-09-12 12:05:04.363] [4399] [HailoRT] [info] [pipeline.cpp:891] [print_deep_description] PostInferEl2AsyncHwEl | inputs: PushQEl2AsyncHwEl[0] | outputs: LastAsyncEl0PostInferEl2AsyncHwEl
[2025-09-12 12:05:04.363] [4399] [HailoRT] [info] [pipeline.cpp:891] [print_deep_description] LastAsyncEl0PostInferEl2AsyncHwEl | inputs: PostInferEl2AsyncHwEl[0] | outputs: user
[2025-09-12 12:05:04.363] [4399] [HailoRT] [info] [pipeline.cpp:891] [print_deep_description] LastAsyncEl3AsyncHwEl | inputs: AsyncHwEl[0] | outputs: user
[2025-09-12 12:05:04.363] [4399] [HailoRT] [info] [pipeline.cpp:891] [print_deep_description] LastAsyncEl4AsyncHwEl | inputs: AsyncHwEl[0] | outputs: user
[2025-09-12 12:05:04.363] [4399] [HailoRT] [info] [pipeline.cpp:891] [print_deep_description] PushQEl5AsyncHwEl | inputs: AsyncHwEl[0] | outputs: PostInferEl5AsyncHwEl(running in thread_id: 4424)
[2025-09-12 12:05:04.363] [4399] [HailoRT] [info] [pipeline.cpp:891] [print_deep_description] PostInferEl5AsyncHwEl | inputs: PushQEl5AsyncHwEl[0] | outputs: LastAsyncEl0PostInferEl5AsyncHwEl
[2025-09-12 12:05:04.363] [4399] [HailoRT] [info] [pipeline.cpp:891] [print_deep_description] LastAsyncEl0PostInferEl5AsyncHwEl | inputs: PostInferEl5AsyncHwEl[0] | outputs: user
[2025-09-12 12:05:04.363] [4399] [HailoRT] [info] [pipeline.cpp:891] [print_deep_description] LastAsyncEl6AsyncHwEl | inputs: AsyncHwEl[0] | outputs: user
[2025-09-12 12:05:04.363] [4399] [HailoRT] [info] [pipeline.cpp:891] [print_deep_description] PushQEl7AsyncHwEl | inputs: AsyncHwEl[0] | outputs: PostInferEl7AsyncHwEl(running in thread_id: 4426)
[2025-09-12 12:05:04.363] [4399] [HailoRT] [info] [pipeline.cpp:891] [print_deep_description] PostInferEl7AsyncHwEl | inputs: PushQEl7AsyncHwEl[0] | outputs: LastAsyncEl0PostInferEl7AsyncHwEl
[2025-09-12 12:05:04.363] [4399] [HailoRT] [info] [pipeline.cpp:891] [print_deep_description] LastAsyncEl0PostInferEl7AsyncHwEl | inputs: PostInferEl7AsyncHwEl[0] | outputs: user
[2025-09-12 12:05:04.363] [4399] [HailoRT] [info] [pipeline.cpp:891] [print_deep_description] LastAsyncEl8AsyncHwEl | inputs: AsyncHwEl[0] | outputs: user
[2025-09-12 12:05:04.368] [4399] [HailoRT] [info] [hef.cpp:1929] [get_network_group_and_network_name] No name was given. Addressing all networks of default network_group: yolov8m_pose
[2025-09-12 12:05:39.664] [4429] [HailoRT] [info] [device.cpp:49] [Device] OS Version: Linux 6.12.34+rpt-rpi-2712 #1 SMP PREEMPT Debian 1:6.12.34-1+rpt1~bookworm (2025-06-26) aarch64
[2025-09-12 12:05:39.665] [4429] [HailoRT] [info] [control.cpp:108] [control__parse_identify_results] firmware_version is: 4.20.0
[2025-09-12 12:05:39.666] [4429] [HailoRT] [info] [control.cpp:108] [control__parse_identify_results] firmware_version is: 4.20.0
[2025-09-12 12:05:39.736] [4437] [HailoRT] [info] [device.cpp:49] [Device] OS Version: Linux 6.12.34+rpt-rpi-2712 #1 SMP PREEMPT Debian 1:6.12.34-1+rpt1~bookworm (2025-06-26) aarch64
[2025-09-12 12:05:39.737] [4437] [HailoRT] [info] [control.cpp:108] [control__parse_identify_results] firmware_version is: 4.20.0
[2025-09-12 12:05:39.738] [4437] [HailoRT] [info] [control.cpp:108] [control__parse_identify_results] firmware_version is: 4.20.0
[2025-09-12 12:05:39.788] [4445] [HailoRT] [info] [device.cpp:49] [Device] OS Version: Linux 6.12.34+rpt-rpi-2712 #1 SMP PREEMPT Debian 1:6.12.34-1+rpt1~bookworm (2025-06-26) aarch64
[2025-09-12 12:05:39.789] [4445] [HailoRT] [info] [control.cpp:108] [control__parse_identify_results] firmware_version is: 4.20.0
[2025-09-12 12:05:39.790] [4445] [HailoRT] [info] [control.cpp:108] [control__parse_identify_results] firmware_version is: 4.20.0
[2025-09-12 12:05:39.592] [4349] [HailoRT] [info] [async_infer_runner.cpp:86] [shutdown] Pipeline was aborted. Shutting it down
[2025-09-12 12:05:39.592] [4349] [HailoRT] [info] [queue_elements.cpp:570] [execute_deactivate] enqueue() in element PushQEl2AsyncHwEl was aborted, got status = HAILO_SHUTDOWN_EVENT_SIGNALED(57)
[2025-09-12 12:05:39.592] [4349] [HailoRT] [info] [queue_elements.cpp:570] [execute_deactivate] enqueue() in element PushQEl5AsyncHwEl was aborted, got status = HAILO_SHUTDOWN_EVENT_SIGNALED(57)
[2025-09-12 12:05:39.592] [4349] [HailoRT] [info] [queue_elements.cpp:570] [execute_deactivate] enqueue() in element PushQEl7AsyncHwEl was aborted, got status = HAILO_SHUTDOWN_EVENT_SIGNALED(57)
[2025-09-12 12:05:39.592] [4349] [HailoRT] [info] [queue_elements.cpp:570] [execute_deactivate] enqueue() in element PushQEl1yolov8m_pose/input_layer1 was aborted, got status = HAILO_SHUTDOWN_EVENT_SIGNALED(57)
[2025-09-12 12:05:39.592] [4349] [HailoRT] [info] [queue_elements.cpp:570] [execute_deactivate] enqueue() in element EntryPushQEl0yolov8m_pose/input_layer1 was aborted, got status = HAILO_SHUTDOWN_EVENT_SIGNALED(57)
[2025-09-12 12:05:39.592] [4349] [HailoRT] [info] [queue_elements.cpp:46] [~BaseQueueElement] Queue element EntryPushQEl0yolov8m_pose/input_layer1 has 0 frames in his Queue on destruction
[2025-09-12 12:05:39.592] [4349] [HailoRT] [info] [queue_elements.cpp:46] [~BaseQueueElement] Queue element PushQEl1yolov8m_pose/input_layer1 has 0 frames in his Queue on destruction
[2025-09-12 12:05:39.593] [4349] [HailoRT] [info] [queue_elements.cpp:46] [~BaseQueueElement] Queue element PushQEl5AsyncHwEl has 0 frames in his Queue on destruction
[2025-09-12 12:05:39.593] [4349] [HailoRT] [info] [queue_elements.cpp:46] [~BaseQueueElement] Queue element PushQEl2AsyncHwEl has 0 frames in his Queue on destruction
[2025-09-12 12:05:39.593] [4349] [HailoRT] [info] [queue_elements.cpp:46] [~BaseQueueElement] Queue element PushQEl7AsyncHwEl has 0 frames in his Queue on destruction
[2025-09-12 12:05:39.855] [4349] [HailoRT] [info] [vdevice.cpp:523] [create] Creating vdevice with params: device_count: 1, scheduling_algorithm: ROUND_ROBIN, multi_process_service: false
[2025-09-12 12:05:39.868] [4349] [HailoRT] [info] [device.cpp:49] [Device] OS Version: Linux 6.12.34+rpt-rpi-2712 #1 SMP PREEMPT Debian 1:6.12.34-1+rpt1~bookworm (2025-06-26) aarch64
[2025-09-12 12:05:39.869] [4349] [HailoRT] [info] [control.cpp:108] [control__parse_identify_results] firmware_version is: 4.20.0
[2025-09-12 12:05:39.869] [4349] [HailoRT] [info] [vdevice.cpp:651] [create] VDevice Infos: 0001:01:00.0
[2025-09-12 12:05:39.970] [4349] [HailoRT] [info] [hef.cpp:1929] [get_network_group_and_network_name] No name was given. Addressing all networks of default network_group: yolov8m_pose
[2025-09-12 12:05:39.970] [4349] [HailoRT] [info] [hef.cpp:1929] [get_network_group_and_network_name] No name was given. Addressing all networks of default network_group: yolov8m_pose
[2025-09-12 12:07:35.934] [4518] [HailoRT] [info] [device.cpp:49] [Device] OS Version: Linux 6.12.34+rpt-rpi-2712 #1 SMP PREEMPT Debian 1:6.12.34-1+rpt1~bookworm (2025-06-26) aarch64
[2025-09-12 12:07:35.935] [4518] [HailoRT] [info] [control.cpp:108] [control__parse_identify_results] firmware_version is: 4.20.0
[2025-09-12 12:07:35.936] [4518] [HailoRT] [info] [control.cpp:108] [control__parse_identify_results] firmware_version is: 4.20.0
[2025-09-12 12:07:35.984] [4526] [HailoRT] [info] [device.cpp:49] [Device] OS Version: Linux 6.12.34+rpt-rpi-2712 #1 SMP PREEMPT Debian 1:6.12.34-1+rpt1~bookworm (2025-06-26) aarch64
[2025-09-12 12:07:35.985] [4526] [HailoRT] [info] [control.cpp:108] [control__parse_identify_results] firmware_version is: 4.20.0
[2025-09-12 12:07:35.986] [4526] [HailoRT] [info] [control.cpp:108] [control__parse_identify_results] firmware_version is: 4.20.0
[2025-09-12 12:07:36.028] [4534] [HailoRT] [info] [device.cpp:49] [Device] OS Version: Linux 6.12.34+rpt-rpi-2712 #1 SMP PREEMPT Debian 1:6.12.34-1+rpt1~bookworm (2025-06-26) aarch64
[2025-09-12 12:07:36.029] [4534] [HailoRT] [info] [control.cpp:108] [control__parse_identify_results] firmware_version is: 4.20.0
[2025-09-12 12:07:36.030] [4534] [HailoRT] [info] [control.cpp:108] [control__parse_identify_results] firmware_version is: 4.20.0
[2025-09-12 12:07:36.119] [4507] [HailoRT] [info] [vdevice.cpp:523] [create] Creating vdevice with params: device_count: 1, scheduling_algorithm: ROUND_ROBIN, multi_process_service: false
[2025-09-12 12:07:36.132] [4507] [HailoRT] [info] [device.cpp:49] [Device] OS Version: Linux 6.12.34+rpt-rpi-2712 #1 SMP PREEMPT Debian 1:6.12.34-1+rpt1~bookworm (2025-06-26) aarch64
[2025-09-12 12:07:36.133] [4507] [HailoRT] [info] [control.cpp:108] [control__parse_identify_results] firmware_version is: 4.20.0
[2025-09-12 12:07:36.133] [4507] [HailoRT] [info] [vdevice.cpp:651] [create] VDevice Infos: 0001:01:00.0
[2025-09-12 12:07:36.233] [4507] [HailoRT] [info] [hef.cpp:1929] [get_network_group_and_network_name] No name was given. Addressing all networks of default network_group: yolov8m_pose
[2025-09-12 12:07:36.233] [4507] [HailoRT] [info] [hef.cpp:1929] [get_network_group_and_network_name] No name was given. Addressing all networks of default network_group: yolov8m_pose
[2025-09-12 12:07:36.368] [4557] [HailoRT] [info] [internal_buffer_manager.cpp:204] [print_execution_results] Planned internal buffer memory: CMA memory 0, user memory 7300608. memory to edge layer usage factor is 1
[2025-09-12 12:07:36.368] [4557] [HailoRT] [info] [internal_buffer_manager.cpp:212] [print_execution_results] Default Internal buffer planner executed successfully
[2025-09-12 12:07:36.451] [4557] [HailoRT] [info] [device_internal.cpp:57] [configure] Configuring HEF took 94.604096 milliseconds
[2025-09-12 12:07:36.451] [4557] [HailoRT] [info] [vdevice.cpp:749] [configure] Configuring HEF on VDevice took 95.298063 milliseconds
[2025-09-12 12:07:36.451] [4557] [HailoRT] [info] [infer_model.cpp:436] [configure] Configuring network group 'yolov8m_pose' with params: batch size: 2, power mode: PERFORMANCE, latency: NONE
[2025-09-12 12:07:36.451] [4557] [HailoRT] [info] [multi_io_elements.cpp:756] [create] Created (AsyncHwEl)
[2025-09-12 12:07:36.451] [4557] [HailoRT] [info] [queue_elements.cpp:450] [create] Created (EntryPushQEl0yolov8m_pose/input_layer1 | timeout: 10s)
[2025-09-12 12:07:36.451] [4557] [HailoRT] [info] [filter_elements.cpp:101] [create] Created (PreInferEl1yolov8m_pose/input_layer1 | Reorder - src_order: RGB4, src_shape: (640, 640, 3), dst_order: NHWC, dst_shape: (640, 640, 3))
[2025-09-12 12:07:36.452] [4557] [HailoRT] [info] [queue_elements.cpp:450] [create] Created (PushQEl1yolov8m_pose/input_layer1 | timeout: 10s)
[2025-09-12 12:07:36.452] [4557] [HailoRT] [info] [edge_elements.cpp:187] [create] Created (LastAsyncEl4AsyncHwEl)
[2025-09-12 12:07:36.452] [4557] [HailoRT] [info] [queue_elements.cpp:450] [create] Created (PushQEl5AsyncHwEl | timeout: 10s)
[2025-09-12 12:07:36.452] [4557] [HailoRT] [info] [filter_elements.cpp:375] [create] Created (PostInferEl5AsyncHwEl | Reorder - src_order: FCR, src_shape: (40, 40, 56), dst_order: FCR, dst_shape: (40, 40, 51))
[2025-09-12 12:07:36.452] [4557] [HailoRT] [info] [edge_elements.cpp:187] [create] Created (LastAsyncEl0PostInferEl5AsyncHwEl)
[2025-09-12 12:07:36.452] [4557] [HailoRT] [info] [edge_elements.cpp:187] [create] Created (LastAsyncEl1AsyncHwEl)
[2025-09-12 12:07:36.452] [4557] [HailoRT] [info] [queue_elements.cpp:450] [create] Created (PushQEl2AsyncHwEl | timeout: 10s)
[2025-09-12 12:07:36.452] [4557] [HailoRT] [info] [filter_elements.cpp:375] [create] Created (PostInferEl2AsyncHwEl | Reorder - src_order: FCR, src_shape: (20, 20, 56), dst_order: FCR, dst_shape: (20, 20, 51))
[2025-09-12 12:07:36.452] [4557] [HailoRT] [info] [edge_elements.cpp:187] [create] Created (LastAsyncEl0PostInferEl2AsyncHwEl)
[2025-09-12 12:07:36.452] [4557] [HailoRT] [info] [edge_elements.cpp:187] [create] Created (LastAsyncEl3AsyncHwEl)
[2025-09-12 12:07:36.452] [4557] [HailoRT] [info] [edge_elements.cpp:187] [create] Created (LastAsyncEl0AsyncHwEl)
[2025-09-12 12:07:36.452] [4557] [HailoRT] [info] [edge_elements.cpp:187] [create] Created (LastAsyncEl8AsyncHwEl)
[2025-09-12 12:07:36.452] [4557] [HailoRT] [info] [edge_elements.cpp:187] [create] Created (LastAsyncEl6AsyncHwEl)
[2025-09-12 12:07:36.452] [4557] [HailoRT] [info] [queue_elements.cpp:450] [create] Created (PushQEl7AsyncHwEl | timeout: 10s)
[2025-09-12 12:07:36.452] [4557] [HailoRT] [info] [filter_elements.cpp:375] [create] Created (PostInferEl7AsyncHwEl | Reorder - src_order: FCR, src_shape: (80, 80, 56), dst_order: FCR, dst_shape: (80, 80, 51))
[2025-09-12 12:07:36.452] [4557] [HailoRT] [info] [edge_elements.cpp:187] [create] Created (LastAsyncEl0PostInferEl7AsyncHwEl)
[2025-09-12 12:07:36.452] [4557] [HailoRT] [info] [pipeline.cpp:891] [print_deep_description] EntryPushQEl0yolov8m_pose/input_layer1 | inputs: user | outputs: PreInferEl1yolov8m_pose/input_layer1(running in thread_id: 4580)
[2025-09-12 12:07:36.452] [4557] [HailoRT] [info] [pipeline.cpp:891] [print_deep_description] PreInferEl1yolov8m_pose/input_layer1 | inputs: EntryPushQEl0yolov8m_pose/input_layer1[0] | outputs: PushQEl1yolov8m_pose/input_layer1
[2025-09-12 12:07:36.452] [4557] [HailoRT] [info] [pipeline.cpp:891] [print_deep_description] PushQEl1yolov8m_pose/input_layer1 | inputs: PreInferEl1yolov8m_pose/input_layer1[0] | outputs: AsyncHwEl(running in thread_id: 4581)
[2025-09-12 12:07:36.452] [4557] [HailoRT] [info] [pipeline.cpp:891] [print_deep_description] AsyncHwEl | inputs: PushQEl1yolov8m_pose/input_layer1[0] | outputs: LastAsyncEl0AsyncHwEl LastAsyncEl1AsyncHwEl PushQEl2AsyncHwEl LastAsyncEl3AsyncHwEl LastAsyncEl4AsyncHwEl PushQEl5AsyncHwEl LastAsyncEl6AsyncHwEl PushQEl7AsyncHwEl LastAsyncEl8AsyncHwEl
[2025-09-12 12:07:36.452] [4557] [HailoRT] [info] [pipeline.cpp:891] [print_deep_description] LastAsyncEl0AsyncHwEl | inputs: AsyncHwEl[0] | outputs: user
[2025-09-12 12:07:36.452] [4557] [HailoRT] [info] [pipeline.cpp:891] [print_deep_description] LastAsyncEl1AsyncHwEl | inputs: AsyncHwEl[0] | outputs: user
[2025-09-12 12:07:36.452] [4557] [HailoRT] [info] [pipeline.cpp:891] [print_deep_description] PushQEl2AsyncHwEl | inputs: AsyncHwEl[0] | outputs: PostInferEl2AsyncHwEl(running in thread_id: 4583)
[2025-09-12 12:07:36.452] [4557] [HailoRT] [info] [pipeline.cpp:891] [print_deep_description] PostInferEl2AsyncHwEl | inputs: PushQEl2AsyncHwEl[0] | outputs: LastAsyncEl0PostInferEl2AsyncHwEl
[2025-09-12 12:07:36.452] [4557] [HailoRT] [info] [pipeline.cpp:891] [print_deep_description] LastAsyncEl0PostInferEl2AsyncHwEl | inputs: PostInferEl2AsyncHwEl[0] | outputs: user
[2025-09-12 12:07:36.452] [4557] [HailoRT] [info] [pipeline.cpp:891] [print_deep_description] LastAsyncEl3AsyncHwEl | inputs: AsyncHwEl[0] | outputs: user
[2025-09-12 12:07:36.452] [4557] [HailoRT] [info] [pipeline.cpp:891] [print_deep_description] LastAsyncEl4AsyncHwEl | inputs: AsyncHwEl[0] | outputs: user
[2025-09-12 12:07:36.452] [4557] [HailoRT] [info] [pipeline.cpp:891] [print_deep_description] PushQEl5AsyncHwEl | inputs: AsyncHwEl[0] | outputs: PostInferEl5AsyncHwEl(running in thread_id: 4582)
[2025-09-12 12:07:36.452] [4557] [HailoRT] [info] [pipeline.cpp:891] [print_deep_description] PostInferEl5AsyncHwEl | inputs: PushQEl5AsyncHwEl[0] | outputs: LastAsyncEl0PostInferEl5AsyncHwEl
[2025-09-12 12:07:36.452] [4557] [HailoRT] [info] [pipeline.cpp:891] [print_deep_description] LastAsyncEl0PostInferEl5AsyncHwEl | inputs: PostInferEl5AsyncHwEl[0] | outputs: user
[2025-09-12 12:07:36.452] [4557] [HailoRT] [info] [pipeline.cpp:891] [print_deep_description] LastAsyncEl6AsyncHwEl | inputs: AsyncHwEl[0] | outputs: user
[2025-09-12 12:07:36.452] [4557] [HailoRT] [info] [pipeline.cpp:891] [print_deep_description] PushQEl7AsyncHwEl | inputs: AsyncHwEl[0] | outputs: PostInferEl7AsyncHwEl(running in thread_id: 4584)
[2025-09-12 12:07:36.452] [4557] [HailoRT] [info] [pipeline.cpp:891] [print_deep_description] PostInferEl7AsyncHwEl | inputs: PushQEl7AsyncHwEl[0] | outputs: LastAsyncEl0PostInferEl7AsyncHwEl
[2025-09-12 12:07:36.452] [4557] [HailoRT] [info] [pipeline.cpp:891] [print_deep_description] LastAsyncEl0PostInferEl7AsyncHwEl | inputs: PostInferEl7AsyncHwEl[0] | outputs: user
[2025-09-12 12:07:36.452] [4557] [HailoRT] [info] [pipeline.cpp:891] [print_deep_description] LastAsyncEl8AsyncHwEl | inputs: AsyncHwEl[0] | outputs: user
[2025-09-12 12:07:36.457] [4557] [HailoRT] [info] [hef.cpp:1929] [get_network_group_and_network_name] No name was given. Addressing all networks of default network_group: yolov8m_pose
[2025-09-12 12:11:58.063] [4628] [HailoRT] [info] [device.cpp:49] [Device] OS Version: Linux 6.12.34+rpt-rpi-2712 #1 SMP PREEMPT Debian 1:6.12.34-1+rpt1~bookworm (2025-06-26) aarch64
[2025-09-12 12:11:58.065] [4628] [HailoRT] [info] [control.cpp:108] [control__parse_identify_results] firmware_version is: 4.20.0
[2025-09-12 12:11:58.065] [4628] [HailoRT] [info] [control.cpp:108] [control__parse_identify_results] firmware_version is: 4.20.0
[2025-09-12 12:11:58.116] [4636] [HailoRT] [info] [device.cpp:49] [Device] OS Version: Linux 6.12.34+rpt-rpi-2712 #1 SMP PREEMPT Debian 1:6.12.34-1+rpt1~bookworm (2025-06-26) aarch64
[2025-09-12 12:11:58.117] [4636] [HailoRT] [info] [control.cpp:108] [control__parse_identify_results] firmware_version is: 4.20.0
[2025-09-12 12:11:58.118] [4636] [HailoRT] [info] [control.cpp:108] [control__parse_identify_results] firmware_version is: 4.20.0
[2025-09-12 12:11:58.164] [4644] [HailoRT] [info] [device.cpp:49] [Device] OS Version: Linux 6.12.34+rpt-rpi-2712 #1 SMP PREEMPT Debian 1:6.12.34-1+rpt1~bookworm (2025-06-26) aarch64
[2025-09-12 12:11:58.165] [4644] [HailoRT] [info] [control.cpp:108] [control__parse_identify_results] firmware_version is: 4.20.0
[2025-09-12 12:11:58.166] [4644] [HailoRT] [info] [control.cpp:108] [control__parse_identify_results] firmware_version is: 4.20.0
[2025-09-12 12:11:58.239] [4617] [HailoRT] [info] [vdevice.cpp:523] [create] Creating vdevice with params: device_count: 1, scheduling_algorithm: ROUND_ROBIN, multi_process_service: false
[2025-09-12 12:11:58.251] [4617] [HailoRT] [info] [device.cpp:49] [Device] OS Version: Linux 6.12.34+rpt-rpi-2712 #1 SMP PREEMPT Debian 1:6.12.34-1+rpt1~bookworm (2025-06-26) aarch64
[2025-09-12 12:11:58.252] [4617] [HailoRT] [info] [control.cpp:108] [control__parse_identify_results] firmware_version is: 4.20.0
[2025-09-12 12:11:58.252] [4617] [HailoRT] [info] [vdevice.cpp:651] [create] VDevice Infos: 0001:01:00.0
[2025-09-12 12:11:58.352] [4617] [HailoRT] [info] [hef.cpp:1929] [get_network_group_and_network_name] No name was given. Addressing all networks of default network_group: yolov8m_pose
[2025-09-12 12:11:58.352] [4617] [HailoRT] [info] [hef.cpp:1929] [get_network_group_and_network_name] No name was given. Addressing all networks of default network_group: yolov8m_pose
[2025-09-12 12:11:58.542] [4669] [HailoRT] [info] [internal_buffer_manager.cpp:204] [print_execution_results] Planned internal buffer memory: CMA memory 0, user memory 7300608. memory to edge layer usage factor is 1
[2025-09-12 12:11:58.542] [4669] [HailoRT] [info] [internal_buffer_manager.cpp:212] [print_execution_results] Default Internal buffer planner executed successfully
[2025-09-12 12:11:58.624] [4669] [HailoRT] [info] [device_internal.cpp:57] [configure] Configuring HEF took 102.657428 milliseconds
[2025-09-12 12:11:58.624] [4669] [HailoRT] [info] [vdevice.cpp:749] [configure] Configuring HEF on VDevice took 103.097115 milliseconds
[2025-09-12 12:11:58.624] [4669] [HailoRT] [info] [infer_model.cpp:436] [configure] Configuring network group 'yolov8m_pose' with params: batch size: 2, power mode: PERFORMANCE, latency: NONE
[2025-09-12 12:11:58.624] [4669] [HailoRT] [info] [multi_io_elements.cpp:756] [create] Created (AsyncHwEl)
[2025-09-12 12:11:58.624] [4669] [HailoRT] [info] [queue_elements.cpp:450] [create] Created (EntryPushQEl0yolov8m_pose/input_layer1 | timeout: 10s)
[2025-09-12 12:11:58.624] [4669] [HailoRT] [info] [filter_elements.cpp:101] [create] Created (PreInferEl1yolov8m_pose/input_layer1 | Reorder - src_order: RGB4, src_shape: (640, 640, 3), dst_order: NHWC, dst_shape: (640, 640, 3))
[2025-09-12 12:11:58.625] [4669] [HailoRT] [info] [queue_elements.cpp:450] [create] Created (PushQEl1yolov8m_pose/input_layer1 | timeout: 10s)
[2025-09-12 12:11:58.625] [4669] [HailoRT] [info] [edge_elements.cpp:187] [create] Created (LastAsyncEl4AsyncHwEl)
[2025-09-12 12:11:58.625] [4669] [HailoRT] [info] [queue_elements.cpp:450] [create] Created (PushQEl5AsyncHwEl | timeout: 10s)
[2025-09-12 12:11:58.625] [4669] [HailoRT] [info] [filter_elements.cpp:375] [create] Created (PostInferEl5AsyncHwEl | Reorder - src_order: FCR, src_shape: (40, 40, 56), dst_order: FCR, dst_shape: (40, 40, 51))
[2025-09-12 12:11:58.625] [4669] [HailoRT] [info] [edge_elements.cpp:187] [create] Created (LastAsyncEl0PostInferEl5AsyncHwEl)
[2025-09-12 12:11:58.625] [4669] [HailoRT] [info] [edge_elements.cpp:187] [create] Created (LastAsyncEl1AsyncHwEl)
[2025-09-12 12:11:58.625] [4669] [HailoRT] [info] [queue_elements.cpp:450] [create] Created (PushQEl2AsyncHwEl | timeout: 10s)
[2025-09-12 12:11:58.625] [4669] [HailoRT] [info] [filter_elements.cpp:375] [create] Created (PostInferEl2AsyncHwEl | Reorder - src_order: FCR, src_shape: (20, 20, 56), dst_order: FCR, dst_shape: (20, 20, 51))
[2025-09-12 12:11:58.625] [4669] [HailoRT] [info] [edge_elements.cpp:187] [create] Created (LastAsyncEl0PostInferEl2AsyncHwEl)
[2025-09-12 12:11:58.625] [4669] [HailoRT] [info] [edge_elements.cpp:187] [create] Created (LastAsyncEl3AsyncHwEl)
[2025-09-12 12:11:58.625] [4669] [HailoRT] [info] [edge_elements.cpp:187] [create] Created (LastAsyncEl0AsyncHwEl)
[2025-09-12 12:11:58.625] [4669] [HailoRT] [info] [edge_elements.cpp:187] [create] Created (LastAsyncEl8AsyncHwEl)
[2025-09-12 12:11:58.625] [4669] [HailoRT] [info] [edge_elements.cpp:187] [create] Created (LastAsyncEl6AsyncHwEl)
[2025-09-12 12:11:58.625] [4669] [HailoRT] [info] [queue_elements.cpp:450] [create] Created (PushQEl7AsyncHwEl | timeout: 10s)
[2025-09-12 12:11:58.625] [4669] [HailoRT] [info] [filter_elements.cpp:375] [create] Created (PostInferEl7AsyncHwEl | Reorder - src_order: FCR, src_shape: (80, 80, 56), dst_order: FCR, dst_shape: (80, 80, 51))
[2025-09-12 12:11:58.625] [4669] [HailoRT] [info] [edge_elements.cpp:187] [create] Created (LastAsyncEl0PostInferEl7AsyncHwEl)
[2025-09-12 12:11:58.625] [4669] [HailoRT] [info] [pipeline.cpp:891] [print_deep_description] EntryPushQEl0yolov8m_pose/input_layer1 | inputs: user | outputs: PreInferEl1yolov8m_pose/input_layer1(running in thread_id: 4692)
[2025-09-12 12:11:58.625] [4669] [HailoRT] [info] [pipeline.cpp:891] [print_deep_description] PreInferEl1yolov8m_pose/input_layer1 | inputs: EntryPushQEl0yolov8m_pose/input_layer1[0] | outputs: PushQEl1yolov8m_pose/input_layer1
[2025-09-12 12:11:58.625] [4669] [HailoRT] [info] [pipeline.cpp:891] [print_deep_description] PushQEl1yolov8m_pose/input_layer1 | inputs: PreInferEl1yolov8m_pose/input_layer1[0] | outputs: AsyncHwEl(running in thread_id: 4693)
[2025-09-12 12:11:58.625] [4669] [HailoRT] [info] [pipeline.cpp:891] [print_deep_description] AsyncHwEl | inputs: PushQEl1yolov8m_pose/input_layer1[0] | outputs: LastAsyncEl0AsyncHwEl LastAsyncEl1AsyncHwEl PushQEl2AsyncHwEl LastAsyncEl3AsyncHwEl LastAsyncEl4AsyncHwEl PushQEl5AsyncHwEl LastAsyncEl6AsyncHwEl PushQEl7AsyncHwEl LastAsyncEl8AsyncHwEl
[2025-09-12 12:11:58.625] [4669] [HailoRT] [info] [pipeline.cpp:891] [print_deep_description] LastAsyncEl0AsyncHwEl | inputs: AsyncHwEl[0] | outputs: user
[2025-09-12 12:11:58.625] [4669] [HailoRT] [info] [pipeline.cpp:891] [print_deep_description] LastAsyncEl1AsyncHwEl | inputs: AsyncHwEl[0] | outputs: user
[2025-09-12 12:11:58.625] [4669] [HailoRT] [info] [pipeline.cpp:891] [print_deep_description] PushQEl2AsyncHwEl | inputs: AsyncHwEl[0] | outputs: PostInferEl2AsyncHwEl(running in thread_id: 4695)
[2025-09-12 12:11:58.625] [4669] [HailoRT] [info] [pipeline.cpp:891] [print_deep_description] PostInferEl2AsyncHwEl | inputs: PushQEl2AsyncHwEl[0] | outputs: LastAsyncEl0PostInferEl2AsyncHwEl
[2025-09-12 12:11:58.625] [4669] [HailoRT] [info] [pipeline.cpp:891] [print_deep_description] LastAsyncEl0PostInferEl2AsyncHwEl | inputs: PostInferEl2AsyncHwEl[0] | outputs: user
[2025-09-12 12:11:58.625] [4669] [HailoRT] [info] [pipeline.cpp:891] [print_deep_description] LastAsyncEl3AsyncHwEl | inputs: AsyncHwEl[0] | outputs: user
[2025-09-12 12:11:58.625] [4669] [HailoRT] [info] [pipeline.cpp:891] [print_deep_description] LastAsyncEl4AsyncHwEl | inputs: AsyncHwEl[0] | outputs: user
[2025-09-12 12:11:58.625] [4669] [HailoRT] [info] [pipeline.cpp:891] [print_deep_description] PushQEl5AsyncHwEl | inputs: AsyncHwEl[0] | outputs: PostInferEl5AsyncHwEl(running in thread_id: 4694)
[2025-09-12 12:11:58.625] [4669] [HailoRT] [info] [pipeline.cpp:891] [print_deep_description] PostInferEl5AsyncHwEl | inputs: PushQEl5AsyncHwEl[0] | outputs: LastAsyncEl0PostInferEl5AsyncHwEl
[2025-09-12 12:11:58.625] [4669] [HailoRT] [info] [pipeline.cpp:891] [print_deep_description] LastAsyncEl0PostInferEl5AsyncHwEl | inputs: PostInferEl5AsyncHwEl[0] | outputs: user
[2025-09-12 12:11:58.625] [4669] [HailoRT] [info] [pipeline.cpp:891] [print_deep_description] LastAsyncEl6AsyncHwEl | inputs: AsyncHwEl[0] | outputs: user
[2025-09-12 12:11:58.625] [4669] [HailoRT] [info] [pipeline.cpp:891] [print_deep_description] PushQEl7AsyncHwEl | inputs: AsyncHwEl[0] | outputs: PostInferEl7AsyncHwEl(running in thread_id: 4696)
[2025-09-12 12:11:58.625] [4669] [HailoRT] [info] [pipeline.cpp:891] [print_deep_description] PostInferEl7AsyncHwEl | inputs: PushQEl7AsyncHwEl[0] | outputs: LastAsyncEl0PostInferEl7AsyncHwEl
[2025-09-12 12:11:58.625] [4669] [HailoRT] [info] [pipeline.cpp:891] [print_deep_description] LastAsyncEl0PostInferEl7AsyncHwEl | inputs: PostInferEl7AsyncHwEl[0] | outputs: user
[2025-09-12 12:11:58.625] [4669] [HailoRT] [info] [pipeline.cpp:891] [print_deep_description] LastAsyncEl8AsyncHwEl | inputs: AsyncHwEl[0] | outputs: user
[2025-09-12 12:11:58.631] [4669] [HailoRT] [info] [hef.cpp:1929] [get_network_group_and_network_name] No name was given. Addressing all networks of default network_group: yolov8m_pose
[2025-09-12 12:12:34.028] [4700] [HailoRT] [info] [device.cpp:49] [Device] OS Version: Linux 6.12.34+rpt-rpi-2712 #1 SMP PREEMPT Debian 1:6.12.34-1+rpt1~bookworm (2025-06-26) aarch64
[2025-09-12 12:12:34.029] [4700] [HailoRT] [info] [control.cpp:108] [control__parse_identify_results] firmware_version is: 4.20.0
[2025-09-12 12:12:34.030] [4700] [HailoRT] [info] [control.cpp:108] [control__parse_identify_results] firmware_version is: 4.20.0
[2025-09-12 12:12:34.080] [4708] [HailoRT] [info] [device.cpp:49] [Device] OS Version: Linux 6.12.34+rpt-rpi-2712 #1 SMP PREEMPT Debian 1:6.12.34-1+rpt1~bookworm (2025-06-26) aarch64
[2025-09-12 12:12:34.081] [4708] [HailoRT] [info] [control.cpp:108] [control__parse_identify_results] firmware_version is: 4.20.0
[2025-09-12 12:12:34.082] [4708] [HailoRT] [info] [control.cpp:108] [control__parse_identify_results] firmware_version is: 4.20.0
[2025-09-12 12:12:34.132] [4716] [HailoRT] [info] [device.cpp:49] [Device] OS Version: Linux 6.12.34+rpt-rpi-2712 #1 SMP PREEMPT Debian 1:6.12.34-1+rpt1~bookworm (2025-06-26) aarch64
[2025-09-12 12:12:34.133] [4716] [HailoRT] [info] [control.cpp:108] [control__parse_identify_results] firmware_version is: 4.20.0
[2025-09-12 12:12:34.134] [4716] [HailoRT] [info] [control.cpp:108] [control__parse_identify_results] firmware_version is: 4.20.0
[2025-09-12 12:12:33.918] [4617] [HailoRT] [info] [async_infer_runner.cpp:86] [shutdown] Pipeline was aborted. Shutting it down
[2025-09-12 12:12:33.918] [4617] [HailoRT] [info] [queue_elements.cpp:570] [execute_deactivate] enqueue() in element PushQEl2AsyncHwEl was aborted, got status = HAILO_SHUTDOWN_EVENT_SIGNALED(57)
[2025-09-12 12:12:33.918] [4617] [HailoRT] [info] [queue_elements.cpp:570] [execute_deactivate] enqueue() in element PushQEl5AsyncHwEl was aborted, got status = HAILO_SHUTDOWN_EVENT_SIGNALED(57)
[2025-09-12 12:12:33.918] [4617] [HailoRT] [info] [queue_elements.cpp:570] [execute_deactivate] enqueue() in element PushQEl7AsyncHwEl was aborted, got status = HAILO_SHUTDOWN_EVENT_SIGNALED(57)
[2025-09-12 12:12:33.918] [4617] [HailoRT] [info] [queue_elements.cpp:570] [execute_deactivate] enqueue() in element PushQEl1yolov8m_pose/input_layer1 was aborted, got status = HAILO_SHUTDOWN_EVENT_SIGNALED(57)
[2025-09-12 12:12:33.918] [4617] [HailoRT] [info] [queue_elements.cpp:570] [execute_deactivate] enqueue() in element EntryPushQEl0yolov8m_pose/input_layer1 was aborted, got status = HAILO_SHUTDOWN_EVENT_SIGNALED(57)
[2025-09-12 12:12:33.918] [4617] [HailoRT] [info] [queue_elements.cpp:46] [~BaseQueueElement] Queue element EntryPushQEl0yolov8m_pose/input_layer1 has 0 frames in his Queue on destruction
[2025-09-12 12:12:33.918] [4617] [HailoRT] [info] [queue_elements.cpp:46] [~BaseQueueElement] Queue element PushQEl1yolov8m_pose/input_layer1 has 0 frames in his Queue on destruction
[2025-09-12 12:12:33.919] [4617] [HailoRT] [info] [queue_elements.cpp:46] [~BaseQueueElement] Queue element PushQEl5AsyncHwEl has 0 frames in his Queue on destruction
[2025-09-12 12:12:33.919] [4617] [HailoRT] [info] [queue_elements.cpp:46] [~BaseQueueElement] Queue element PushQEl2AsyncHwEl has 0 frames in his Queue on destruction
[2025-09-12 12:12:33.919] [4617] [HailoRT] [info] [queue_elements.cpp:46] [~BaseQueueElement] Queue element PushQEl7AsyncHwEl has 0 frames in his Queue on destruction
[2025-09-12 12:12:34.176] [4617] [HailoRT] [info] [vdevice.cpp:523] [create] Creating vdevice with params: device_count: 1, scheduling_algorithm: ROUND_ROBIN, multi_process_service: false
[2025-09-12 12:12:34.188] [4617] [HailoRT] [info] [device.cpp:49] [Device] OS Version: Linux 6.12.34+rpt-rpi-2712 #1 SMP PREEMPT Debian 1:6.12.34-1+rpt1~bookworm (2025-06-26) aarch64
[2025-09-12 12:12:34.189] [4617] [HailoRT] [info] [control.cpp:108] [control__parse_identify_results] firmware_version is: 4.20.0
[2025-09-12 12:12:34.189] [4617] [HailoRT] [info] [vdevice.cpp:651] [create] VDevice Infos: 0001:01:00.0
[2025-09-12 12:12:34.315] [4617] [HailoRT] [info] [hef.cpp:1929] [get_network_group_and_network_name] No name was given. Addressing all networks of default network_group: yolov8m_pose
[2025-09-12 12:12:34.315] [4617] [HailoRT] [info] [hef.cpp:1929] [get_network_group_and_network_name] No name was given. Addressing all networks of default network_group: yolov8m_pose
[2025-09-12 12:12:59.661] [4742] [HailoRT] [info] [internal_buffer_manager.cpp:204] [print_execution_results] Planned internal buffer memory: CMA memory 0, user memory 7300608. memory to edge layer usage factor is 1
[2025-09-12 12:12:59.662] [4742] [HailoRT] [info] [internal_buffer_manager.cpp:212] [print_execution_results] Default Internal buffer planner executed successfully
[2025-09-12 12:12:59.733] [4742] [HailoRT] [info] [device_internal.cpp:57] [configure] Configuring HEF took 81.775965 milliseconds
[2025-09-12 12:12:59.733] [4742] [HailoRT] [info] [vdevice.cpp:749] [configure] Configuring HEF on VDevice took 82.356339 milliseconds
[2025-09-12 12:12:59.733] [4742] [HailoRT] [info] [infer_model.cpp:436] [configure] Configuring network group 'yolov8m_pose' with params: batch size: 2, power mode: PERFORMANCE, latency: NONE
[2025-09-12 12:12:59.733] [4742] [HailoRT] [info] [multi_io_elements.cpp:756] [create] Created (AsyncHwEl)
[2025-09-12 12:12:59.734] [4742] [HailoRT] [info] [queue_elements.cpp:450] [create] Created (EntryPushQEl0yolov8m_pose/input_layer1 | timeout: 10s)
[2025-09-12 12:12:59.734] [4742] [HailoRT] [info] [filter_elements.cpp:101] [create] Created (PreInferEl1yolov8m_pose/input_layer1 | Reorder - src_order: RGB4, src_shape: (640, 640, 3), dst_order: NHWC, dst_shape: (640, 640, 3))
[2025-09-12 12:12:59.735] [4742] [HailoRT] [info] [queue_elements.cpp:450] [create] Created (PushQEl1yolov8m_pose/input_layer1 | timeout: 10s)
[2025-09-12 12:12:59.735] [4742] [HailoRT] [info] [edge_elements.cpp:187] [create] Created (LastAsyncEl4AsyncHwEl)
[2025-09-12 12:12:59.737] [4742] [HailoRT] [info] [queue_elements.cpp:450] [create] Created (PushQEl5AsyncHwEl | timeout: 10s)
[2025-09-12 12:12:59.737] [4742] [HailoRT] [info] [filter_elements.cpp:375] [create] Created (PostInferEl5AsyncHwEl | Reorder - src_order: FCR, src_shape: (40, 40, 56), dst_order: FCR, dst_shape: (40, 40, 51))
[2025-09-12 12:12:59.737] [4742] [HailoRT] [info] [edge_elements.cpp:187] [create] Created (LastAsyncEl0PostInferEl5AsyncHwEl)
[2025-09-12 12:12:59.737] [4742] [HailoRT] [info] [edge_elements.cpp:187] [create] Created (LastAsyncEl1AsyncHwEl)
[2025-09-12 12:12:59.737] [4742] [HailoRT] [info] [queue_elements.cpp:450] [create] Created (PushQEl2AsyncHwEl | timeout: 10s)
[2025-09-12 12:12:59.737] [4742] [HailoRT] [info] [filter_elements.cpp:375] [create] Created (PostInferEl2AsyncHwEl | Reorder - src_order: FCR, src_shape: (20, 20, 56), dst_order: FCR, dst_shape: (20, 20, 51))
[2025-09-12 12:12:59.738] [4742] [HailoRT] [info] [edge_elements.cpp:187] [create] Created (LastAsyncEl0PostInferEl2AsyncHwEl)
[2025-09-12 12:12:59.738] [4742] [HailoRT] [info] [edge_elements.cpp:187] [create] Created (LastAsyncEl3AsyncHwEl)
[2025-09-12 12:12:59.738] [4742] [HailoRT] [info] [edge_elements.cpp:187] [create] Created (LastAsyncEl0AsyncHwEl)
[2025-09-12 12:12:59.738] [4742] [HailoRT] [info] [edge_elements.cpp:187] [create] Created (LastAsyncEl8AsyncHwEl)
[2025-09-12 12:12:59.738] [4742] [HailoRT] [info] [edge_elements.cpp:187] [create] Created (LastAsyncEl6AsyncHwEl)
[2025-09-12 12:12:59.738] [4742] [HailoRT] [info] [queue_elements.cpp:450] [create] Created (PushQEl7AsyncHwEl | timeout: 10s)
[2025-09-12 12:12:59.738] [4742] [HailoRT] [info] [filter_elements.cpp:375] [create] Created (PostInferEl7AsyncHwEl | Reorder - src_order: FCR, src_shape: (80, 80, 56), dst_order: FCR, dst_shape: (80, 80, 51))
[2025-09-12 12:12:59.738] [4742] [HailoRT] [info] [edge_elements.cpp:187] [create] Created (LastAsyncEl0PostInferEl7AsyncHwEl)
[2025-09-12 12:12:59.738] [4742] [HailoRT] [info] [pipeline.cpp:891] [print_deep_description] EntryPushQEl0yolov8m_pose/input_layer1 | inputs: user | outputs: PreInferEl1yolov8m_pose/input_layer1(running in thread_id: 4761)
[2025-09-12 12:12:59.738] [4742] [HailoRT] [info] [pipeline.cpp:891] [print_deep_description] PreInferEl1yolov8m_pose/input_layer1 | inputs: EntryPushQEl0yolov8m_pose/input_layer1[0] | outputs: PushQEl1yolov8m_pose/input_layer1
[2025-09-12 12:12:59.738] [4742] [HailoRT] [info] [pipeline.cpp:891] [print_deep_description] PushQEl1yolov8m_pose/input_layer1 | inputs: PreInferEl1yolov8m_pose/input_layer1[0] | outputs: AsyncHwEl(running in thread_id: 4762)
[2025-09-12 12:12:59.738] [4742] [HailoRT] [info] [pipeline.cpp:891] [print_deep_description] AsyncHwEl | inputs: PushQEl1yolov8m_pose/input_layer1[0] | outputs: LastAsyncEl0AsyncHwEl LastAsyncEl1AsyncHwEl PushQEl2AsyncHwEl LastAsyncEl3AsyncHwEl LastAsyncEl4AsyncHwEl PushQEl5AsyncHwEl LastAsyncEl6AsyncHwEl PushQEl7AsyncHwEl LastAsyncEl8AsyncHwEl
[2025-09-12 12:12:59.738] [4742] [HailoRT] [info] [pipeline.cpp:891] [print_deep_description] LastAsyncEl0AsyncHwEl | inputs: AsyncHwEl[0] | outputs: user
[2025-09-12 12:12:59.738] [4742] [HailoRT] [info] [pipeline.cpp:891] [print_deep_description] LastAsyncEl1AsyncHwEl | inputs: AsyncHwEl[0] | outputs: user
[2025-09-12 12:12:59.738] [4742] [HailoRT] [info] [pipeline.cpp:891] [print_deep_description] PushQEl2AsyncHwEl | inputs: AsyncHwEl[0] | outputs: PostInferEl2AsyncHwEl(running in thread_id: 4764)
[2025-09-12 12:12:59.738] [4742] [HailoRT] [info] [pipeline.cpp:891] [print_deep_description] PostInferEl2AsyncHwEl | inputs: PushQEl2AsyncHwEl[0] | outputs: LastAsyncEl0PostInferEl2AsyncHwEl
[2025-09-12 12:12:59.738] [4742] [HailoRT] [info] [pipeline.cpp:891] [print_deep_description] LastAsyncEl0PostInferEl2AsyncHwEl | inputs: PostInferEl2AsyncHwEl[0] | outputs: user
[2025-09-12 12:12:59.738] [4742] [HailoRT] [info] [pipeline.cpp:891] [print_deep_description] LastAsyncEl3AsyncHwEl | inputs: AsyncHwEl[0] | outputs: user
[2025-09-12 12:12:59.738] [4742] [HailoRT] [info] [pipeline.cpp:891] [print_deep_description] LastAsyncEl4AsyncHwEl | inputs: AsyncHwEl[0] | outputs: user
[2025-09-12 12:12:59.738] [4742] [HailoRT] [info] [pipeline.cpp:891] [print_deep_description] PushQEl5AsyncHwEl | inputs: AsyncHwEl[0] | outputs: PostInferEl5AsyncHwEl(running in thread_id: 4763)
[2025-09-12 12:12:59.738] [4742] [HailoRT] [info] [pipeline.cpp:891] [print_deep_description] PostInferEl5AsyncHwEl | inputs: PushQEl5AsyncHwEl[0] | outputs: LastAsyncEl0PostInferEl5AsyncHwEl
[2025-09-12 12:12:59.738] [4742] [HailoRT] [info] [pipeline.cpp:891] [print_deep_description] LastAsyncEl0PostInferEl5AsyncHwEl | inputs: PostInferEl5AsyncHwEl[0] | outputs: user
[2025-09-12 12:12:59.738] [4742] [HailoRT] [info] [pipeline.cpp:891] [print_deep_description] LastAsyncEl6AsyncHwEl | inputs: AsyncHwEl[0] | outputs: user
[2025-09-12 12:12:59.738] [4742] [HailoRT] [info] [pipeline.cpp:891] [print_deep_description] PushQEl7AsyncHwEl | inputs: AsyncHwEl[0] | outputs: PostInferEl7AsyncHwEl(running in thread_id: 4765)
[2025-09-12 12:12:59.738] [4742] [HailoRT] [info] [pipeline.cpp:891] [print_deep_description] PostInferEl7AsyncHwEl | inputs: PushQEl7AsyncHwEl[0] | outputs: LastAsyncEl0PostInferEl7AsyncHwEl
[2025-09-12 12:12:59.738] [4742] [HailoRT] [info] [pipeline.cpp:891] [print_deep_description] LastAsyncEl0PostInferEl7AsyncHwEl | inputs: PostInferEl7AsyncHwEl[0] | outputs: user
[2025-09-12 12:12:59.738] [4742] [HailoRT] [info] [pipeline.cpp:891] [print_deep_description] LastAsyncEl8AsyncHwEl | inputs: AsyncHwEl[0] | outputs: user
[2025-09-12 12:12:59.749] [4742] [HailoRT] [info] [hef.cpp:1929] [get_network_group_and_network_name] No name was given. Addressing all networks of default network_group: yolov8m_pose
[2025-09-12 12:12:59.867] [4617] [HailoRT] [info] [async_infer_runner.cpp:86] [shutdown] Pipeline was aborted. Shutting it down
[2025-09-12 12:12:59.867] [4617] [HailoRT] [info] [queue_elements.cpp:570] [execute_deactivate] enqueue() in element PushQEl2AsyncHwEl was aborted, got status = HAILO_SHUTDOWN_EVENT_SIGNALED(57)
[2025-09-12 12:12:59.867] [4617] [HailoRT] [info] [queue_elements.cpp:570] [execute_deactivate] enqueue() in element PushQEl5AsyncHwEl was aborted, got status = HAILO_SHUTDOWN_EVENT_SIGNALED(57)
[2025-09-12 12:12:59.867] [4617] [HailoRT] [info] [queue_elements.cpp:570] [execute_deactivate] enqueue() in element PushQEl7AsyncHwEl was aborted, got status = HAILO_SHUTDOWN_EVENT_SIGNALED(57)
[2025-09-12 12:12:59.867] [4617] [HailoRT] [info] [queue_elements.cpp:570] [execute_deacti[2025-09-12 12:16:06.403] [4792] [HailoRT] [info] [device.cpp:49] [Device] OS Version: Linux 6.12.34+rpt-rpi-2712 #1 SMP PREEMPT Debian 1:6.12.34-1+rpt1~bookworm (2025-06-26) aarch64
[2025-09-12 12:16:06.404] [4792] [HailoRT] [info] [control.cpp:108] [control__parse_identify_results] firmware_version is: 4.20.0
[2025-09-12 12:16:06.405] [4792] [HailoRT] [info] [control.cpp:108] [control__parse_identify_results] firmware_version is: 4.20.0
[2025-09-12 12:16:06.460] [4800] [HailoRT] [info] [device.cpp:49] [Device] OS Version: Linux 6.12.34+rpt-rpi-2712 #1 SMP PREEMPT Debian 1:6.12.34-1+rpt1~bookworm (2025-06-26) aarch64
[2025-09-12 12:16:06.461] [4800] [HailoRT] [info] [control.cpp:108] [control__parse_identify_results] firmware_version is: 4.20.0
[2025-09-12 12:16:06.462] [4800] [HailoRT] [info] [control.cpp:108] [control__parse_identify_results] firmware_version is: 4.20.0
[2025-09-12 12:16:06.516] [4808] [HailoRT] [info] [device.cpp:49] [Device] OS Version: Linux 6.12.34+rpt-rpi-2712 #1 SMP PREEMPT Debian 1:6.12.34-1+rpt1~bookworm (2025-06-26) aarch64
[2025-09-12 12:16:06.517] [4808] [HailoRT] [info] [control.cpp:108] [control__parse_identify_results] firmware_version is: 4.20.0
[2025-09-12 12:16:06.518] [4808] [HailoRT] [info] [control.cpp:108] [control__parse_identify_results] firmware_version is: 4.20.0
[2025-09-12 12:16:06.595] [4781] [HailoRT] [info] [vdevice.cpp:523] [create] Creating vdevice with params: device_count: 1, scheduling_algorithm: ROUND_ROBIN, multi_process_service: false
[2025-09-12 12:16:06.608] [4781] [HailoRT] [info] [device.cpp:49] [Device] OS Version: Linux 6.12.34+rpt-rpi-2712 #1 SMP PREEMPT Debian 1:6.12.34-1+rpt1~bookworm (2025-06-26) aarch64
[2025-09-12 12:16:06.609] [4781] [HailoRT] [info] [control.cpp:108] [control__parse_identify_results] firmware_version is: 4.20.0
[2025-09-12 12:16:06.609] [4781] [HailoRT] [info] [vdevice.cpp:651] [create] VDevice Infos: 0001:01:00.0
[2025-09-12 12:16:06.710] [4781] [HailoRT] [info] [hef.cpp:1929] [get_network_group_and_network_name] No name was given. Addressing all networks of default network_group: yolov8m_pose
[2025-09-12 12:16:06.710] [4781] [HailoRT] [info] [hef.cpp:1929] [get_network_group_and_network_name] No name was given. Addressing all networks of default network_group: yolov8m_pose
[2025-09-12 12:16:23.086] [4834] [HailoRT] [info] [internal_buffer_manager.cpp:204] [print_execution_results] Planned internal buffer memory: CMA memory 0, user memory 7300608. memory to edge layer usage factor is 1
[2025-09-12 12:16:23.086] [4834] [HailoRT] [info] [internal_buffer_manager.cpp:212] [print_execution_results] Default Internal buffer planner executed successfully
[2025-09-12 12:16:23.144] [4834] [HailoRT] [info] [device_internal.cpp:57] [configure] Configuring HEF took 68.55369 milliseconds
[2025-09-12 12:16:23.145] [4834] [HailoRT] [info] [vdevice.cpp:749] [configure] Configuring HEF on VDevice took 68.943877 milliseconds
[2025-09-12 12:16:23.145] [4834] [HailoRT] [info] [infer_model.cpp:436] [configure] Configuring network group 'yolov8m_pose' with params: batch size: 2, power mode: PERFORMANCE, latency: NONE
[2025-09-12 12:16:23.145] [4834] [HailoRT] [info] [multi_io_elements.cpp:756] [create] Created (AsyncHwEl)
[2025-09-12 12:16:23.145] [4834] [HailoRT] [info] [queue_elements.cpp:450] [create] Created (EntryPushQEl0yolov8m_pose/input_layer1 | timeout: 10s)
[2025-09-12 12:16:23.145] [4834] [HailoRT] [info] [filter_elements.cpp:101] [create] Created (PreInferEl1yolov8m_pose/input_layer1 | Reorder - src_order: RGB4, src_shape: (640, 640, 3), dst_order: NHWC, dst_shape: (640, 640, 3))
[2025-09-12 12:16:23.146] [4834] [HailoRT] [info] [queue_elements.cpp:450] [create] Created (PushQEl1yolov8m_pose/input_layer1 | timeout: 10s)
[2025-09-12 12:16:23.146] [4834] [HailoRT] [info] [edge_elements.cpp:187] [create] Created (LastAsyncEl4AsyncHwEl)
[2025-09-12 12:16:23.146] [4834] [HailoRT] [info] [queue_elements.cpp:450] [create] Created (PushQEl5AsyncHwEl | timeout: 10s)
[2025-09-12 12:16:23.147] [4834] [HailoRT] [info] [filter_elements.cpp:375] [create] Created (PostInferEl5AsyncHwEl | Reorder - src_order: FCR, src_shape: (40, 40, 56), dst_order: FCR, dst_shape: (40, 40, 51))
[2025-09-12 12:16:23.147] [4834] [HailoRT] [info] [edge_elements.cpp:187] [create] Created (LastAsyncEl0PostInferEl5AsyncHwEl)
[2025-09-12 12:16:23.147] [4834] [HailoRT] [info] [edge_elements.cpp:187] [create] Created (LastAsyncEl1AsyncHwEl)
[2025-09-12 12:16:23.147] [4834] [HailoRT] [info] [queue_elements.cpp:450] [create] Created (PushQEl2AsyncHwEl | timeout: 10s)
[2025-09-12 12:16:23.147] [4834] [HailoRT] [info] [filter_elements.cpp:375] [create] Created (PostInferEl2AsyncHwEl | Reorder - src_order: FCR, src_shape: (20, 20, 56), dst_order: FCR, dst_shape: (20, 20, 51))
[2025-09-12 12:16:23.147] [4834] [HailoRT] [info] [edge_elements.cpp:187] [create] Created (LastAsyncEl0PostInferEl2AsyncHwEl)
[2025-09-12 12:16:23.147] [4834] [HailoRT] [info] [edge_elements.cpp:187] [create] Created (LastAsyncEl3AsyncHwEl)
[2025-09-12 12:16:23.148] [4834] [HailoRT] [info] [edge_elements.cpp:187] [create] Created (LastAsyncEl0AsyncHwEl)
[2025-09-12 12:16:23.148] [4834] [HailoRT] [info] [edge_elements.cpp:187] [create] Created (LastAsyncEl8AsyncHwEl)
[2025-09-12 12:16:23.148] [4834] [HailoRT] [info] [edge_elements.cpp:187] [create] Created (LastAsyncEl6AsyncHwEl)
[2025-09-12 12:16:23.148] [4834] [HailoRT] [info] [queue_elements.cpp:450] [create] Created (PushQEl7AsyncHwEl | timeout: 10s)
[2025-09-12 12:16:23.148] [4834] [HailoRT] [info] [filter_elements.cpp:375] [create] Created (PostInferEl7AsyncHwEl | Reorder - src_order: FCR, src_shape: (80, 80, 56), dst_order: FCR, dst_shape: (80, 80, 51))
[2025-09-12 12:16:23.148] [4834] [HailoRT] [info] [edge_elements.cpp:187] [create] Created (LastAsyncEl0PostInferEl7AsyncHwEl)
[2025-09-12 12:16:23.148] [4834] [HailoRT] [info] [pipeline.cpp:891] [print_deep_description] EntryPushQEl0yolov8m_pose/input_layer1 | inputs: user | outputs: PreInferEl1yolov8m_pose/input_layer1(running in thread_id: 4856)
[2025-09-12 12:16:23.148] [4834] [HailoRT] [info] [pipeline.cpp:891] [print_deep_description] PreInferEl1yolov8m_pose/input_layer1 | inputs: EntryPushQEl0yolov8m_pose/input_layer1[0] | outputs: PushQEl1yolov8m_pose/input_layer1
[2025-09-12 12:16:23.148] [4834] [HailoRT] [info] [pipeline.cpp:891] [print_deep_description] PushQEl1yolov8m_pose/input_layer1 | inputs: PreInferEl1yolov8m_pose/input_layer1[0] | outputs: AsyncHwEl(running in thread_id: 4857)
[2025-09-12 12:16:23.148] [4834] [HailoRT] [info] [pipeline.cpp:891] [print_deep_description] AsyncHwEl | inputs: PushQEl1yolov8m_pose/input_layer1[0] | outputs: LastAsyncEl0AsyncHwEl LastAsyncEl1AsyncHwEl PushQEl2AsyncHwEl LastAsyncEl3AsyncHwEl LastAsyncEl4AsyncHwEl PushQEl5AsyncHwEl LastAsyncEl6AsyncHwEl PushQEl7AsyncHwEl LastAsyncEl8AsyncHwEl
[2025-09-12 12:16:23.148] [4834] [HailoRT] [info] [pipeline.cpp:891] [print_deep_description] LastAsyncEl0AsyncHwEl | inputs: AsyncHwEl[0] | outputs: user
[2025-09-12 12:16:23.148] [4834] [HailoRT] [info] [pipeline.cpp:891] [print_deep_description] LastAsyncEl1AsyncHwEl | inputs: AsyncHwEl[0] | outputs: user
[2025-09-12 12:16:23.149] [4834] [HailoRT] [info] [pipeline.cpp:891] [print_deep_description] PushQEl2AsyncHwEl | inputs: AsyncHwEl[0] | outputs: PostInferEl2AsyncHwEl(running in thread_id: 4859)
[2025-09-12 12:16:23.149] [4834] [HailoRT] [info] [pipeline.cpp:891] [print_deep_description] PostInferEl2AsyncHwEl | inputs: PushQEl2AsyncHwEl[0] | outputs: LastAsyncEl0PostInferEl2AsyncHwEl
[2025-09-12 12:16:23.149] [4834] [HailoRT] [info] [pipeline.cpp:891] [print_deep_description] LastAsyncEl0PostInferEl2AsyncHwEl | inputs: PostInferEl2AsyncHwEl[0] | outputs: user
[2025-09-12 12:16:23.149] [4834] [HailoRT] [info] [pipeline.cpp:891] [print_deep_description] LastAsyncEl3AsyncHwEl | inputs: AsyncHwEl[0] | outputs: user
[2025-09-12 12:16:23.149] [4834] [HailoRT] [info] [pipeline.cpp:891] [print_deep_description] LastAsyncEl4AsyncHwEl | inputs: AsyncHwEl[0] | outputs: user
[2025-09-12 12:16:23.149] [4834] [HailoRT] [info] [pipeline.cpp:891] [print_deep_description] PushQEl5AsyncHwEl | inputs: AsyncHwEl[0] | outputs: PostInferEl5AsyncHwEl(running in thread_id: 4858)
[2025-09-12 12:16:23.149] [4834] [HailoRT] [info] [pipeline.cpp:891] [print_deep_description] PostInferEl5AsyncHwEl | inputs: PushQEl5AsyncHwEl[0] | outputs: LastAsyncEl0PostInferEl5AsyncHwEl
[2025-09-12 12:16:23.149] [4834] [HailoRT] [info] [pipeline.cpp:891] [print_deep_description] LastAsyncEl0PostInferEl5AsyncHwEl | inputs: PostInferEl5AsyncHwEl[0] | outputs: user
[2025-09-12 12:16:23.149] [4834] [HailoRT] [info] [pipeline.cpp:891] [print_deep_description] LastAsyncEl6AsyncHwEl | inputs: AsyncHwEl[0] | outputs: user
[2025-09-12 12:16:23.149] [4834] [HailoRT] [info] [pipeline.cpp:891] [print_deep_description] PushQEl7AsyncHwEl | inputs: AsyncHwEl[0] | outputs: PostInferEl7AsyncHwEl(running in thread_id: 4860)
[2025-09-12 12:16:23.149] [4834] [HailoRT] [info] [pipeline.cpp:891] [print_deep_description] PostInferEl7AsyncHwEl | inputs: PushQEl7AsyncHwEl[0] | outputs: LastAsyncEl0PostInferEl7AsyncHwEl
[2025-09-12 12:16:23.149] [4834] [HailoRT] [info] [pipeline.cpp:891] [print_deep_description] LastAsyncEl0PostInferEl7AsyncHwEl | inputs: PostInferEl7AsyncHwEl[0] | outputs: user
[2025-09-12 12:16:23.149] [4834] [HailoRT] [info] [pipeline.cpp:891] [print_deep_description] LastAsyncEl8AsyncHwEl | inputs: AsyncHwEl[0] | outputs: user
[2025-09-12 12:16:23.157] [4834] [HailoRT] [info] [hef.cpp:1929] [get_network_group_and_network_name] No name was given. Addressing all networks of default network_group: yolov8m_pose
[2025-09-12 12:16:23.285] [4781] [HailoRT] [info] [async_infer_runner.cpp:86] [shutdown] Pipeline was aborted. Shutting it down
[2025-09-12 12:16:23.285] [4781] [HailoRT] [info] [queue_elements.cpp:570] [execute_deactivate] enqueue() in element PushQEl2AsyncHwEl was aborted, got status = HAILO_SHUTDOWN_EVENT_SIGNALED(57)
[2025-09-12 12:16:23.285] [4781] [HailoRT] [info] [queue_elements.cpp:570] [execute_deactivate] enqueue() in element PushQEl5AsyncHwEl was aborted, got status = HAILO_SHUTDOWN_EVENT_SIGNALED(57)
[2025-09-12 12:16:23.285] [4781] [HailoRT] [info] [queue_elements.cpp:570] [execute_deactivate] enqueue() in element PushQEl7AsyncHwEl was aborted, got status = HAILO_SHUTDOWN_EVENT_SIGNALED(57)
[2025-09-12 12:16:23.285] [4781] [HailoRT] [info] [queue_elements.cpp:570] [execute_deactiv[2025-09-12 12:16:35.598] [4875] [HailoRT] [info] [device.cpp:49] [Device] OS Version: Linux 6.12.34+rpt-rpi-2712 #1 SMP PREEMPT Debian 1:6.12.34-1+rpt1~bookworm (2025-06-26) aarch64
[2025-09-12 12:16:35.599] [4875] [HailoRT] [info] [control.cpp:108] [control__parse_identify_results] firmware_version is: 4.20.0
[2025-09-12 12:16:35.600] [4875] [HailoRT] [info] [control.cpp:108] [control__parse_identify_results] firmware_version is: 4.20.0
[2025-09-12 12:16:35.664] [4883] [HailoRT] [info] [device.cpp:49] [Device] OS Version: Linux 6.12.34+rpt-rpi-2712 #1 SMP PREEMPT Debian 1:6.12.34-1+rpt1~bookworm (2025-06-26) aarch64
[2025-09-12 12:16:35.665] [4883] [HailoRT] [info] [control.cpp:108] [control__parse_identify_results] firmware_version is: 4.20.0
[2025-09-12 12:16:35.666] [4883] [HailoRT] [info] [control.cpp:108] [control__parse_identify_results] firmware_version is: 4.20.0
[2025-09-12 12:16:35.712] [4891] [HailoRT] [info] [device.cpp:49] [Device] OS Version: Linux 6.12.34+rpt-rpi-2712 #1 SMP PREEMPT Debian 1:6.12.34-1+rpt1~bookworm (2025-06-26) aarch64
[2025-09-12 12:16:35.713] [4891] [HailoRT] [info] [control.cpp:108] [control__parse_identify_results] firmware_version is: 4.20.0
[2025-09-12 12:16:35.714] [4891] [HailoRT] [info] [control.cpp:108] [control__parse_identify_results] firmware_version is: 4.20.0
[2025-09-12 12:16:35.794] [4864] [HailoRT] [info] [vdevice.cpp:523] [create] Creating vdevice with params: device_count: 1, scheduling_algorithm: ROUND_ROBIN, multi_process_service: false
[2025-09-12 12:16:35.807] [4864] [HailoRT] [info] [device.cpp:49] [Device] OS Version: Linux 6.12.34+rpt-rpi-2712 #1 SMP PREEMPT Debian 1:6.12.34-1+rpt1~bookworm (2025-06-26) aarch64
[2025-09-12 12:16:35.808] [4864] [HailoRT] [info] [control.cpp:108] [control__parse_identify_results] firmware_version is: 4.20.0
[2025-09-12 12:16:35.808] [4864] [HailoRT] [info] [vdevice.cpp:651] [create] VDevice Infos: 0001:01:00.0
[2025-09-12 12:16:35.907] [4864] [HailoRT] [info] [hef.cpp:1929] [get_network_group_and_network_name] No name was given. Addressing all networks of default network_group: yolov8m_pose
[2025-09-12 12:16:35.907] [4864] [HailoRT] [info] [hef.cpp:1929] [get_network_group_and_network_name] No name was given. Addressing all networks of default network_group: yolov8m_pose
[2025-09-12 12:16:36.105] [4916] [HailoRT] [info] [internal_buffer_manager.cpp:204] [print_execution_results] Planned internal buffer memory: CMA memory 0, user memory 7300608. memory to edge layer usage factor is 1
[2025-09-12 12:16:36.106] [4916] [HailoRT] [info] [internal_buffer_manager.cpp:212] [print_execution_results] Default Internal buffer planner executed successfully
[2025-09-12 12:16:36.176] [4916] [HailoRT] [info] [device_internal.cpp:57] [configure] Configuring HEF took 94.512492 milliseconds
[2025-09-12 12:16:36.177] [4916] [HailoRT] [info] [vdevice.cpp:749] [configure] Configuring HEF on VDevice took 94.919698 milliseconds
[2025-09-12 12:16:36.177] [4916] [HailoRT] [info] [infer_model.cpp:436] [configure] Configuring network group 'yolov8m_pose' with params: batch size: 2, power mode: PERFORMANCE, latency: NONE
[2025-09-12 12:16:36.177] [4916] [HailoRT] [info] [multi_io_elements.cpp:756] [create] Created (AsyncHwEl)
[2025-09-12 12:16:36.177] [4916] [HailoRT] [info] [queue_elements.cpp:450] [create] Created (EntryPushQEl0yolov8m_pose/input_layer1 | timeout: 10s)
[2025-09-12 12:16:36.177] [4916] [HailoRT] [info] [filter_elements.cpp:101] [create] Created (PreInferEl1yolov8m_pose/input_layer1 | Reorder - src_order: RGB4, src_shape: (640, 640, 3), dst_order: NHWC, dst_shape: (640, 640, 3))
[2025-09-12 12:16:36.177] [4916] [HailoRT] [info] [queue_elements.cpp:450] [create] Created (PushQEl1yolov8m_pose/input_layer1 | timeout: 10s)
[2025-09-12 12:16:36.177] [4916] [HailoRT] [info] [edge_elements.cpp:187] [create] Created (LastAsyncEl4AsyncHwEl)
[2025-09-12 12:16:36.177] [4916] [HailoRT] [info] [queue_elements.cpp:450] [create] Created (PushQEl5AsyncHwEl | timeout: 10s)
[2025-09-12 12:16:36.177] [4916] [HailoRT] [info] [filter_elements.cpp:375] [create] Created (PostInferEl5AsyncHwEl | Reorder - src_order: FCR, src_shape: (40, 40, 56), dst_order: FCR, dst_shape: (40, 40, 51))
[2025-09-12 12:16:36.177] [4916] [HailoRT] [info] [edge_elements.cpp:187] [create] Created (LastAsyncEl0PostInferEl5AsyncHwEl)
[2025-09-12 12:16:36.177] [4916] [HailoRT] [info] [edge_elements.cpp:187] [create] Created (LastAsyncEl1AsyncHwEl)
[2025-09-12 12:16:36.177] [4916] [HailoRT] [info] [queue_elements.cpp:450] [create] Created (PushQEl2AsyncHwEl | timeout: 10s)
[2025-09-12 12:16:36.177] [4916] [HailoRT] [info] [filter_elements.cpp:375] [create] Created (PostInferEl2AsyncHwEl | Reorder - src_order: FCR, src_shape: (20, 20, 56), dst_order: FCR, dst_shape: (20, 20, 51))
[2025-09-12 12:16:36.177] [4916] [HailoRT] [info] [edge_elements.cpp:187] [create] Created (LastAsyncEl0PostInferEl2AsyncHwEl)
[2025-09-12 12:16:36.177] [4916] [HailoRT] [info] [edge_elements.cpp:187] [create] Created (LastAsyncEl3AsyncHwEl)
[2025-09-12 12:16:36.177] [4916] [HailoRT] [info] [edge_elements.cpp:187] [create] Created (LastAsyncEl0AsyncHwEl)
[2025-09-12 12:16:36.177] [4916] [HailoRT] [info] [edge_elements.cpp:187] [create] Created (LastAsyncEl8AsyncHwEl)
[2025-09-12 12:16:36.178] [4916] [HailoRT] [info] [edge_elements.cpp:187] [create] Created (LastAsyncEl6AsyncHwEl)
[2025-09-12 12:16:36.178] [4916] [HailoRT] [info] [queue_elements.cpp:450] [create] Created (PushQEl7AsyncHwEl | timeout: 10s)
[2025-09-12 12:16:36.178] [4916] [HailoRT] [info] [filter_elements.cpp:375] [create] Created (PostInferEl7AsyncHwEl | Reorder - src_order: FCR, src_shape: (80, 80, 56), dst_order: FCR, dst_shape: (80, 80, 51))
[2025-09-12 12:16:36.178] [4916] [HailoRT] [info] [edge_elements.cpp:187] [create] Created (LastAsyncEl0PostInferEl7AsyncHwEl)
[2025-09-12 12:16:36.178] [4916] [HailoRT] [info] [pipeline.cpp:891] [print_deep_description] EntryPushQEl0yolov8m_pose/input_layer1 | inputs: user | outputs: PreInferEl1yolov8m_pose/input_layer1(running in thread_id: 4939)
[2025-09-12 12:16:36.178] [4916] [HailoRT] [info] [pipeline.cpp:891] [print_deep_description] PreInferEl1yolov8m_pose/input_layer1 | inputs: EntryPushQEl0yolov8m_pose/input_layer1[0] | outputs: PushQEl1yolov8m_pose/input_layer1
[2025-09-12 12:16:36.178] [4916] [HailoRT] [info] [pipeline.cpp:891] [print_deep_description] PushQEl1yolov8m_pose/input_layer1 | inputs: PreInferEl1yolov8m_pose/input_layer1[0] | outputs: AsyncHwEl(running in thread_id: 4940)
[2025-09-12 12:16:36.178] [4916] [HailoRT] [info] [pipeline.cpp:891] [print_deep_description] AsyncHwEl | inputs: PushQEl1yolov8m_pose/input_layer1[0] | outputs: LastAsyncEl0AsyncHwEl LastAsyncEl1AsyncHwEl PushQEl2AsyncHwEl LastAsyncEl3AsyncHwEl LastAsyncEl4AsyncHwEl PushQEl5AsyncHwEl LastAsyncEl6AsyncHwEl PushQEl7AsyncHwEl LastAsyncEl8AsyncHwEl
[2025-09-12 12:16:36.178] [4916] [HailoRT] [info] [pipeline.cpp:891] [print_deep_description] LastAsyncEl0AsyncHwEl | inputs: AsyncHwEl[0] | outputs: user
[2025-09-12 12:16:36.178] [4916] [HailoRT] [info] [pipeline.cpp:891] [print_deep_description] LastAsyncEl1AsyncHwEl | inputs: AsyncHwEl[0] | outputs: user
[2025-09-12 12:16:36.178] [4916] [HailoRT] [info] [pipeline.cpp:891] [print_deep_description] PushQEl2AsyncHwEl | inputs: AsyncHwEl[0] | outputs: PostInferEl2AsyncHwEl(running in thread_id: 4942)
[2025-09-12 12:16:36.178] [4916] [HailoRT] [info] [pipeline.cpp:891] [print_deep_description] PostInferEl2AsyncHwEl | inputs: PushQEl2AsyncHwEl[0] | outputs: LastAsyncEl0PostInferEl2AsyncHwEl
[2025-09-12 12:16:36.178] [4916] [HailoRT] [info] [pipeline.cpp:891] [print_deep_description] LastAsyncEl0PostInferEl2AsyncHwEl | inputs: PostInferEl2AsyncHwEl[0] | outputs: user
[2025-09-12 12:16:36.178] [4916] [HailoRT] [info] [pipeline.cpp:891] [print_deep_description] LastAsyncEl3AsyncHwEl | inputs: AsyncHwEl[0] | outputs: user
[2025-09-12 12:16:36.178] [4916] [HailoRT] [info] [pipeline.cpp:891] [print_deep_description] LastAsyncEl4AsyncHwEl | inputs: AsyncHwEl[0] | outputs: user
[2025-09-12 12:16:36.178] [4916] [HailoRT] [info] [pipeline.cpp:891] [print_deep_description] PushQEl5AsyncHwEl | inputs: AsyncHwEl[0] | outputs: PostInferEl5AsyncHwEl(running in thread_id: 4941)
[2025-09-12 12:16:36.178] [4916] [HailoRT] [info] [pipeline.cpp:891] [print_deep_description] PostInferEl5AsyncHwEl | inputs: PushQEl5AsyncHwEl[0] | outputs: LastAsyncEl0PostInferEl5AsyncHwEl
[2025-09-12 12:16:36.178] [4916] [HailoRT] [info] [pipeline.cpp:891] [print_deep_description] LastAsyncEl0PostInferEl5AsyncHwEl | inputs: PostInferEl5AsyncHwEl[0] | outputs: user
[2025-09-12 12:16:36.178] [4916] [HailoRT] [info] [pipeline.cpp:891] [print_deep_description] LastAsyncEl6AsyncHwEl | inputs: AsyncHwEl[0] | outputs: user
[2025-09-12 12:16:36.178] [4916] [HailoRT] [info] [pipeline.cpp:891] [print_deep_description] PushQEl7AsyncHwEl | inputs: AsyncHwEl[0] | outputs: PostInferEl7AsyncHwEl(running in thread_id: 4943)
[2025-09-12 12:16:36.178] [4916] [HailoRT] [info] [pipeline.cpp:891] [print_deep_description] PostInferEl7AsyncHwEl | inputs: PushQEl7AsyncHwEl[0] | outputs: LastAsyncEl0PostInferEl7AsyncHwEl
[2025-09-12 12:16:36.178] [4916] [HailoRT] [info] [pipeline.cpp:891] [print_deep_description] LastAsyncEl0PostInferEl7AsyncHwEl | inputs: PostInferEl7AsyncHwEl[0] | outputs: user
[2025-09-12 12:16:36.178] [4916] [HailoRT] [info] [pipeline.cpp:891] [print_deep_description] LastAsyncEl8AsyncHwEl | inputs: AsyncHwEl[0] | outputs: user
[2025-09-12 12:16:36.183] [4916] [HailoRT] [info] [hef.cpp:1929] [get_network_group_and_network_name] No name was given. Addressing all networks of default network_group: yolov8m_pose
[2025-09-12 12:17:11.520] [4956] [HailoRT] [info] [device.cpp:49] [Device] OS Version: Linux 6.12.34+rpt-rpi-2712 #1 SMP PREEMPT Debian 1:6.12.34-1+rpt1~bookworm (2025-06-26) aarch64
[2025-09-12 12:17:11.521] [4956] [HailoRT] [info] [control.cpp:108] [control__parse_identify_results] firmware_version is: 4.20.0
[2025-09-12 12:17:11.522] [4956] [HailoRT] [info] [control.cpp:108] [control__parse_identify_results] firmware_version is: 4.20.0
[2025-09-12 12:17:11.586] [4964] [HailoRT] [info] [device.cpp:49] [Device] OS Version: Linux 6.12.34+rpt-rpi-2712 #1 SMP PREEMPT Debian 1:6.12.34-1+rpt1~bookworm (2025-06-26) aarch64
[2025-09-12 12:17:11.587] [4964] [HailoRT] [info] [control.cpp:108] [control__parse_identify_results] firmware_version is: 4.20.0
[2025-09-12 12:17:11.589] [4964] [HailoRT] [info] [control.cpp:108] [control__parse_identify_results] firmware_version is: 4.20.0
[2025-09-12 12:17:11.654] [4972] [HailoRT] [info] [device.cpp:49] [Device] OS Version: Linux 6.12.34+rpt-rpi-2712 #1 SMP PREEMPT Debian 1:6.12.34-1+rpt1~bookworm (2025-06-26) aarch64
[2025-09-12 12:17:11.656] [4972] [HailoRT] [info] [control.cpp:108] [control__parse_identify_results] firmware_version is: 4.20.0
[2025-09-12 12:17:11.657] [4972] [HailoRT] [info] [control.cpp:108] [control__parse_identify_results] firmware_version is: 4.20.0
[2025-09-12 12:17:11.435] [4864] [HailoRT] [info] [async_infer_runner.cpp:86] [shutdown] Pipeline was aborted. Shutting it down
[2025-09-12 12:17:11.435] [4864] [HailoRT] [info] [queue_elements.cpp:570] [execute_deactivate] enqueue() in element PushQEl2AsyncHwEl was aborted, got status = HAILO_SHUTDOWN_EVENT_SIGNALED(57)
[2025-09-12 12:17:11.435] [4864] [HailoRT] [info] [queue_elements.cpp:570] [execute_deactivate] enqueue() in element PushQEl5AsyncHwEl was aborted, got status = HAILO_SHUTDOWN_EVENT_SIGNALED(57)
[2025-09-12 12:17:11.435] [4864] [HailoRT] [info] [queue_elements.cpp:570] [execute_deactivate] enqueue() in element PushQEl7AsyncHwEl was aborted, got status = HAILO_SHUTDOWN_EVENT_SIGNALED(57)
[2025-09-12 12:17:11.435] [4864] [HailoRT] [info] [queue_elements.cpp:570] [execute_deactivate] enqueue() in element PushQEl1yolov8m_pose/input_layer1 was aborted, got status = HAILO_SHUTDOWN_EVENT_SIGNALED(57)
[2025-09-12 12:17:11.435] [4864] [HailoRT] [info] [queue_elements.cpp:570] [execute_deactivate] enqueue() in element EntryPushQEl0yolov8m_pose/input_layer1 was aborted, got status = HAILO_SHUTDOWN_EVENT_SIGNALED(57)
[2025-09-12 12:17:11.435] [4864] [HailoRT] [info] [queue_elements.cpp:46] [~BaseQueueElement] Queue element EntryPushQEl0yolov8m_pose/input_layer1 has 0 frames in his Queue on destruction
[2025-09-12 12:17:11.435] [4864] [HailoRT] [info] [queue_elements.cpp:46] [~BaseQueueElement] Queue element PushQEl1yolov8m_pose/input_layer1 has 0 frames in his Queue on destruction
[2025-09-12 12:17:11.436] [4864] [HailoRT] [info] [queue_elements.cpp:46] [~BaseQueueElement] Queue element PushQEl5AsyncHwEl has 0 frames in his Queue on destruction
[2025-09-12 12:17:11.436] [4864] [HailoRT] [info] [queue_elements.cpp:46] [~BaseQueueElement] Queue element PushQEl2AsyncHwEl has 0 frames in his Queue on destruction
[2025-09-12 12:17:11.436] [4864] [HailoRT] [info] [queue_elements.cpp:46] [~BaseQueueElement] Queue element PushQEl7AsyncHwEl has 0 frames in his Queue on destruction
[2025-09-12 12:17:11.705] [4864] [HailoRT] [info] [vdevice.cpp:523] [create] Creating vdevice with params: device_count: 1, scheduling_algorithm: ROUND_ROBIN, multi_process_service: false
[2025-09-12 12:17:11.716] [4864] [HailoRT] [info] [device.cpp:49] [Device] OS Version: Linux 6.12.34+rpt-rpi-2712 #1 SMP PREEMPT Debian 1:6.12.34-1+rpt1~bookworm (2025-06-26) aarch64
[2025-09-12 12:17:11.717] [4864] [HailoRT] [info] [control.cpp:108] [control__parse_identify_results] firmware_version is: 4.20.0
[2025-09-12 12:17:11.717] [4864] [HailoRT] [info] [vdevice.cpp:651] [create] VDevice Infos: 0001:01:00.0
[2025-09-12 12:17:11.841] [4864] [HailoRT] [info] [hef.cpp:1929] [get_network_group_and_network_name] No name was given. Addressing all networks of default network_group: yolov8m_pose
[2025-09-12 12:17:11.841] [4864] [HailoRT] [info] [hef.cpp:1929] [get_network_group_and_network_name] No name was given. Addressing all networks of default network_group: yolov8m_pose
[2025-09-12 12:17:16.890] [4996] [HailoRT] [info] [internal_buffer_manager.cpp:204] [print_execution_results] Planned internal buffer memory: CMA memory 0, user memory 7300608. memory to edge layer usage factor is 1
[2025-09-12 12:17:16.890] [4996] [HailoRT] [info] [internal_buffer_manager.cpp:212] [print_execution_results] Default Internal buffer planner executed successfully
[2025-09-12 12:17:16.966] [4996] [HailoRT] [info] [device_internal.cpp:57] [configure] Configuring HEF took 91.355772 milliseconds
[2025-09-12 12:17:16.966] [4996] [HailoRT] [info] [vdevice.cpp:749] [configure] Configuring HEF on VDevice took 94.313416 milliseconds
[2025-09-12 12:17:16.966] [4996] [HailoRT] [info] [infer_model.cpp:436] [configure] Configuring network group 'yolov8m_pose' with params: batch size: 2, power mode: PERFORMANCE, latency: NONE
[2025-09-12 12:17:16.966] [4996] [HailoRT] [info] [multi_io_elements.cpp:756] [create] Created (AsyncHwEl)
[2025-09-12 12:17:16.966] [4996] [HailoRT] [info] [queue_elements.cpp:450] [create] Created (EntryPushQEl0yolov8m_pose/input_layer1 | timeout: 10s)
[2025-09-12 12:17:16.966] [4996] [HailoRT] [info] [filter_elements.cpp:101] [create] Created (PreInferEl1yolov8m_pose/input_layer1 | Reorder - src_order: RGB4, src_shape: (640, 640, 3), dst_order: NHWC, dst_shape: (640, 640, 3))
[2025-09-12 12:17:16.967] [4996] [HailoRT] [info] [queue_elements.cpp:450] [create] Created (PushQEl1yolov8m_pose/input_layer1 | timeout: 10s)
[2025-09-12 12:17:16.967] [4996] [HailoRT] [info] [edge_elements.cpp:187] [create] Created (LastAsyncEl4AsyncHwEl)
[2025-09-12 12:17:16.967] [4996] [HailoRT] [info] [queue_elements.cpp:450] [create] Created (PushQEl5AsyncHwEl | timeout: 10s)
[2025-09-12 12:17:16.967] [4996] [HailoRT] [info] [filter_elements.cpp:375] [create] Created (PostInferEl5AsyncHwEl | Reorder - src_order: FCR, src_shape: (40, 40, 56), dst_order: FCR, dst_shape: (40, 40, 51))
[2025-09-12 12:17:16.967] [4996] [HailoRT] [info] [edge_elements.cpp:187] [create] Created (LastAsyncEl0PostInferEl5AsyncHwEl)
[2025-09-12 12:17:16.967] [4996] [HailoRT] [info] [edge_elements.cpp:187] [create] Created (LastAsyncEl1AsyncHwEl)
[2025-09-12 12:17:16.967] [4996] [HailoRT] [info] [queue_elements.cpp:450] [create] Created (PushQEl2AsyncHwEl | timeout: 10s)
[2025-09-12 12:17:16.967] [4996] [HailoRT] [info] [filter_elements.cpp:375] [create] Created (PostInferEl2AsyncHwEl | Reorder - src_order: FCR, src_shape: (20, 20, 56), dst_order: FCR, dst_shape: (20, 20, 51))
[2025-09-12 12:17:16.967] [4996] [HailoRT] [info] [edge_elements.cpp:187] [create] Created (LastAsyncEl0PostInferEl2AsyncHwEl)
[2025-09-12 12:17:16.967] [4996] [HailoRT] [info] [edge_elements.cpp:187] [create] Created (LastAsyncEl3AsyncHwEl)
[2025-09-12 12:17:16.967] [4996] [HailoRT] [info] [edge_elements.cpp:187] [create] Created (LastAsyncEl0AsyncHwEl)
[2025-09-12 12:17:16.967] [4996] [HailoRT] [info] [edge_elements.cpp:187] [create] Created (LastAsyncEl8AsyncHwEl)
[2025-09-12 12:17:16.967] [4996] [HailoRT] [info] [edge_elements.cpp:187] [create] Created (LastAsyncEl6AsyncHwEl)
[2025-09-12 12:17:16.967] [4996] [HailoRT] [info] [queue_elements.cpp:450] [create] Created (PushQEl7AsyncHwEl | timeout: 10s)
[2025-09-12 12:17:16.967] [4996] [HailoRT] [info] [filter_elements.cpp:375] [create] Created (PostInferEl7AsyncHwEl | Reorder - src_order: FCR, src_shape: (80, 80, 56), dst_order: FCR, dst_shape: (80, 80, 51))
[2025-09-12 12:17:16.967] [4996] [HailoRT] [info] [edge_elements.cpp:187] [create] Created (LastAsyncEl0PostInferEl7AsyncHwEl)
[2025-09-12 12:17:16.967] [4996] [HailoRT] [info] [pipeline.cpp:891] [print_deep_description] EntryPushQEl0yolov8m_pose/input_layer1 | inputs: user | outputs: PreInferEl1yolov8m_pose/input_layer1(running in thread_id: 5015)
[2025-09-12 12:17:16.967] [4996] [HailoRT] [info] [pipeline.cpp:891] [print_deep_description] PreInferEl1yolov8m_pose/input_layer1 | inputs: EntryPushQEl0yolov8m_pose/input_layer1[0] | outputs: PushQEl1yolov8m_pose/input_layer1
[2025-09-12 12:17:16.967] [4996] [HailoRT] [info] [pipeline.cpp:891] [print_deep_description] PushQEl1yolov8m_pose/input_layer1 | inputs: PreInferEl1yolov8m_pose/input_layer1[0] | outputs: AsyncHwEl(running in thread_id: 5016)
[2025-09-12 12:17:16.969] [4996] [HailoRT] [info] [pipeline.cpp:891] [print_deep_description] AsyncHwEl | inputs: PushQEl1yolov8m_pose/input_layer1[0] | outputs: LastAsyncEl0AsyncHwEl LastAsyncEl1AsyncHwEl PushQEl2AsyncHwEl LastAsyncEl3AsyncHwEl LastAsyncEl4AsyncHwEl PushQEl5AsyncHwEl LastAsyncEl6AsyncHwEl PushQEl7AsyncHwEl LastAsyncEl8AsyncHwEl
[2025-09-12 12:17:16.969] [4996] [HailoRT] [info] [pipeline.cpp:891] [print_deep_description] LastAsyncEl0AsyncHwEl | inputs: AsyncHwEl[0] | outputs: user
[2025-09-12 12:17:16.969] [4996] [HailoRT] [info] [pipeline.cpp:891] [print_deep_description] LastAsyncEl1AsyncHwEl | inputs: AsyncHwEl[0] | outputs: user
[2025-09-12 12:17:16.969] [4996] [HailoRT] [info] [pipeline.cpp:891] [print_deep_description] PushQEl2AsyncHwEl | inputs: AsyncHwEl[0] | outputs: PostInferEl2AsyncHwEl(running in thread_id: 5018)
[2025-09-12 12:17:16.969] [4996] [HailoRT] [info] [pipeline.cpp:891] [print_deep_description] PostInferEl2AsyncHwEl | inputs: PushQEl2AsyncHwEl[0] | outputs: LastAsyncEl0PostInferEl2AsyncHwEl
[2025-09-12 12:17:16.969] [4996] [HailoRT] [info] [pipeline.cpp:891] [print_deep_description] LastAsyncEl0PostInferEl2AsyncHwEl | inputs: PostInferEl2AsyncHwEl[0] | outputs: user
[2025-09-12 12:17:16.969] [4996] [HailoRT] [info] [pipeline.cpp:891] [print_deep_description] LastAsyncEl3AsyncHwEl | inputs: AsyncHwEl[0] | outputs: user
[2025-09-12 12:17:16.969] [4996] [HailoRT] [info] [pipeline.cpp:891] [print_deep_description] LastAsyncEl4AsyncHwEl | inputs: AsyncHwEl[0] | outputs: user
[2025-09-12 12:17:16.969] [4996] [HailoRT] [info] [pipeline.cpp:891] [print_deep_description] PushQEl5AsyncHwEl | inputs: AsyncHwEl[0] | outputs: PostInferEl5AsyncHwEl(running in thread_id: 5017)
[2025-09-12 12:17:16.969] [4996] [HailoRT] [info] [pipeline.cpp:891] [print_deep_description] PostInferEl5AsyncHwEl | inputs: PushQEl5AsyncHwEl[0] | outputs: LastAsyncEl0PostInferEl5AsyncHwEl
[2025-09-12 12:17:16.969] [4996] [HailoRT] [info] [pipeline.cpp:891] [print_deep_description] LastAsyncEl0PostInferEl5AsyncHwEl | inputs: PostInferEl5AsyncHwEl[0] | outputs: user
[2025-09-12 12:17:16.969] [4996] [HailoRT] [info] [pipeline.cpp:891] [print_deep_description] LastAsyncEl6AsyncHwEl | inputs: AsyncHwEl[0] | outputs: user
[2025-09-12 12:17:16.969] [4996] [HailoRT] [info] [pipeline.cpp:891] [print_deep_description] PushQEl7AsyncHwEl | inputs: AsyncHwEl[0] | outputs: PostInferEl7AsyncHwEl(running in thread_id: 5019)
[2025-09-12 12:17:16.969] [4996] [HailoRT] [info] [pipeline.cpp:891] [print_deep_description] PostInferEl7AsyncHwEl | inputs: PushQEl7AsyncHwEl[0] | outputs: LastAsyncEl0PostInferEl7AsyncHwEl
[2025-09-12 12:17:16.969] [4996] [HailoRT] [info] [pipeline.cpp:891] [print_deep_description] LastAsyncEl0PostInferEl7AsyncHwEl | inputs: PostInferEl7AsyncHwEl[0] | outputs: user
[2025-09-12 12:17:16.969] [4996] [HailoRT] [info] [pipeline.cpp:891] [print_deep_description] LastAsyncEl8AsyncHwEl | inputs: AsyncHwEl[0] | outputs: user
[2025-09-12 12:17:16.977] [4996] [HailoRT] [info] [hef.cpp:1929] [get_network_group_and_network_name] No name was given. Addressing all networks of default network_group: yolov8m_pose
[2025-09-12 12:17:17.095] [4864] [HailoRT] [info] [async_infer_runner.cpp:86] [shutdown] Pipeline was aborted. Shutting it down
[2025-09-12 12:17:17.095] [4864] [HailoRT] [info] [queue_elements.cpp:570] [execute_deactivate] enqueue() in element PushQEl2AsyncHwEl was aborted, got status = HAILO_SHUTDOWN_EVENT_SIGNALED(57)
[2025-09-12 12:17:17.095] [4864] [HailoRT] [info] [queue_elements.cpp:570] [execute_deactivate] enqueue() in element PushQEl5AsyncHwEl was aborted, got status = HAILO_SHUTDOWN_EVENT_SIGNALED(57)
[2025-09-12 12:17:17.095] [4864] [HailoRT] [info] [queue_elements.cpp:570] [execute_deactivate] enqueue() in element PushQEl7AsyncHwEl was aborted, got status = HAILO_SHUTDOWN_EVENT_SIGNALED(57)
[2025-09-12 12:17:17.095] [4864] [HailoRT] [info] [queue_elements.cpp:570] [execute_deacti[2025-09-12 12:19:22.104] [5048] [HailoRT] [info] [device.cpp:49] [Device] OS Version: Linux 6.12.34+rpt-rpi-2712 #1 SMP PREEMPT Debian 1:6.12.34-1+rpt1~bookworm (2025-06-26) aarch64
[2025-09-12 12:19:22.105] [5048] [HailoRT] [info] [control.cpp:108] [control__parse_identify_results] firmware_version is: 4.20.0
[2025-09-12 12:19:22.106] [5048] [HailoRT] [info] [control.cpp:108] [control__parse_identify_results] firmware_version is: 4.20.0
[2025-09-12 12:19:22.148] [5056] [HailoRT] [info] [device.cpp:49] [Device] OS Version: Linux 6.12.34+rpt-rpi-2712 #1 SMP PREEMPT Debian 1:6.12.34-1+rpt1~bookworm (2025-06-26) aarch64
[2025-09-12 12:19:22.149] [5056] [HailoRT] [info] [control.cpp:108] [control__parse_identify_results] firmware_version is: 4.20.0
[2025-09-12 12:19:22.150] [5056] [HailoRT] [info] [control.cpp:108] [control__parse_identify_results] firmware_version is: 4.20.0
[2025-09-12 12:19:22.200] [5064] [HailoRT] [info] [device.cpp:49] [Device] OS Version: Linux 6.12.34+rpt-rpi-2712 #1 SMP PREEMPT Debian 1:6.12.34-1+rpt1~bookworm (2025-06-26) aarch64
[2025-09-12 12:19:22.201] [5064] [HailoRT] [info] [control.cpp:108] [control__parse_identify_results] firmware_version is: 4.20.0
[2025-09-12 12:19:22.202] [5064] [HailoRT] [info] [control.cpp:108] [control__parse_identify_results] firmware_version is: 4.20.0
[2025-09-12 12:19:22.271] [5037] [HailoRT] [info] [vdevice.cpp:523] [create] Creating vdevice with params: device_count: 1, scheduling_algorithm: ROUND_ROBIN, multi_process_service: false
[2025-09-12 12:19:22.283] [5037] [HailoRT] [info] [device.cpp:49] [Device] OS Version: Linux 6.12.34+rpt-rpi-2712 #1 SMP PREEMPT Debian 1:6.12.34-1+rpt1~bookworm (2025-06-26) aarch64
[2025-09-12 12:19:22.285] [5037] [HailoRT] [info] [control.cpp:108] [control__parse_identify_results] firmware_version is: 4.20.0
[2025-09-12 12:19:22.285] [5037] [HailoRT] [info] [vdevice.cpp:651] [create] VDevice Infos: 0001:01:00.0
[2025-09-12 12:19:22.384] [5037] [HailoRT] [info] [hef.cpp:1929] [get_network_group_and_network_name] No name was given. Addressing all networks of default network_group: yolov8m_pose
[2025-09-12 12:19:22.384] [5037] [HailoRT] [info] [hef.cpp:1929] [get_network_group_and_network_name] No name was given. Addressing all networks of default network_group: yolov8m_pose
[2025-09-12 12:19:22.590] [5089] [HailoRT] [info] [internal_buffer_manager.cpp:204] [print_execution_results] Planned internal buffer memory: CMA memory 0, user memory 7300608. memory to edge layer usage factor is 1
[2025-09-12 12:19:22.590] [5089] [HailoRT] [info] [internal_buffer_manager.cpp:212] [print_execution_results] Default Internal buffer planner executed successfully
[2025-09-12 12:19:22.658] [5089] [HailoRT] [info] [device_internal.cpp:57] [configure] Configuring HEF took 85.095145 milliseconds
[2025-09-12 12:19:22.658] [5089] [HailoRT] [info] [vdevice.cpp:749] [configure] Configuring HEF on VDevice took 86.253096 milliseconds
[2025-09-12 12:19:22.658] [5089] [HailoRT] [info] [infer_model.cpp:436] [configure] Configuring network group 'yolov8m_pose' with params: batch size: 2, power mode: PERFORMANCE, latency: NONE
[2025-09-12 12:19:22.658] [5089] [HailoRT] [info] [multi_io_elements.cpp:756] [create] Created (AsyncHwEl)
[2025-09-12 12:19:22.658] [5089] [HailoRT] [info] [queue_elements.cpp:450] [create] Created (EntryPushQEl0yolov8m_pose/input_layer1 | timeout: 10s)
[2025-09-12 12:19:22.658] [5089] [HailoRT] [info] [filter_elements.cpp:101] [create] Created (PreInferEl1yolov8m_pose/input_layer1 | Reorder - src_order: RGB4, src_shape: (640, 640, 3), dst_order: NHWC, dst_shape: (640, 640, 3))
[2025-09-12 12:19:22.658] [5089] [HailoRT] [info] [queue_elements.cpp:450] [create] Created (PushQEl1yolov8m_pose/input_layer1 | timeout: 10s)
[2025-09-12 12:19:22.658] [5089] [HailoRT] [info] [edge_elements.cpp:187] [create] Created (LastAsyncEl4AsyncHwEl)
[2025-09-12 12:19:22.658] [5089] [HailoRT] [info] [queue_elements.cpp:450] [create] Created (PushQEl5AsyncHwEl | timeout: 10s)
[2025-09-12 12:19:22.658] [5089] [HailoRT] [info] [filter_elements.cpp:375] [create] Created (PostInferEl5AsyncHwEl | Reorder - src_order: FCR, src_shape: (40, 40, 56), dst_order: FCR, dst_shape: (40, 40, 51))
[2025-09-12 12:19:22.658] [5089] [HailoRT] [info] [edge_elements.cpp:187] [create] Created (LastAsyncEl0PostInferEl5AsyncHwEl)
[2025-09-12 12:19:22.658] [5089] [HailoRT] [info] [edge_elements.cpp:187] [create] Created (LastAsyncEl1AsyncHwEl)
[2025-09-12 12:19:22.658] [5089] [HailoRT] [info] [queue_elements.cpp:450] [create] Created (PushQEl2AsyncHwEl | timeout: 10s)
[2025-09-12 12:19:22.658] [5089] [HailoRT] [info] [filter_elements.cpp:375] [create] Created (PostInferEl2AsyncHwEl | Reorder - src_order: FCR, src_shape: (20, 20, 56), dst_order: FCR, dst_shape: (20, 20, 51))
[2025-09-12 12:19:22.658] [5089] [HailoRT] [info] [edge_elements.cpp:187] [create] Created (LastAsyncEl0PostInferEl2AsyncHwEl)
[2025-09-12 12:19:22.658] [5089] [HailoRT] [info] [edge_elements.cpp:187] [create] Created (LastAsyncEl3AsyncHwEl)
[2025-09-12 12:19:22.658] [5089] [HailoRT] [info] [edge_elements.cpp:187] [create] Created (LastAsyncEl0AsyncHwEl)
[2025-09-12 12:19:22.659] [5089] [HailoRT] [info] [edge_elements.cpp:187] [create] Created (LastAsyncEl8AsyncHwEl)
[2025-09-12 12:19:22.659] [5089] [HailoRT] [info] [edge_elements.cpp:187] [create] Created (LastAsyncEl6AsyncHwEl)
[2025-09-12 12:19:22.659] [5089] [HailoRT] [info] [queue_elements.cpp:450] [create] Created (PushQEl7AsyncHwEl | timeout: 10s)
[2025-09-12 12:19:22.659] [5089] [HailoRT] [info] [filter_elements.cpp:375] [create] Created (PostInferEl7AsyncHwEl | Reorder - src_order: FCR, src_shape: (80, 80, 56), dst_order: FCR, dst_shape: (80, 80, 51))
[2025-09-12 12:19:22.659] [5089] [HailoRT] [info] [edge_elements.cpp:187] [create] Created (LastAsyncEl0PostInferEl7AsyncHwEl)
[2025-09-12 12:19:22.659] [5089] [HailoRT] [info] [pipeline.cpp:891] [print_deep_description] EntryPushQEl0yolov8m_pose/input_layer1 | inputs: user | outputs: PreInferEl1yolov8m_pose/input_layer1(running in thread_id: 5112)
[2025-09-12 12:19:22.659] [5089] [HailoRT] [info] [pipeline.cpp:891] [print_deep_description] PreInferEl1yolov8m_pose/input_layer1 | inputs: EntryPushQEl0yolov8m_pose/input_layer1[0] | outputs: PushQEl1yolov8m_pose/input_layer1
[2025-09-12 12:19:22.659] [5089] [HailoRT] [info] [pipeline.cpp:891] [print_deep_description] PushQEl1yolov8m_pose/input_layer1 | inputs: PreInferEl1yolov8m_pose/input_layer1[0] | outputs: AsyncHwEl(running in thread_id: 5113)
[2025-09-12 12:19:22.659] [5089] [HailoRT] [info] [pipeline.cpp:891] [print_deep_description] AsyncHwEl | inputs: PushQEl1yolov8m_pose/input_layer1[0] | outputs: LastAsyncEl0AsyncHwEl LastAsyncEl1AsyncHwEl PushQEl2AsyncHwEl LastAsyncEl3AsyncHwEl LastAsyncEl4AsyncHwEl PushQEl5AsyncHwEl LastAsyncEl6AsyncHwEl PushQEl7AsyncHwEl LastAsyncEl8AsyncHwEl
[2025-09-12 12:19:22.659] [5089] [HailoRT] [info] [pipeline.cpp:891] [print_deep_description] LastAsyncEl0AsyncHwEl | inputs: AsyncHwEl[0] | outputs: user
[2025-09-12 12:19:22.659] [5089] [HailoRT] [info] [pipeline.cpp:891] [print_deep_description] LastAsyncEl1AsyncHwEl | inputs: AsyncHwEl[0] | outputs: user
[2025-09-12 12:19:22.659] [5089] [HailoRT] [info] [pipeline.cpp:891] [print_deep_description] PushQEl2AsyncHwEl | inputs: AsyncHwEl[0] | outputs: PostInferEl2AsyncHwEl(running in thread_id: 5115)
[2025-09-12 12:19:22.659] [5089] [HailoRT] [info] [pipeline.cpp:891] [print_deep_description] PostInferEl2AsyncHwEl | inputs: PushQEl2AsyncHwEl[0] | outputs: LastAsyncEl0PostInferEl2AsyncHwEl
[2025-09-12 12:19:22.659] [5089] [HailoRT] [info] [pipeline.cpp:891] [print_deep_description] LastAsyncEl0PostInferEl2AsyncHwEl | inputs: PostInferEl2AsyncHwEl[0] | outputs: user
[2025-09-12 12:19:22.659] [5089] [HailoRT] [info] [pipeline.cpp:891] [print_deep_description] LastAsyncEl3AsyncHwEl | inputs: AsyncHwEl[0] | outputs: user
[2025-09-12 12:19:22.659] [5089] [HailoRT] [info] [pipeline.cpp:891] [print_deep_description] LastAsyncEl4AsyncHwEl | inputs: AsyncHwEl[0] | outputs: user
[2025-09-12 12:19:22.659] [5089] [HailoRT] [info] [pipeline.cpp:891] [print_deep_description] PushQEl5AsyncHwEl | inputs: AsyncHwEl[0] | outputs: PostInferEl5AsyncHwEl(running in thread_id: 5114)
[2025-09-12 12:19:22.659] [5089] [HailoRT] [info] [pipeline.cpp:891] [print_deep_description] PostInferEl5AsyncHwEl | inputs: PushQEl5AsyncHwEl[0] | outputs: LastAsyncEl0PostInferEl5AsyncHwEl
[2025-09-12 12:19:22.659] [5089] [HailoRT] [info] [pipeline.cpp:891] [print_deep_description] LastAsyncEl0PostInferEl5AsyncHwEl | inputs: PostInferEl5AsyncHwEl[0] | outputs: user
[2025-09-12 12:19:22.659] [5089] [HailoRT] [info] [pipeline.cpp:891] [print_deep_description] LastAsyncEl6AsyncHwEl | inputs: AsyncHwEl[0] | outputs: user
[2025-09-12 12:19:22.659] [5089] [HailoRT] [info] [pipeline.cpp:891] [print_deep_description] PushQEl7AsyncHwEl | inputs: AsyncHwEl[0] | outputs: PostInferEl7AsyncHwEl(running in thread_id: 5116)
[2025-09-12 12:19:22.659] [5089] [HailoRT] [info] [pipeline.cpp:891] [print_deep_description] PostInferEl7AsyncHwEl | inputs: PushQEl7AsyncHwEl[0] | outputs: LastAsyncEl0PostInferEl7AsyncHwEl
[2025-09-12 12:19:22.659] [5089] [HailoRT] [info] [pipeline.cpp:891] [print_deep_description] LastAsyncEl0PostInferEl7AsyncHwEl | inputs: PostInferEl7AsyncHwEl[0] | outputs: user
[2025-09-12 12:19:22.659] [5089] [HailoRT] [info] [pipeline.cpp:891] [print_deep_description] LastAsyncEl8AsyncHwEl | inputs: AsyncHwEl[0] | outputs: user
[2025-09-12 12:19:22.664] [5089] [HailoRT] [info] [hef.cpp:1929] [get_network_group_and_network_name] No name was given. Addressing all networks of default network_group: yolov8m_pose
[2025-09-12 12:19:58.032] [5120] [HailoRT] [info] [device.cpp:49] [Device] OS Version: Linux 6.12.34+rpt-rpi-2712 #1 SMP PREEMPT Debian 1:6.12.34-1+rpt1~bookworm (2025-06-26) aarch64
[2025-09-12 12:19:58.033] [5120] [HailoRT] [info] [control.cpp:108] [control__parse_identify_results] firmware_version is: 4.20.0
[2025-09-12 12:19:58.034] [5120] [HailoRT] [info] [control.cpp:108] [control__parse_identify_results] firmware_version is: 4.20.0
[2025-09-12 12:19:58.080] [5128] [HailoRT] [info] [device.cpp:49] [Device] OS Version: Linux 6.12.34+rpt-rpi-2712 #1 SMP PREEMPT Debian 1:6.12.34-1+rpt1~bookworm (2025-06-26) aarch64
[2025-09-12 12:19:58.081] [5128] [HailoRT] [info] [control.cpp:108] [control__parse_identify_results] firmware_version is: 4.20.0
[2025-09-12 12:19:58.082] [5128] [HailoRT] [info] [control.cpp:108] [control__parse_identify_results] firmware_version is: 4.20.0
[2025-09-12 12:19:58.128] [5136] [HailoRT] [info] [device.cpp:49] [Device] OS Version: Linux 6.12.34+rpt-rpi-2712 #1 SMP PREEMPT Debian 1:6.12.34-1+rpt1~bookworm (2025-06-26) aarch64
[2025-09-12 12:19:58.129] [5136] [HailoRT] [info] [control.cpp:108] [control__parse_identify_results] firmware_version is: 4.20.0
[2025-09-12 12:19:58.130] [5136] [HailoRT] [info] [control.cpp:108] [control__parse_identify_results] firmware_version is: 4.20.0
[2025-09-12 12:19:57.933] [5037] [HailoRT] [info] [async_infer_runner.cpp:86] [shutdown] Pipeline was aborted. Shutting it down
[2025-09-12 12:19:57.934] [5037] [HailoRT] [info] [queue_elements.cpp:570] [execute_deactivate] enqueue() in element PushQEl2AsyncHwEl was aborted, got status = HAILO_SHUTDOWN_EVENT_SIGNALED(57)
[2025-09-12 12:19:57.934] [5037] [HailoRT] [info] [queue_elements.cpp:570] [execute_deactivate] enqueue() in element PushQEl5AsyncHwEl was aborted, got status = HAILO_SHUTDOWN_EVENT_SIGNALED(57)
[2025-09-12 12:19:57.934] [5037] [HailoRT] [info] [queue_elements.cpp:570] [execute_deactivate] enqueue() in element PushQEl7AsyncHwEl was aborted, got status = HAILO_SHUTDOWN_EVENT_SIGNALED(57)
[2025-09-12 12:19:57.934] [5037] [HailoRT] [info] [queue_elements.cpp:570] [execute_deactivate] enqueue() in element PushQEl1yolov8m_pose/input_layer1 was aborted, got status = HAILO_SHUTDOWN_EVENT_SIGNALED(57)
[2025-09-12 12:19:57.934] [5037] [HailoRT] [info] [queue_elements.cpp:570] [execute_deactivate] enqueue() in element EntryPushQEl0yolov8m_pose/input_layer1 was aborted, got status = HAILO_SHUTDOWN_EVENT_SIGNALED(57)
[2025-09-12 12:19:57.934] [5037] [HailoRT] [info] [queue_elements.cpp:46] [~BaseQueueElement] Queue element EntryPushQEl0yolov8m_pose/input_layer1 has 0 frames in his Queue on destruction
[2025-09-12 12:19:57.934] [5037] [HailoRT] [info] [queue_elements.cpp:46] [~BaseQueueElement] Queue element PushQEl1yolov8m_pose/input_layer1 has 0 frames in his Queue on destruction
[2025-09-12 12:19:57.934] [5037] [HailoRT] [info] [queue_elements.cpp:46] [~BaseQueueElement] Queue element PushQEl5AsyncHwEl has 0 frames in his Queue on destruction
[2025-09-12 12:19:57.935] [5037] [HailoRT] [info] [queue_elements.cpp:46] [~BaseQueueElement] Queue element PushQEl2AsyncHwEl has 0 frames in his Queue on destruction
[2025-09-12 12:19:57.935] [5037] [HailoRT] [info] [queue_elements.cpp:46] [~BaseQueueElement] Queue element PushQEl7AsyncHwEl has 0 frames in his Queue on destruction
[2025-09-12 12:19:58.172] [5037] [HailoRT] [info] [vdevice.cpp:523] [create] Creating vdevice with params: device_count: 1, scheduling_algorithm: ROUND_ROBIN, multi_process_service: false
[2025-09-12 12:19:58.184] [5037] [HailoRT] [info] [device.cpp:49] [Device] OS Version: Linux 6.12.34+rpt-rpi-2712 #1 SMP PREEMPT Debian 1:6.12.34-1+rpt1~bookworm (2025-06-26) aarch64
[2025-09-12 12:19:58.185] [5037] [HailoRT] [info] [control.cpp:108] [control__parse_identify_results] firmware_version is: 4.20.0
[2025-09-12 12:19:58.185] [5037] [HailoRT] [info] [vdevice.cpp:651] [create] VDevice Infos: 0001:01:00.0
[2025-09-12 12:19:58.286] [5037] [HailoRT] [info] [hef.cpp:1929] [get_network_group_and_network_name] No name was given. Addressing all networks of default network_group: yolov8m_pose
[2025-09-12 12:19:58.286] [5037] [HailoRT] [info] [hef.cpp:1929] [get_network_group_and_network_name] No name was given. Addressing all networks of default network_group: yolov8m_pose
[2025-09-12 12:20:02.867] [5161] [HailoRT] [info] [internal_buffer_manager.cpp:204] [print_execution_results] Planned internal buffer memory: CMA memory 0, user memory 7300608. memory to edge layer usage factor is 1
[2025-09-12 12:20:02.867] [5161] [HailoRT] [info] [internal_buffer_manager.cpp:212] [print_execution_results] Default Internal buffer planner executed successfully
[2025-09-12 12:20:02.949] [5161] [HailoRT] [info] [device_internal.cpp:57] [configure] Configuring HEF took 101.794565 milliseconds
[2025-09-12 12:20:02.949] [5161] [HailoRT] [info] [vdevice.cpp:749] [configure] Configuring HEF on VDevice took 102.208215 milliseconds
[2025-09-12 12:20:02.949] [5161] [HailoRT] [info] [infer_model.cpp:436] [configure] Configuring network group 'yolov8m_pose' with params: batch size: 2, power mode: PERFORMANCE, latency: NONE
[2025-09-12 12:20:02.949] [5161] [HailoRT] [info] [multi_io_elements.cpp:756] [create] Created (AsyncHwEl)
[2025-09-12 12:20:02.951] [5161] [HailoRT] [info] [queue_elements.cpp:450] [create] Created (EntryPushQEl0yolov8m_pose/input_layer1 | timeout: 10s)
[2025-09-12 12:20:02.951] [5161] [HailoRT] [info] [filter_elements.cpp:101] [create] Created (PreInferEl1yolov8m_pose/input_layer1 | Reorder - src_order: RGB4, src_shape: (640, 640, 3), dst_order: NHWC, dst_shape: (640, 640, 3))
[2025-09-12 12:20:02.953] [5161] [HailoRT] [info] [queue_elements.cpp:450] [create] Created (PushQEl1yolov8m_pose/input_layer1 | timeout: 10s)
[2025-09-12 12:20:02.954] [5161] [HailoRT] [info] [edge_elements.cpp:187] [create] Created (LastAsyncEl4AsyncHwEl)
[2025-09-12 12:20:02.954] [5161] [HailoRT] [info] [queue_elements.cpp:450] [create] Created (PushQEl5AsyncHwEl | timeout: 10s)
[2025-09-12 12:20:02.954] [5161] [HailoRT] [info] [filter_elements.cpp:375] [create] Created (PostInferEl5AsyncHwEl | Reorder - src_order: FCR, src_shape: (40, 40, 56), dst_order: FCR, dst_shape: (40, 40, 51))
[2025-09-12 12:20:02.954] [5161] [HailoRT] [info] [edge_elements.cpp:187] [create] Created (LastAsyncEl0PostInferEl5AsyncHwEl)
[2025-09-12 12:20:02.954] [5161] [HailoRT] [info] [edge_elements.cpp:187] [create] Created (LastAsyncEl1AsyncHwEl)
[2025-09-12 12:20:02.954] [5161] [HailoRT] [info] [queue_elements.cpp:450] [create] Created (PushQEl2AsyncHwEl | timeout: 10s)
[2025-09-12 12:20:02.954] [5161] [HailoRT] [info] [filter_elements.cpp:375] [create] Created (PostInferEl2AsyncHwEl | Reorder - src_order: FCR, src_shape: (20, 20, 56), dst_order: FCR, dst_shape: (20, 20, 51))
[2025-09-12 12:20:02.954] [5161] [HailoRT] [info] [edge_elements.cpp:187] [create] Created (LastAsyncEl0PostInferEl2AsyncHwEl)
[2025-09-12 12:20:02.954] [5161] [HailoRT] [info] [edge_elements.cpp:187] [create] Created (LastAsyncEl3AsyncHwEl)
[2025-09-12 12:20:02.954] [5161] [HailoRT] [info] [edge_elements.cpp:187] [create] Created (LastAsyncEl0AsyncHwEl)
[2025-09-12 12:20:02.954] [5161] [HailoRT] [info] [edge_elements.cpp:187] [create] Created (LastAsyncEl8AsyncHwEl)
[2025-09-12 12:20:02.954] [5161] [HailoRT] [info] [edge_elements.cpp:187] [create] Created (LastAsyncEl6AsyncHwEl)
[2025-09-12 12:20:02.954] [5161] [HailoRT] [info] [queue_elements.cpp:450] [create] Created (PushQEl7AsyncHwEl | timeout: 10s)
[2025-09-12 12:20:02.954] [5161] [HailoRT] [info] [filter_elements.cpp:375] [create] Created (PostInferEl7AsyncHwEl | Reorder - src_order: FCR, src_shape: (80, 80, 56), dst_order: FCR, dst_shape: (80, 80, 51))
[2025-09-12 12:20:02.954] [5161] [HailoRT] [info] [edge_elements.cpp:187] [create] Created (LastAsyncEl0PostInferEl7AsyncHwEl)
[2025-09-12 12:20:02.954] [5161] [HailoRT] [info] [pipeline.cpp:891] [print_deep_description] EntryPushQEl0yolov8m_pose/input_layer1 | inputs: user | outputs: PreInferEl1yolov8m_pose/input_layer1(running in thread_id: 5179)
[2025-09-12 12:20:02.954] [5161] [HailoRT] [info] [pipeline.cpp:891] [print_deep_description] PreInferEl1yolov8m_pose/input_layer1 | inputs: EntryPushQEl0yolov8m_pose/input_layer1[0] | outputs: PushQEl1yolov8m_pose/input_layer1
[2025-09-12 12:20:02.955] [5161] [HailoRT] [info] [pipeline.cpp:891] [print_deep_description] PushQEl1yolov8m_pose/input_layer1 | inputs: PreInferEl1yolov8m_pose/input_layer1[0] | outputs: AsyncHwEl(running in thread_id: 5180)
[2025-09-12 12:20:02.955] [5161] [HailoRT] [info] [pipeline.cpp:891] [print_deep_description] AsyncHwEl | inputs: PushQEl1yolov8m_pose/input_layer1[0] | outputs: LastAsyncEl0AsyncHwEl LastAsyncEl1AsyncHwEl PushQEl2AsyncHwEl LastAsyncEl3AsyncHwEl LastAsyncEl4AsyncHwEl PushQEl5AsyncHwEl LastAsyncEl6AsyncHwEl PushQEl7AsyncHwEl LastAsyncEl8AsyncHwEl
[2025-09-12 12:20:02.955] [5161] [HailoRT] [info] [pipeline.cpp:891] [print_deep_description] LastAsyncEl0AsyncHwEl | inputs: AsyncHwEl[0] | outputs: user
[2025-09-12 12:20:02.955] [5161] [HailoRT] [info] [pipeline.cpp:891] [print_deep_description] LastAsyncEl1AsyncHwEl | inputs: AsyncHwEl[0] | outputs: user
[2025-09-12 12:20:02.955] [5161] [HailoRT] [info] [pipeline.cpp:891] [print_deep_description] PushQEl2AsyncHwEl | inputs: AsyncHwEl[0] | outputs: PostInferEl2AsyncHwEl(running in thread_id: 5182)
[2025-09-12 12:20:02.955] [5161] [HailoRT] [info] [pipeline.cpp:891] [print_deep_description] PostInferEl2AsyncHwEl | inputs: PushQEl2AsyncHwEl[0] | outputs: LastAsyncEl0PostInferEl2AsyncHwEl
[2025-09-12 12:20:02.955] [5161] [HailoRT] [info] [pipeline.cpp:891] [print_deep_description] LastAsyncEl0PostInferEl2AsyncHwEl | inputs: PostInferEl2AsyncHwEl[0] | outputs: user
[2025-09-12 12:20:02.955] [5161] [HailoRT] [info] [pipeline.cpp:891] [print_deep_description] LastAsyncEl3AsyncHwEl | inputs: AsyncHwEl[0] | outputs: user
[2025-09-12 12:20:02.955] [5161] [HailoRT] [info] [pipeline.cpp:891] [print_deep_description] LastAsyncEl4AsyncHwEl | inputs: AsyncHwEl[0] | outputs: user
[2025-09-12 12:20:02.955] [5161] [HailoRT] [info] [pipeline.cpp:891] [print_deep_description] PushQEl5AsyncHwEl | inputs: AsyncHwEl[0] | outputs: PostInferEl5AsyncHwEl(running in thread_id: 5181)
[2025-09-12 12:20:02.955] [5161] [HailoRT] [info] [pipeline.cpp:891] [print_deep_description] PostInferEl5AsyncHwEl | inputs: PushQEl5AsyncHwEl[0] | outputs: LastAsyncEl0PostInferEl5AsyncHwEl
[2025-09-12 12:20:02.955] [5161] [HailoRT] [info] [pipeline.cpp:891] [print_deep_description] LastAsyncEl0PostInferEl5AsyncHwEl | inputs: PostInferEl5AsyncHwEl[0] | outputs: user
[2025-09-12 12:20:02.955] [5161] [HailoRT] [info] [pipeline.cpp:891] [print_deep_description] LastAsyncEl6AsyncHwEl | inputs: AsyncHwEl[0] | outputs: user
[2025-09-12 12:20:02.955] [5161] [HailoRT] [info] [pipeline.cpp:891] [print_deep_description] PushQEl7AsyncHwEl | inputs: AsyncHwEl[0] | outputs: PostInferEl7AsyncHwEl(running in thread_id: 5183)
[2025-09-12 12:20:02.955] [5161] [HailoRT] [info] [pipeline.cpp:891] [print_deep_description] PostInferEl7AsyncHwEl | inputs: PushQEl7AsyncHwEl[0] | outputs: LastAsyncEl0PostInferEl7AsyncHwEl
[2025-09-12 12:20:02.955] [5161] [HailoRT] [info] [pipeline.cpp:891] [print_deep_description] LastAsyncEl0PostInferEl7AsyncHwEl | inputs: PostInferEl7AsyncHwEl[0] | outputs: user
[2025-09-12 12:20:02.955] [5161] [HailoRT] [info] [pipeline.cpp:891] [print_deep_description] LastAsyncEl8AsyncHwEl | inputs: AsyncHwEl[0] | outputs: user
[2025-09-12 12:20:02.962] [5161] [HailoRT] [info] [hef.cpp:1929] [get_network_group_and_network_name] No name was given. Addressing all networks of default network_group: yolov8m_pose
[2025-09-12 12:20:03.084] [5037] [HailoRT] [info] [async_infer_runner.cpp:86] [shutdown] Pipeline was aborted. Shutting it down
[2025-09-12 12:20:03.084] [5037] [HailoRT] [info] [queue_elements.cpp:570] [execute_deactivate] enqueue() in element PushQEl2AsyncHwEl was aborted, got status = HAILO_SHUTDOWN_EVENT_SIGNALED(57)
[2025-09-12 12:20:03.084] [5037] [HailoRT] [info] [queue_elements.cpp:570] [execute_deactivate] enqueue() in element PushQEl5AsyncHwEl was aborted, got status = HAILO_SHUTDOWN_EVENT_SIGNALED(57)
[2025-09-12 12:20:03.084] [5037] [HailoRT] [info] [queue_elements.cpp:570] [execute_deactivate] enqueue() in element PushQEl7AsyncHwEl was aborted, got status = HAILO_SHUTDOWN_EVENT_SIGNALED(57)
[2025-09-12 12:20:03.084] [5037] [HailoRT] [info] [queue_elements.cpp:570] [execute_deactivate] enqueue() in element PushQEl1yolov8m_pose/input_layer1 was aborted, got status = HAILO_SHUTDOWN_EVENT_SIGNALED(57)
[2025-09-12 12:20:03.084] [5037] [HailoRT] [info] [queue_elements.cpp:570] [execute_deactivate] enqueue() in element EntryPushQEl0yolov8m_pose/input_layer1 was aborted, got status = HAILO_SHUTDOWN_EVENT_SIGNALED(57)
[2025-09-12 12:20:03.084] [5037] [HailoRT] [info] [queue_elements.cpp:46] [~BaseQueueElement] Queue element EntryPushQEl0yolov8m_pose/input_layer1 has 0 frames in his Queue on destruction
[2025-09-12 12:20:03.084] [5037] [HailoRT] [info] [queue_elements.cpp:46] [~BaseQueueElement] Queue element PushQEl1yolov8m_pose/input_layer1 has 0 frames in his Queue on destruction
[2025-09-12 12:20:03.084] [5037] [HailoRT] [info] [queue_elements.cpp:46] [~BaseQueueElement] Queue element PushQEl5AsyncHwEl has 0 frames in his Queue on destruction
[2025-09-12 12:20:03.085] [5037] [HailoRT] [info] [queue_elements.cpp:46] [~BaseQueueElement] Queue element PushQEl2AsyncHwEl has 0 frames in his Queue on destruction
[2025-09-12 12:20:03.085] [5037] [HailoRT] [info] [queue_elements.cpp:46] [~BaseQueueElement] Queue element PushQEl7AsyncHwEl has 0 frames in his Queue on destruction
[2025-09-12 12:21:17.552] [5208] [HailoRT] [info] [device.cpp:49] [Device] OS Version: Linux 6.12.34+rpt-rpi-2712 #1 SMP PREEMPT Debian 1:6.12.34-1+rpt1~bookworm (2025-06-26) aarch64
[2025-09-12 12:21:17.553] [5208] [HailoRT] [info] [control.cpp:108] [control__parse_identify_results] firmware_version is: 4.20.0
[2025-09-12 12:21:17.554] [5208] [HailoRT] [info] [control.cpp:108] [control__parse_identify_results] firmware_version is: 4.20.0
[2025-09-12 12:21:17.596] [5216] [HailoRT] [info] [device.cpp:49] [Device] OS Version: Linux 6.12.34+rpt-rpi-2712 #1 SMP PREEMPT Debian 1:6.12.34-1+rpt1~bookworm (2025-06-26) aarch64
[2025-09-12 12:21:17.597] [5216] [HailoRT] [info] [control.cpp:108] [control__parse_identify_results] firmware_version is: 4.20.0
[2025-09-12 12:21:17.598] [5216] [HailoRT] [info] [control.cpp:108] [control__parse_identify_results] firmware_version is: 4.20.0
[2025-09-12 12:21:17.644] [5224] [HailoRT] [info] [device.cpp:49] [Device] OS Version: Linux 6.12.34+rpt-rpi-2712 #1 SMP PREEMPT Debian 1:6.12.34-1+rpt1~bookworm (2025-06-26) aarch64
[2025-09-12 12:21:17.645] [5224] [HailoRT] [info] [control.cpp:108] [control__parse_identify_results] firmware_version is: 4.20.0
[2025-09-12 12:21:17.646] [5224] [HailoRT] [info] [control.cpp:108] [control__parse_identify_results] firmware_version is: 4.20.0
[2025-09-12 12:21:17.719] [5197] [HailoRT] [info] [vdevice.cpp:523] [create] Creating vdevice with params: device_count: 1, scheduling_algorithm: ROUND_ROBIN, multi_process_service: false
[2025-09-12 12:21:17.731] [5197] [HailoRT] [info] [device.cpp:49] [Device] OS Version: Linux 6.12.34+rpt-rpi-2712 #1 SMP PREEMPT Debian 1:6.12.34-1+rpt1~bookworm (2025-06-26) aarch64
[2025-09-12 12:21:17.732] [5197] [HailoRT] [info] [control.cpp:108] [control__parse_identify_results] firmware_version is: 4.20.0
[2025-09-12 12:21:17.732] [5197] [HailoRT] [info] [vdevice.cpp:651] [create] VDevice Infos: 0001:01:00.0
[2025-09-12 12:21:17.832] [5197] [HailoRT] [info] [hef.cpp:1929] [get_network_group_and_network_name] No name was given. Addressing all networks of default network_group: yolov8m_pose
[2025-09-12 12:21:17.832] [5197] [HailoRT] [info] [hef.cpp:1929] [get_network_group_and_network_name] No name was given. Addressing all networks of default network_group: yolov8m_pose
[2025-09-12 12:21:18.043] [5249] [HailoRT] [info] [internal_buffer_manager.cpp:204] [print_execution_results] Planned internal buffer memory: CMA memory 0, user memory 7300608. memory to edge layer usage factor is 1
[2025-09-12 12:21:18.043] [5249] [HailoRT] [info] [internal_buffer_manager.cpp:212] [print_execution_results] Default Internal buffer planner executed successfully
[2025-09-12 12:21:18.110] [5249] [HailoRT] [info] [device_internal.cpp:57] [configure] Configuring HEF took 90.119356 milliseconds
[2025-09-12 12:21:18.110] [5249] [HailoRT] [info] [vdevice.cpp:749] [configure] Configuring HEF on VDevice took 94.223154 milliseconds
[2025-09-12 12:21:18.110] [5249] [HailoRT] [info] [infer_model.cpp:436] [configure] Configuring network group 'yolov8m_pose' with params: batch size: 2, power mode: PERFORMANCE, latency: NONE
[2025-09-12 12:21:18.110] [5249] [HailoRT] [info] [multi_io_elements.cpp:756] [create] Created (AsyncHwEl)
[2025-09-12 12:21:18.110] [5249] [HailoRT] [info] [queue_elements.cpp:450] [create] Created (EntryPushQEl0yolov8m_pose/input_layer1 | timeout: 10s)
[2025-09-12 12:21:18.110] [5249] [HailoRT] [info] [filter_elements.cpp:101] [create] Created (PreInferEl1yolov8m_pose/input_layer1 | Reorder - src_order: RGB4, src_shape: (640, 640, 3), dst_order: NHWC, dst_shape: (640, 640, 3))
[2025-09-12 12:21:18.110] [5249] [HailoRT] [info] [queue_elements.cpp:450] [create] Created (PushQEl1yolov8m_pose/input_layer1 | timeout: 10s)
[2025-09-12 12:21:18.110] [5249] [HailoRT] [info] [edge_elements.cpp:187] [create] Created (LastAsyncEl4AsyncHwEl)
[2025-09-12 12:21:18.111] [5249] [HailoRT] [info] [queue_elements.cpp:450] [create] Created (PushQEl5AsyncHwEl | timeout: 10s)
[2025-09-12 12:21:18.111] [5249] [HailoRT] [info] [filter_elements.cpp:375] [create] Created (PostInferEl5AsyncHwEl | Reorder - src_order: FCR, src_shape: (40, 40, 56), dst_order: FCR, dst_shape: (40, 40, 51))
[2025-09-12 12:21:18.111] [5249] [HailoRT] [info] [edge_elements.cpp:187] [create] Created (LastAsyncEl0PostInferEl5AsyncHwEl)
[2025-09-12 12:21:18.111] [5249] [HailoRT] [info] [edge_elements.cpp:187] [create] Created (LastAsyncEl1AsyncHwEl)
[2025-09-12 12:21:18.111] [5249] [HailoRT] [info] [queue_elements.cpp:450] [create] Created (PushQEl2AsyncHwEl | timeout: 10s)
[2025-09-12 12:21:18.111] [5249] [HailoRT] [info] [filter_elements.cpp:375] [create] Created (PostInferEl2AsyncHwEl | Reorder - src_order: FCR, src_shape: (20, 20, 56), dst_order: FCR, dst_shape: (20, 20, 51))
[2025-09-12 12:21:18.111] [5249] [HailoRT] [info] [edge_elements.cpp:187] [create] Created (LastAsyncEl0PostInferEl2AsyncHwEl)
[2025-09-12 12:21:18.111] [5249] [HailoRT] [info] [edge_elements.cpp:187] [create] Created (LastAsyncEl3AsyncHwEl)
[2025-09-12 12:21:18.111] [5249] [HailoRT] [info] [edge_elements.cpp:187] [create] Created (LastAsyncEl0AsyncHwEl)
[2025-09-12 12:21:18.111] [5249] [HailoRT] [info] [edge_elements.cpp:187] [create] Created (LastAsyncEl8AsyncHwEl)
[2025-09-12 12:21:18.111] [5249] [HailoRT] [info] [edge_elements.cpp:187] [create] Created (LastAsyncEl6AsyncHwEl)
[2025-09-12 12:21:18.111] [5249] [HailoRT] [info] [queue_elements.cpp:450] [create] Created (PushQEl7AsyncHwEl | timeout: 10s)
[2025-09-12 12:21:18.111] [5249] [HailoRT] [info] [filter_elements.cpp:375] [create] Created (PostInferEl7AsyncHwEl | Reorder - src_order: FCR, src_shape: (80, 80, 56), dst_order: FCR, dst_shape: (80, 80, 51))
[2025-09-12 12:21:18.111] [5249] [HailoRT] [info] [edge_elements.cpp:187] [create] Created (LastAsyncEl0PostInferEl7AsyncHwEl)
[2025-09-12 12:21:18.111] [5249] [HailoRT] [info] [pipeline.cpp:891] [print_deep_description] EntryPushQEl0yolov8m_pose/input_layer1 | inputs: user | outputs: PreInferEl1yolov8m_pose/input_layer1(running in thread_id: 5271)
[2025-09-12 12:21:18.111] [5249] [HailoRT] [info] [pipeline.cpp:891] [print_deep_description] PreInferEl1yolov8m_pose/input_layer1 | inputs: EntryPushQEl0yolov8m_pose/input_layer1[0] | outputs: PushQEl1yolov8m_pose/input_layer1
[2025-09-12 12:21:18.111] [5249] [HailoRT] [info] [pipeline.cpp:891] [print_deep_description] PushQEl1yolov8m_pose/input_layer1 | inputs: PreInferEl1yolov8m_pose/input_layer1[0] | outputs: AsyncHwEl(running in thread_id: 5272)
[2025-09-12 12:21:18.111] [5249] [HailoRT] [info] [pipeline.cpp:891] [print_deep_description] AsyncHwEl | inputs: PushQEl1yolov8m_pose/input_layer1[0] | outputs: LastAsyncEl0AsyncHwEl LastAsyncEl1AsyncHwEl PushQEl2AsyncHwEl LastAsyncEl3AsyncHwEl LastAsyncEl4AsyncHwEl PushQEl5AsyncHwEl LastAsyncEl6AsyncHwEl PushQEl7AsyncHwEl LastAsyncEl8AsyncHwEl
[2025-09-12 12:21:18.111] [5249] [HailoRT] [info] [pipeline.cpp:891] [print_deep_description] LastAsyncEl0AsyncHwEl | inputs: AsyncHwEl[0] | outputs: user
[2025-09-12 12:21:18.111] [5249] [HailoRT] [info] [pipeline.cpp:891] [print_deep_description] LastAsyncEl1AsyncHwEl | inputs: AsyncHwEl[0] | outputs: user
[2025-09-12 12:21:18.111] [5249] [HailoRT] [info] [pipeline.cpp:891] [print_deep_description] PushQEl2AsyncHwEl | inputs: AsyncHwEl[0] | outputs: PostInferEl2AsyncHwEl(running in thread_id: 5274)
[2025-09-12 12:21:18.111] [5249] [HailoRT] [info] [pipeline.cpp:891] [print_deep_description] PostInferEl2AsyncHwEl | inputs: PushQEl2AsyncHwEl[0] | outputs: LastAsyncEl0PostInferEl2AsyncHwEl
[2025-09-12 12:21:18.111] [5249] [HailoRT] [info] [pipeline.cpp:891] [print_deep_description] LastAsyncEl0PostInferEl2AsyncHwEl | inputs: PostInferEl2AsyncHwEl[0] | outputs: user
[2025-09-12 12:21:18.111] [5249] [HailoRT] [info] [pipeline.cpp:891] [print_deep_description] LastAsyncEl3AsyncHwEl | inputs: AsyncHwEl[0] | outputs: user
[2025-09-12 12:21:18.111] [5249] [HailoRT] [info] [pipeline.cpp:891] [print_deep_description] LastAsyncEl4AsyncHwEl | inputs: AsyncHwEl[0] | outputs: user
[2025-09-12 12:21:18.111] [5249] [HailoRT] [info] [pipeline.cpp:891] [print_deep_description] PushQEl5AsyncHwEl | inputs: AsyncHwEl[0] | outputs: PostInferEl5AsyncHwEl(running in thread_id: 5273)
[2025-09-12 12:21:18.111] [5249] [HailoRT] [info] [pipeline.cpp:891] [print_deep_description] PostInferEl5AsyncHwEl | inputs: PushQEl5AsyncHwEl[0] | outputs: LastAsyncEl0PostInferEl5AsyncHwEl
[2025-09-12 12:21:18.111] [5249] [HailoRT] [info] [pipeline.cpp:891] [print_deep_description] LastAsyncEl0PostInferEl5AsyncHwEl | inputs: PostInferEl5AsyncHwEl[0] | outputs: user
[2025-09-12 12:21:18.111] [5249] [HailoRT] [info] [pipeline.cpp:891] [print_deep_description] LastAsyncEl6AsyncHwEl | inputs: AsyncHwEl[0] | outputs: user
[2025-09-12 12:21:18.111] [5249] [HailoRT] [info] [pipeline.cpp:891] [print_deep_description] PushQEl7AsyncHwEl | inputs: AsyncHwEl[0] | outputs: PostInferEl7AsyncHwEl(running in thread_id: 5275)
[2025-09-12 12:21:18.111] [5249] [HailoRT] [info] [pipeline.cpp:891] [print_deep_description] PostInferEl7AsyncHwEl | inputs: PushQEl7AsyncHwEl[0] | outputs: LastAsyncEl0PostInferEl7AsyncHwEl
[2025-09-12 12:21:18.111] [5249] [HailoRT] [info] [pipeline.cpp:891] [print_deep_description] LastAsyncEl0PostInferEl7AsyncHwEl | inputs: PostInferEl7AsyncHwEl[0] | outputs: user
[2025-09-12 12:21:18.111] [5249] [HailoRT] [info] [pipeline.cpp:891] [print_deep_description] LastAsyncEl8AsyncHwEl | inputs: AsyncHwEl[0] | outputs: user
[2025-09-12 12:21:18.116] [5249] [HailoRT] [info] [hef.cpp:1929] [get_network_group_and_network_name] No name was given. Addressing all networks of default network_group: yolov8m_pose
[2025-09-12 12:21:45.768] [5280] [HailoRT] [info] [device.cpp:49] [Device] OS Version: Linux 6.12.34+rpt-rpi-2712 #1 SMP PREEMPT Debian 1:6.12.34-1+rpt1~bookworm (2025-06-26) aarch64
[2025-09-12 12:21:45.769] [5280] [HailoRT] [info] [control.cpp:108] [control__parse_identify_results] firmware_version is: 4.20.0
[2025-09-12 12:21:45.770] [5280] [HailoRT] [info] [control.cpp:108] [control__parse_identify_results] firmware_version is: 4.20.0
[2025-09-12 12:21:45.820] [5288] [HailoRT] [info] [device.cpp:49] [Device] OS Version: Linux 6.12.34+rpt-rpi-2712 #1 SMP PREEMPT Debian 1:6.12.34-1+rpt1~bookworm (2025-06-26) aarch64
[2025-09-12 12:21:45.821] [5288] [HailoRT] [info] [control.cpp:108] [control__parse_identify_results] firmware_version is: 4.20.0
[2025-09-12 12:21:45.822] [5288] [HailoRT] [info] [control.cpp:108] [control__parse_identify_results] firmware_version is: 4.20.0
[2025-09-12 12:21:45.868] [5296] [HailoRT] [info] [device.cpp:49] [Device] OS Version: Linux 6.12.34+rpt-rpi-2712 #1 SMP PREEMPT Debian 1:6.12.34-1+rpt1~bookworm (2025-06-26) aarch64
[2025-09-12 12:21:45.869] [5296] [HailoRT] [info] [control.cpp:108] [control__parse_identify_results] firmware_version is: 4.20.0
[2025-09-12 12:21:45.870] [5296] [HailoRT] [info] [control.cpp:108] [control__parse_identify_results] firmware_version is: 4.20.0
[2025-09-12 12:21:45.624] [5197] [HailoRT] [info] [async_infer_runner.cpp:86] [shutdown] Pipeline was aborted. Shutting it down
[2025-09-12 12:21:45.625] [5197] [HailoRT] [info] [queue_elements.cpp:570] [execute_deactivate] enqueue() in element PushQEl2AsyncHwEl was aborted, got status = HAILO_SHUTDOWN_EVENT_SIGNALED(57)
[2025-09-12 12:21:45.625] [5197] [HailoRT] [info] [queue_elements.cpp:570] [execute_deactivate] enqueue() in element PushQEl5AsyncHwEl was aborted, got status = HAILO_SHUTDOWN_EVENT_SIGNALED(57)
[2025-09-12 12:21:45.625] [5197] [HailoRT] [info] [queue_elements.cpp:570] [execute_deactivate] enqueue() in element PushQEl7AsyncHwEl was aborted, got status = HAILO_SHUTDOWN_EVENT_SIGNALED(57)
[2025-09-12 12:21:45.625] [5197] [HailoRT] [info] [queue_elements.cpp:570] [execute_deactivate] enqueue() in element PushQEl1yolov8m_pose/input_layer1 was aborted, got status = HAILO_SHUTDOWN_EVENT_SIGNALED(57)
[2025-09-12 12:21:45.625] [5197] [HailoRT] [info] [queue_elements.cpp:570] [execute_deactivate] enqueue() in element EntryPushQEl0yolov8m_pose/input_layer1 was aborted, got status = HAILO_SHUTDOWN_EVENT_SIGNALED(57)
[2025-09-12 12:21:45.625] [5197] [HailoRT] [info] [queue_elements.cpp:46] [~BaseQueueElement] Queue element EntryPushQEl0yolov8m_pose/input_layer1 has 0 frames in his Queue on destruction
[2025-09-12 12:21:45.625] [5197] [HailoRT] [info] [queue_elements.cpp:46] [~BaseQueueElement] Queue element PushQEl1yolov8m_pose/input_layer1 has 0 frames in his Queue on destruction
[2025-09-12 12:21:45.626] [5197] [HailoRT] [info] [queue_elements.cpp:46] [~BaseQueueElement] Queue element PushQEl5AsyncHwEl has 0 frames in his Queue on destruction
[2025-09-12 12:21:45.626] [5197] [HailoRT] [info] [queue_elements.cpp:46] [~BaseQueueElement] Queue element PushQEl2AsyncHwEl has 0 frames in his Queue on destruction
[2025-09-12 12:21:45.626] [5197] [HailoRT] [info] [queue_elements.cpp:46] [~BaseQueueElement] Queue element PushQEl7AsyncHwEl has 0 frames in his Queue on destruction
[2025-09-12 12:21:45.916] [5197] [HailoRT] [info] [vdevice.cpp:523] [create] Creating vdevice with params: device_count: 1, scheduling_algorithm: ROUND_ROBIN, multi_process_service: false
[2025-09-12 12:21:45.928] [5197] [HailoRT] [info] [device.cpp:49] [Device] OS Version: Linux 6.12.34+rpt-rpi-2712 #1 SMP PREEMPT Debian 1:6.12.34-1+rpt1~bookworm (2025-06-26) aarch64
[2025-09-12 12:21:45.929] [5197] [HailoRT] [info] [control.cpp:108] [control__parse_identify_results] firmware_version is: 4.20.0
[2025-09-12 12:21:45.929] [5197] [HailoRT] [info] [vdevice.cpp:651] [create] VDevice Infos: 0001:01:00.0
[2025-09-12 12:21:46.029] [5197] [HailoRT] [info] [hef.cpp:1929] [get_network_group_and_network_name] No name was given. Addressing all networks of default network_group: yolov8m_pose
[2025-09-12 12:21:46.029] [5197] [HailoRT] [info] [hef.cpp:1929] [get_network_group_and_network_name] No name was given. Addressing all networks of default network_group: yolov8m_pose
[2025-09-12 12:21:48.813] [5320] [HailoRT] [info] [internal_buffer_manager.cpp:204] [print_execution_results] Planned internal buffer memory: CMA memory 0, user memory 7300608. memory to edge layer usage factor is 1
[2025-09-12 12:21:48.813] [5320] [HailoRT] [info] [internal_buffer_manager.cpp:212] [print_execution_results] Default Internal buffer planner executed successfully
[2025-09-12 12:21:48.894] [5320] [HailoRT] [info] [device_internal.cpp:57] [configure] Configuring HEF took 98.415917 milliseconds
[2025-09-12 12:21:48.894] [5320] [HailoRT] [info] [vdevice.cpp:749] [configure] Configuring HEF on VDevice took 98.918474 milliseconds
[2025-09-12 12:21:48.894] [5320] [HailoRT] [info] [infer_model.cpp:436] [configure] Configuring network group 'yolov8m_pose' with params: batch size: 2, power mode: PERFORMANCE, latency: NONE
[2025-09-12 12:21:48.894] [5320] [HailoRT] [info] [multi_io_elements.cpp:756] [create] Created (AsyncHwEl)
[2025-09-12 12:21:48.895] [5320] [HailoRT] [info] [queue_elements.cpp:450] [create] Created (EntryPushQEl0yolov8m_pose/input_layer1 | timeout: 10s)
[2025-09-12 12:21:48.895] [5320] [HailoRT] [info] [filter_elements.cpp:101] [create] Created (PreInferEl1yolov8m_pose/input_layer1 | Reorder - src_order: RGB4, src_shape: (640, 640, 3), dst_order: NHWC, dst_shape: (640, 640, 3))
[2025-09-12 12:21:48.895] [5320] [HailoRT] [info] [queue_elements.cpp:450] [create] Created (PushQEl1yolov8m_pose/input_layer1 | timeout: 10s)
[2025-09-12 12:21:48.895] [5320] [HailoRT] [info] [edge_elements.cpp:187] [create] Created (LastAsyncEl4AsyncHwEl)
[2025-09-12 12:21:48.895] [5320] [HailoRT] [info] [queue_elements.cpp:450] [create] Created (PushQEl5AsyncHwEl | timeout: 10s)
[2025-09-12 12:21:48.895] [5320] [HailoRT] [info] [filter_elements.cpp:375] [create] Created (PostInferEl5AsyncHwEl | Reorder - src_order: FCR, src_shape: (40, 40, 56), dst_order: FCR, dst_shape: (40, 40, 51))
[2025-09-12 12:21:48.895] [5320] [HailoRT] [info] [edge_elements.cpp:187] [create] Created (LastAsyncEl0PostInferEl5AsyncHwEl)
[2025-09-12 12:21:48.895] [5320] [HailoRT] [info] [edge_elements.cpp:187] [create] Created (LastAsyncEl1AsyncHwEl)
[2025-09-12 12:21:48.896] [5320] [HailoRT] [info] [queue_elements.cpp:450] [create] Created (PushQEl2AsyncHwEl | timeout: 10s)
[2025-09-12 12:21:48.896] [5320] [HailoRT] [info] [filter_elements.cpp:375] [create] Created (PostInferEl2AsyncHwEl | Reorder - src_order: FCR, src_shape: (20, 20, 56), dst_order: FCR, dst_shape: (20, 20, 51))
[2025-09-12 12:21:48.896] [5320] [HailoRT] [info] [edge_elements.cpp:187] [create] Created (LastAsyncEl0PostInferEl2AsyncHwEl)
[2025-09-12 12:21:48.896] [5320] [HailoRT] [info] [edge_elements.cpp:187] [create] Created (LastAsyncEl3AsyncHwEl)
[2025-09-12 12:21:48.896] [5320] [HailoRT] [info] [edge_elements.cpp:187] [create] Created (LastAsyncEl0AsyncHwEl)
[2025-09-12 12:21:48.896] [5320] [HailoRT] [info] [edge_elements.cpp:187] [create] Created (LastAsyncEl8AsyncHwEl)
[2025-09-12 12:21:48.896] [5320] [HailoRT] [info] [edge_elements.cpp:187] [create] Created (LastAsyncEl6AsyncHwEl)
[2025-09-12 12:21:48.896] [5320] [HailoRT] [info] [queue_elements.cpp:450] [create] Created (PushQEl7AsyncHwEl | timeout: 10s)
[2025-09-12 12:21:48.896] [5320] [HailoRT] [info] [filter_elements.cpp:375] [create] Created (PostInferEl7AsyncHwEl | Reorder - src_order: FCR, src_shape: (80, 80, 56), dst_order: FCR, dst_shape: (80, 80, 51))
[2025-09-12 12:21:48.896] [5320] [HailoRT] [info] [edge_elements.cpp:187] [create] Created (LastAsyncEl0PostInferEl7AsyncHwEl)
[2025-09-12 12:21:48.896] [5320] [HailoRT] [info] [pipeline.cpp:891] [print_deep_description] EntryPushQEl0yolov8m_pose/input_layer1 | inputs: user | outputs: PreInferEl1yolov8m_pose/input_layer1(running in thread_id: 5339)
[2025-09-12 12:21:48.896] [5320] [HailoRT] [info] [pipeline.cpp:891] [print_deep_description] PreInferEl1yolov8m_pose/input_layer1 | inputs: EntryPushQEl0yolov8m_pose/input_layer1[0] | outputs: PushQEl1yolov8m_pose/input_layer1
[2025-09-12 12:21:48.896] [5320] [HailoRT] [info] [pipeline.cpp:891] [print_deep_description] PushQEl1yolov8m_pose/input_layer1 | inputs: PreInferEl1yolov8m_pose/input_layer1[0] | outputs: AsyncHwEl(running in thread_id: 5340)
[2025-09-12 12:21:48.896] [5320] [HailoRT] [info] [pipeline.cpp:891] [print_deep_description] AsyncHwEl | inputs: PushQEl1yolov8m_pose/input_layer1[0] | outputs: LastAsyncEl0AsyncHwEl LastAsyncEl1AsyncHwEl PushQEl2AsyncHwEl LastAsyncEl3AsyncHwEl LastAsyncEl4AsyncHwEl PushQEl5AsyncHwEl LastAsyncEl6AsyncHwEl PushQEl7AsyncHwEl LastAsyncEl8AsyncHwEl
[2025-09-12 12:21:48.896] [5320] [HailoRT] [info] [pipeline.cpp:891] [print_deep_description] LastAsyncEl0AsyncHwEl | inputs: AsyncHwEl[0] | outputs: user
[2025-09-12 12:21:48.896] [5320] [HailoRT] [info] [pipeline.cpp:891] [print_deep_description] LastAsyncEl1AsyncHwEl | inputs: AsyncHwEl[0] | outputs: user
[2025-09-12 12:21:48.896] [5320] [HailoRT] [info] [pipeline.cpp:891] [print_deep_description] PushQEl2AsyncHwEl | inputs: AsyncHwEl[0] | outputs: PostInferEl2AsyncHwEl(running in thread_id: 5342)
[2025-09-12 12:21:48.896] [5320] [HailoRT] [info] [pipeline.cpp:891] [print_deep_description] PostInferEl2AsyncHwEl | inputs: PushQEl2AsyncHwEl[0] | outputs: LastAsyncEl0PostInferEl2AsyncHwEl
[2025-09-12 12:21:48.896] [5320] [HailoRT] [info] [pipeline.cpp:891] [print_deep_description] LastAsyncEl0PostInferEl2AsyncHwEl | inputs: PostInferEl2AsyncHwEl[0] | outputs: user
[2025-09-12 12:21:48.896] [5320] [HailoRT] [info] [pipeline.cpp:891] [print_deep_description] LastAsyncEl3AsyncHwEl | inputs: AsyncHwEl[0] | outputs: user
[2025-09-12 12:21:48.896] [5320] [HailoRT] [info] [pipeline.cpp:891] [print_deep_description] LastAsyncEl4AsyncHwEl | inputs: AsyncHwEl[0] | outputs: user
[2025-09-12 12:21:48.896] [5320] [HailoRT] [info] [pipeline.cpp:891] [print_deep_description] PushQEl5AsyncHwEl | inputs: AsyncHwEl[0] | outputs: PostInferEl5AsyncHwEl(running in thread_id: 5341)
[2025-09-12 12:21:48.896] [5320] [HailoRT] [info] [pipeline.cpp:891] [print_deep_description] PostInferEl5AsyncHwEl | inputs: PushQEl5AsyncHwEl[0] | outputs: LastAsyncEl0PostInferEl5AsyncHwEl
[2025-09-12 12:21:48.896] [5320] [HailoRT] [info] [pipeline.cpp:891] [print_deep_description] LastAsyncEl0PostInferEl5AsyncHwEl | inputs: PostInferEl5AsyncHwEl[0] | outputs: user
[2025-09-12 12:21:48.896] [5320] [HailoRT] [info] [pipeline.cpp:891] [print_deep_description] LastAsyncEl6AsyncHwEl | inputs: AsyncHwEl[0] | outputs: user
[2025-09-12 12:21:48.896] [5320] [HailoRT] [info] [pipeline.cpp:891] [print_deep_description] PushQEl7AsyncHwEl | inputs: AsyncHwEl[0] | outputs: PostInferEl7AsyncHwEl(running in thread_id: 5343)
[2025-09-12 12:21:48.896] [5320] [HailoRT] [info] [pipeline.cpp:891] [print_deep_description] PostInferEl7AsyncHwEl | inputs: PushQEl7AsyncHwEl[0] | outputs: LastAsyncEl0PostInferEl7AsyncHwEl
[2025-09-12 12:21:48.896] [5320] [HailoRT] [info] [pipeline.cpp:891] [print_deep_description] LastAsyncEl0PostInferEl7AsyncHwEl | inputs: PostInferEl7AsyncHwEl[0] | outputs: user
[2025-09-12 12:21:48.896] [5320] [HailoRT] [info] [pipeline.cpp:891] [print_deep_description] LastAsyncEl8AsyncHwEl | inputs: AsyncHwEl[0] | outputs: user
[2025-09-12 12:21:48.903] [5320] [HailoRT] [info] [hef.cpp:1929] [get_network_group_and_network_name] No name was given. Addressing all networks of default network_group: yolov8m_pose
[2025-09-12 12:21:49.047] [5197] [HailoRT] [info] [async_infer_runner.cpp:86] [shutdown] Pipeline was aborted. Shutting it down
[2025-09-12 12:21:49.047] [5197] [HailoRT] [info] [queue_elements.cpp:570] [execute_deactivate] enqueue() in element PushQEl2AsyncHwEl was aborted, got status = HAILO_SHUTDOWN_EVENT_SIGNALED(57)
[2025-09-12 12:21:49.047] [5197] [HailoRT] [info] [queue_elements.cpp:570] [execute_deactivate] enqueue() in element PushQEl5AsyncHwEl was aborted, got status = HAILO_SHUTDOWN_EVENT_SIGNALED(57)
[2025-09-12 12:21:49.048] [5197] [HailoRT] [info] [queue_elements.cpp:570] [execute_deactivate] enqueue() in element PushQEl7AsyncHwEl was aborted, got status = HAILO_SHUTDOWN_EVENT_SIGNALED(57)
[2025-09-12 12:21:49.048] [5197] [HailoRT] [info] [queue_elements.cpp:570] [execute_deacti[2025-09-12 12:27:21.459] [5374] [HailoRT] [info] [device.cpp:49] [Device] OS Version: Linux 6.12.34+rpt-rpi-2712 #1 SMP PREEMPT Debian 1:6.12.34-1+rpt1~bookworm (2025-06-26) aarch64
[2025-09-12 12:27:21.461] [5374] [HailoRT] [info] [control.cpp:108] [control__parse_identify_results] firmware_version is: 4.20.0
[2025-09-12 12:27:21.462] [5374] [HailoRT] [info] [control.cpp:108] [control__parse_identify_results] firmware_version is: 4.20.0
[2025-09-12 12:27:21.516] [5382] [HailoRT] [info] [device.cpp:49] [Device] OS Version: Linux 6.12.34+rpt-rpi-2712 #1 SMP PREEMPT Debian 1:6.12.34-1+rpt1~bookworm (2025-06-26) aarch64
[2025-09-12 12:27:21.517] [5382] [HailoRT] [info] [control.cpp:108] [control__parse_identify_results] firmware_version is: 4.20.0
[2025-09-12 12:27:21.518] [5382] [HailoRT] [info] [control.cpp:108] [control__parse_identify_results] firmware_version is: 4.20.0
[2025-09-12 12:27:21.576] [5390] [HailoRT] [info] [device.cpp:49] [Device] OS Version: Linux 6.12.34+rpt-rpi-2712 #1 SMP PREEMPT Debian 1:6.12.34-1+rpt1~bookworm (2025-06-26) aarch64
[2025-09-12 12:27:21.577] [5390] [HailoRT] [info] [control.cpp:108] [control__parse_identify_results] firmware_version is: 4.20.0
[2025-09-12 12:27:21.578] [5390] [HailoRT] [info] [control.cpp:108] [control__parse_identify_results] firmware_version is: 4.20.0
[2025-09-12 12:27:21.643] [5363] [HailoRT] [info] [vdevice.cpp:523] [create] Creating vdevice with params: device_count: 1, scheduling_algorithm: ROUND_ROBIN, multi_process_service: false
[2025-09-12 12:27:21.655] [5363] [HailoRT] [info] [device.cpp:49] [Device] OS Version: Linux 6.12.34+rpt-rpi-2712 #1 SMP PREEMPT Debian 1:6.12.34-1+rpt1~bookworm (2025-06-26) aarch64
[2025-09-12 12:27:21.657] [5363] [HailoRT] [info] [control.cpp:108] [control__parse_identify_results] firmware_version is: 4.20.0
[2025-09-12 12:27:21.657] [5363] [HailoRT] [info] [vdevice.cpp:651] [create] VDevice Infos: 0001:01:00.0
[2025-09-12 12:27:21.756] [5363] [HailoRT] [info] [hef.cpp:1929] [get_network_group_and_network_name] No name was given. Addressing all networks of default network_group: yolov8m_pose
[2025-09-12 12:27:21.756] [5363] [HailoRT] [info] [hef.cpp:1929] [get_network_group_and_network_name] No name was given. Addressing all networks of default network_group: yolov8m_pose
[2025-09-12 12:27:43.374] [5446] [HailoRT] [info] [device.cpp:49] [Device] OS Version: Linux 6.12.34+rpt-rpi-2712 #1 SMP PREEMPT Debian 1:6.12.34-1+rpt1~bookworm (2025-06-26) aarch64
[2025-09-12 12:27:43.375] [5446] [HailoRT] [info] [control.cpp:108] [control__parse_identify_results] firmware_version is: 4.20.0
[2025-09-12 12:27:43.376] [5446] [HailoRT] [info] [control.cpp:108] [control__parse_identify_results] firmware_version is: 4.20.0
[2025-09-12 12:27:43.428] [5454] [HailoRT] [info] [device.cpp:49] [Device] OS Version: Linux 6.12.34+rpt-rpi-2712 #1 SMP PREEMPT Debian 1:6.12.34-1+rpt1~bookworm (2025-06-26) aarch64
[2025-09-12 12:27:43.429] [5454] [HailoRT] [info] [control.cpp:108] [control__parse_identify_results] firmware_version is: 4.20.0
[2025-09-12 12:27:43.430] [5454] [HailoRT] [info] [control.cpp:108] [control__parse_identify_results] firmware_version is: 4.20.0
[2025-09-12 12:27:43.476] [5462] [HailoRT] [info] [device.cpp:49] [Device] OS Version: Linux 6.12.34+rpt-rpi-2712 #1 SMP PREEMPT Debian 1:6.12.34-1+rpt1~bookworm (2025-06-26) aarch64
[2025-09-12 12:27:43.477] [5462] [HailoRT] [info] [control.cpp:108] [control__parse_identify_results] firmware_version is: 4.20.0
[2025-09-12 12:27:43.478] [5462] [HailoRT] [info] [control.cpp:108] [control__parse_identify_results] firmware_version is: 4.20.0
[2025-09-12 12:27:43.543] [5435] [HailoRT] [info] [vdevice.cpp:523] [create] Creating vdevice with params: device_count: 1, scheduling_algorithm: ROUND_ROBIN, multi_process_service: false
[2025-09-12 12:27:43.555] [5435] [HailoRT] [info] [device.cpp:49] [Device] OS Version: Linux 6.12.34+rpt-rpi-2712 #1 SMP PREEMPT Debian 1:6.12.34-1+rpt1~bookworm (2025-06-26) aarch64
[2025-09-12 12:27:43.556] [5435] [HailoRT] [info] [control.cpp:108] [control__parse_identify_results] firmware_version is: 4.20.0
[2025-09-12 12:27:43.556] [5435] [HailoRT] [info] [vdevice.cpp:651] [create] VDevice Infos: 0001:01:00.0
[2025-09-12 12:27:43.656] [5435] [HailoRT] [info] [hef.cpp:1929] [get_network_group_and_network_name] No name was given. Addressing all networks of default network_group: yolov8m_pose
[2025-09-12 12:27:43.656] [5435] [HailoRT] [info] [hef.cpp:1929] [get_network_group_and_network_name] No name was given. Addressing all networks of default network_group: yolov8m_pose
[2025-09-12 12:27:43.869] [5487] [HailoRT] [info] [internal_buffer_manager.cpp:204] [print_execution_results] Planned internal buffer memory: CMA memory 0, user memory 7300608. memory to edge layer usage factor is 1
[2025-09-12 12:27:43.869] [5487] [HailoRT] [info] [internal_buffer_manager.cpp:212] [print_execution_results] Default Internal buffer planner executed successfully
[2025-09-12 12:27:43.931] [5487] [HailoRT] [info] [device_internal.cpp:57] [configure] Configuring HEF took 99.351697 milliseconds
[2025-09-12 12:27:43.931] [5487] [HailoRT] [info] [vdevice.cpp:749] [configure] Configuring HEF on VDevice took 100.832094 milliseconds
[2025-09-12 12:27:43.931] [5487] [HailoRT] [info] [infer_model.cpp:436] [configure] Configuring network group 'yolov8m_pose' with params: batch size: 2, power mode: PERFORMANCE, latency: NONE
[2025-09-12 12:27:43.932] [5487] [HailoRT] [info] [multi_io_elements.cpp:756] [create] Created (AsyncHwEl)
[2025-09-12 12:27:43.932] [5487] [HailoRT] [info] [queue_elements.cpp:450] [create] Created (EntryPushQEl0yolov8m_pose/input_layer1 | timeout: 10s)
[2025-09-12 12:27:43.932] [5487] [HailoRT] [info] [filter_elements.cpp:101] [create] Created (PreInferEl1yolov8m_pose/input_layer1 | Reorder - src_order: RGB4, src_shape: (640, 640, 3), dst_order: NHWC, dst_shape: (640, 640, 3))
[2025-09-12 12:27:43.932] [5487] [HailoRT] [info] [queue_elements.cpp:450] [create] Created (PushQEl1yolov8m_pose/input_layer1 | timeout: 10s)
[2025-09-12 12:27:43.932] [5487] [HailoRT] [info] [edge_elements.cpp:187] [create] Created (LastAsyncEl4AsyncHwEl)
[2025-09-12 12:27:43.932] [5487] [HailoRT] [info] [queue_elements.cpp:450] [create] Created (PushQEl5AsyncHwEl | timeout: 10s)
[2025-09-12 12:27:43.932] [5487] [HailoRT] [info] [filter_elements.cpp:375] [create] Created (PostInferEl5AsyncHwEl | Reorder - src_order: FCR, src_shape: (40, 40, 56), dst_order: FCR, dst_shape: (40, 40, 51))
[2025-09-12 12:27:43.932] [5487] [HailoRT] [info] [edge_elements.cpp:187] [create] Created (LastAsyncEl0PostInferEl5AsyncHwEl)
[2025-09-12 12:27:43.932] [5487] [HailoRT] [info] [edge_elements.cpp:187] [create] Created (LastAsyncEl1AsyncHwEl)
[2025-09-12 12:27:43.932] [5487] [HailoRT] [info] [queue_elements.cpp:450] [create] Created (PushQEl2AsyncHwEl | timeout: 10s)
[2025-09-12 12:27:43.932] [5487] [HailoRT] [info] [filter_elements.cpp:375] [create] Created (PostInferEl2AsyncHwEl | Reorder - src_order: FCR, src_shape: (20, 20, 56), dst_order: FCR, dst_shape: (20, 20, 51))
[2025-09-12 12:27:43.932] [5487] [HailoRT] [info] [edge_elements.cpp:187] [create] Created (LastAsyncEl0PostInferEl2AsyncHwEl)
[2025-09-12 12:27:43.932] [5487] [HailoRT] [info] [edge_elements.cpp:187] [create] Created (LastAsyncEl3AsyncHwEl)
[2025-09-12 12:27:43.932] [5487] [HailoRT] [info] [edge_elements.cpp:187] [create] Created (LastAsyncEl0AsyncHwEl)
[2025-09-12 12:27:43.932] [5487] [HailoRT] [info] [edge_elements.cpp:187] [create] Created (LastAsyncEl8AsyncHwEl)
[2025-09-12 12:27:43.932] [5487] [HailoRT] [info] [edge_elements.cpp:187] [create] Created (LastAsyncEl6AsyncHwEl)
[2025-09-12 12:27:43.933] [5487] [HailoRT] [info] [queue_elements.cpp:450] [create] Created (PushQEl7AsyncHwEl | timeout: 10s)
[2025-09-12 12:27:43.933] [5487] [HailoRT] [info] [filter_elements.cpp:375] [create] Created (PostInferEl7AsyncHwEl | Reorder - src_order: FCR, src_shape: (80, 80, 56), dst_order: FCR, dst_shape: (80, 80, 51))
[2025-09-12 12:27:43.933] [5487] [HailoRT] [info] [edge_elements.cpp:187] [create] Created (LastAsyncEl0PostInferEl7AsyncHwEl)
[2025-09-12 12:27:43.933] [5487] [HailoRT] [info] [pipeline.cpp:891] [print_deep_description] EntryPushQEl0yolov8m_pose/input_layer1 | inputs: user | outputs: PreInferEl1yolov8m_pose/input_layer1(running in thread_id: 5510)
[2025-09-12 12:27:43.933] [5487] [HailoRT] [info] [pipeline.cpp:891] [print_deep_description] PreInferEl1yolov8m_pose/input_layer1 | inputs: EntryPushQEl0yolov8m_pose/input_layer1[0] | outputs: PushQEl1yolov8m_pose/input_layer1
[2025-09-12 12:27:43.933] [5487] [HailoRT] [info] [pipeline.cpp:891] [print_deep_description] PushQEl1yolov8m_pose/input_layer1 | inputs: PreInferEl1yolov8m_pose/input_layer1[0] | outputs: AsyncHwEl(running in thread_id: 5511)
[2025-09-12 12:27:43.933] [5487] [HailoRT] [info] [pipeline.cpp:891] [print_deep_description] AsyncHwEl | inputs: PushQEl1yolov8m_pose/input_layer1[0] | outputs: LastAsyncEl0AsyncHwEl LastAsyncEl1AsyncHwEl PushQEl2AsyncHwEl LastAsyncEl3AsyncHwEl LastAsyncEl4AsyncHwEl PushQEl5AsyncHwEl LastAsyncEl6AsyncHwEl PushQEl7AsyncHwEl LastAsyncEl8AsyncHwEl
[2025-09-12 12:27:43.933] [5487] [HailoRT] [info] [pipeline.cpp:891] [print_deep_description] LastAsyncEl0AsyncHwEl | inputs: AsyncHwEl[0] | outputs: user
[2025-09-12 12:27:43.933] [5487] [HailoRT] [info] [pipeline.cpp:891] [print_deep_description] LastAsyncEl1AsyncHwEl | inputs: AsyncHwEl[0] | outputs: user
[2025-09-12 12:27:43.933] [5487] [HailoRT] [info] [pipeline.cpp:891] [print_deep_description] PushQEl2AsyncHwEl | inputs: AsyncHwEl[0] | outputs: PostInferEl2AsyncHwEl(running in thread_id: 5513)
[2025-09-12 12:27:43.933] [5487] [HailoRT] [info] [pipeline.cpp:891] [print_deep_description] PostInferEl2AsyncHwEl | inputs: PushQEl2AsyncHwEl[0] | outputs: LastAsyncEl0PostInferEl2AsyncHwEl
[2025-09-12 12:27:43.933] [5487] [HailoRT] [info] [pipeline.cpp:891] [print_deep_description] LastAsyncEl0PostInferEl2AsyncHwEl | inputs: PostInferEl2AsyncHwEl[0] | outputs: user
[2025-09-12 12:27:43.933] [5487] [HailoRT] [info] [pipeline.cpp:891] [print_deep_description] LastAsyncEl3AsyncHwEl | inputs: AsyncHwEl[0] | outputs: user
[2025-09-12 12:27:43.933] [5487] [HailoRT] [info] [pipeline.cpp:891] [print_deep_description] LastAsyncEl4AsyncHwEl | inputs: AsyncHwEl[0] | outputs: user
[2025-09-12 12:27:43.933] [5487] [HailoRT] [info] [pipeline.cpp:891] [print_deep_description] PushQEl5AsyncHwEl | inputs: AsyncHwEl[0] | outputs: PostInferEl5AsyncHwEl(running in thread_id: 5512)
[2025-09-12 12:27:43.933] [5487] [HailoRT] [info] [pipeline.cpp:891] [print_deep_description] PostInferEl5AsyncHwEl | inputs: PushQEl5AsyncHwEl[0] | outputs: LastAsyncEl0PostInferEl5AsyncHwEl
[2025-09-12 12:27:43.933] [5487] [HailoRT] [info] [pipeline.cpp:891] [print_deep_description] LastAsyncEl0PostInferEl5AsyncHwEl | inputs: PostInferEl5AsyncHwEl[0] | outputs: user
[2025-09-12 12:27:43.933] [5487] [HailoRT] [info] [pipeline.cpp:891] [print_deep_description] LastAsyncEl6AsyncHwEl | inputs: AsyncHwEl[0] | outputs: user
[2025-09-12 12:27:43.933] [5487] [HailoRT] [info] [pipeline.cpp:891] [print_deep_description] PushQEl7AsyncHwEl | inputs: AsyncHwEl[0] | outputs: PostInferEl7AsyncHwEl(running in thread_id: 5514)
[2025-09-12 12:27:43.933] [5487] [HailoRT] [info] [pipeline.cpp:891] [print_deep_description] PostInferEl7AsyncHwEl | inputs: PushQEl7AsyncHwEl[0] | outputs: LastAsyncEl0PostInferEl7AsyncHwEl
[2025-09-12 12:27:43.933] [5487] [HailoRT] [info] [pipeline.cpp:891] [print_deep_description] LastAsyncEl0PostInferEl7AsyncHwEl | inputs: PostInferEl7AsyncHwEl[0] | outputs: user
[2025-09-12 12:27:43.933] [5487] [HailoRT] [info] [pipeline.cpp:891] [print_deep_description] LastAsyncEl8AsyncHwEl | inputs: AsyncHwEl[0] | outputs: user
[2025-09-12 12:27:43.938] [5487] [HailoRT] [info] [hef.cpp:1929] [get_network_group_and_network_name] No name was given. Addressing all networks of default network_group: yolov8m_pose
[2025-09-12 12:28:19.385] [5520] [HailoRT] [info] [device.cpp:49] [Device] OS Version: Linux 6.12.34+rpt-rpi-2712 #1 SMP PREEMPT Debian 1:6.12.34-1+rpt1~bookworm (2025-06-26) aarch64
[2025-09-12 12:28:19.386] [5520] [HailoRT] [info] [control.cpp:108] [control__parse_identify_results] firmware_version is: 4.20.0
[2025-09-12 12:28:19.387] [5520] [HailoRT] [info] [control.cpp:108] [control__parse_identify_results] firmware_version is: 4.20.0
[2025-09-12 12:28:19.456] [5528] [HailoRT] [info] [device.cpp:49] [Device] OS Version: Linux 6.12.34+rpt-rpi-2712 #1 SMP PREEMPT Debian 1:6.12.34-1+rpt1~bookworm (2025-06-26) aarch64
[2025-09-12 12:28:19.457] [5528] [HailoRT] [info] [control.cpp:108] [control__parse_identify_results] firmware_version is: 4.20.0
[2025-09-12 12:28:19.458] [5528] [HailoRT] [info] [control.cpp:108] [control__parse_identify_results] firmware_version is: 4.20.0
[2025-09-12 12:28:19.504] [5536] [HailoRT] [info] [device.cpp:49] [Device] OS Version: Linux 6.12.34+rpt-rpi-2712 #1 SMP PREEMPT Debian 1:6.12.34-1+rpt1~bookworm (2025-06-26) aarch64
[2025-09-12 12:28:19.505] [5536] [HailoRT] [info] [control.cpp:108] [control__parse_identify_results] firmware_version is: 4.20.0
[2025-09-12 12:28:19.506] [5536] [HailoRT] [info] [control.cpp:108] [control__parse_identify_results] firmware_version is: 4.20.0
[2025-09-12 12:28:19.247] [5435] [HailoRT] [info] [async_infer_runner.cpp:86] [shutdown] Pipeline was aborted. Shutting it down
[2025-09-12 12:28:19.247] [5435] [HailoRT] [info] [queue_elements.cpp:570] [execute_deactivate] enqueue() in element PushQEl2AsyncHwEl was aborted, got status = HAILO_SHUTDOWN_EVENT_SIGNALED(57)
[2025-09-12 12:28:19.247] [5435] [HailoRT] [info] [queue_elements.cpp:570] [execute_deactivate] enqueue() in element PushQEl5AsyncHwEl was aborted, got status = HAILO_SHUTDOWN_EVENT_SIGNALED(57)
[2025-09-12 12:28:19.247] [5435] [HailoRT] [info] [queue_elements.cpp:570] [execute_deactivate] enqueue() in element PushQEl7AsyncHwEl was aborted, got status = HAILO_SHUTDOWN_EVENT_SIGNALED(57)
[2025-09-12 12:28:19.247] [5435] [HailoRT] [info] [queue_elements.cpp:570] [execute_deactivate] enqueue() in element PushQEl1yolov8m_pose/input_layer1 was aborted, got status = HAILO_SHUTDOWN_EVENT_SIGNALED(57)
[2025-09-12 12:28:19.247] [5435] [HailoRT] [info] [queue_elements.cpp:570] [execute_deactivate] enqueue() in element EntryPushQEl0yolov8m_pose/input_layer1 was aborted, got status = HAILO_SHUTDOWN_EVENT_SIGNALED(57)
[2025-09-12 12:28:19.247] [5435] [HailoRT] [info] [queue_elements.cpp:46] [~BaseQueueElement] Queue element EntryPushQEl0yolov8m_pose/input_layer1 has 0 frames in his Queue on destruction
[2025-09-12 12:28:19.247] [5435] [HailoRT] [info] [queue_elements.cpp:46] [~BaseQueueElement] Queue element PushQEl1yolov8m_pose/input_layer1 has 0 frames in his Queue on destruction
[2025-09-12 12:28:19.248] [5435] [HailoRT] [info] [queue_elements.cpp:46] [~BaseQueueElement] Queue element PushQEl5AsyncHwEl has 0 frames in his Queue on destruction
[2025-09-12 12:28:19.248] [5435] [HailoRT] [info] [queue_elements.cpp:46] [~BaseQueueElement] Queue element PushQEl2AsyncHwEl has 0 frames in his Queue on destruction
[2025-09-12 12:28:19.248] [5435] [HailoRT] [info] [queue_elements.cpp:46] [~BaseQueueElement] Queue element PushQEl7AsyncHwEl has 0 frames in his Queue on destruction
[2025-09-12 12:28:19.544] [5435] [HailoRT] [info] [vdevice.cpp:523] [create] Creating vdevice with params: device_count: 1, scheduling_algorithm: ROUND_ROBIN, multi_process_service: false
[2025-09-12 12:28:19.556] [5435] [HailoRT] [info] [device.cpp:49] [Device] OS Version: Linux 6.12.34+rpt-rpi-2712 #1 SMP PREEMPT Debian 1:6.12.34-1+rpt1~bookworm (2025-06-26) aarch64
[2025-09-12 12:28:19.557] [5435] [HailoRT] [info] [control.cpp:108] [control__parse_identify_results] firmware_version is: 4.20.0
[2025-09-12 12:28:19.557] [5435] [HailoRT] [info] [vdevice.cpp:651] [create] VDevice Infos: 0001:01:00.0
[2025-09-12 12:28:19.658] [5435] [HailoRT] [info] [hef.cpp:1929] [get_network_group_and_network_name] No name was given. Addressing all networks of default network_group: yolov8m_pose
[2025-09-12 12:28:19.658] [5435] [HailoRT] [info] [hef.cpp:1929] [get_network_group_and_network_name] No name was given. Addressing all networks of default network_group: yolov8m_pose
[2025-09-12 12:28:27.489] [5560] [HailoRT] [info] [internal_buffer_manager.cpp:204] [print_execution_results] Planned internal buffer memory: CMA memory 0, user memory 7300608. memory to edge layer usage factor is 1
[2025-09-12 12:28:27.489] [5560] [HailoRT] [info] [internal_buffer_manager.cpp:212] [print_execution_results] Default Internal buffer planner executed successfully
[2025-09-12 12:28:27.550] [5560] [HailoRT] [info] [device_internal.cpp:57] [configure] Configuring HEF took 76.161874 milliseconds
[2025-09-12 12:28:27.550] [5560] [HailoRT] [info] [vdevice.cpp:749] [configure] Configuring HEF on VDevice took 76.672987 milliseconds
[2025-09-12 12:28:27.550] [5560] [HailoRT] [info] [infer_model.cpp:436] [configure] Configuring network group 'yolov8m_pose' with params: batch size: 2, power mode: PERFORMANCE, latency: NONE
[2025-09-12 12:28:27.550] [5560] [HailoRT] [info] [multi_io_elements.cpp:756] [create] Created (AsyncHwEl)
[2025-09-12 12:28:27.552] [5560] [HailoRT] [info] [queue_elements.cpp:450] [create] Created (EntryPushQEl0yolov8m_pose/input_layer1 | timeout: 10s)
[2025-09-12 12:28:27.552] [5560] [HailoRT] [info] [filter_elements.cpp:101] [create] Created (PreInferEl1yolov8m_pose/input_layer1 | Reorder - src_order: RGB4, src_shape: (640, 640, 3), dst_order: NHWC, dst_shape: (640, 640, 3))
[2025-09-12 12:28:27.552] [5560] [HailoRT] [info] [queue_elements.cpp:450] [create] Created (PushQEl1yolov8m_pose/input_layer1 | timeout: 10s)
[2025-09-12 12:28:27.552] [5560] [HailoRT] [info] [edge_elements.cpp:187] [create] Created (LastAsyncEl4AsyncHwEl)
[2025-09-12 12:28:27.553] [5560] [HailoRT] [info] [queue_elements.cpp:450] [create] Created (PushQEl5AsyncHwEl | timeout: 10s)
[2025-09-12 12:28:27.553] [5560] [HailoRT] [info] [filter_elements.cpp:375] [create] Created (PostInferEl5AsyncHwEl | Reorder - src_order: FCR, src_shape: (40, 40, 56), dst_order: FCR, dst_shape: (40, 40, 51))
[2025-09-12 12:28:27.553] [5560] [HailoRT] [info] [edge_elements.cpp:187] [create] Created (LastAsyncEl0PostInferEl5AsyncHwEl)
[2025-09-12 12:28:27.553] [5560] [HailoRT] [info] [edge_elements.cpp:187] [create] Created (LastAsyncEl1AsyncHwEl)
[2025-09-12 12:28:27.553] [5560] [HailoRT] [info] [queue_elements.cpp:450] [create] Created (PushQEl2AsyncHwEl | timeout: 10s)
[2025-09-12 12:28:27.553] [5560] [HailoRT] [info] [filter_elements.cpp:375] [create] Created (PostInferEl2AsyncHwEl | Reorder - src_order: FCR, src_shape: (20, 20, 56), dst_order: FCR, dst_shape: (20, 20, 51))
[2025-09-12 12:28:27.553] [5560] [HailoRT] [info] [edge_elements.cpp:187] [create] Created (LastAsyncEl0PostInferEl2AsyncHwEl)
[2025-09-12 12:28:27.553] [5560] [HailoRT] [info] [edge_elements.cpp:187] [create] Created (LastAsyncEl3AsyncHwEl)
[2025-09-12 12:28:27.553] [5560] [HailoRT] [info] [edge_elements.cpp:187] [create] Created (LastAsyncEl0AsyncHwEl)
[2025-09-12 12:28:27.553] [5560] [HailoRT] [info] [edge_elements.cpp:187] [create] Created (LastAsyncEl8AsyncHwEl)
[2025-09-12 12:28:27.553] [5560] [HailoRT] [info] [edge_elements.cpp:187] [create] Created (LastAsyncEl6AsyncHwEl)
[2025-09-12 12:28:27.553] [5560] [HailoRT] [info] [queue_elements.cpp:450] [create] Created (PushQEl7AsyncHwEl | timeout: 10s)
[2025-09-12 12:28:27.554] [5560] [HailoRT] [info] [filter_elements.cpp:375] [create] Created (PostInferEl7AsyncHwEl | Reorder - src_order: FCR, src_shape: (80, 80, 56), dst_order: FCR, dst_shape: (80, 80, 51))
[2025-09-12 12:28:27.554] [5560] [HailoRT] [info] [edge_elements.cpp:187] [create] Created (LastAsyncEl0PostInferEl7AsyncHwEl)
[2025-09-12 12:28:27.554] [5560] [HailoRT] [info] [pipeline.cpp:891] [print_deep_description] EntryPushQEl0yolov8m_pose/input_layer1 | inputs: user | outputs: PreInferEl1yolov8m_pose/input_layer1(running in thread_id: 5578)
[2025-09-12 12:28:27.554] [5560] [HailoRT] [info] [pipeline.cpp:891] [print_deep_description] PreInferEl1yolov8m_pose/input_layer1 | inputs: EntryPushQEl0yolov8m_pose/input_layer1[0] | outputs: PushQEl1yolov8m_pose/input_layer1
[2025-09-12 12:28:27.554] [5560] [HailoRT] [info] [pipeline.cpp:891] [print_deep_description] PushQEl1yolov8m_pose/input_layer1 | inputs: PreInferEl1yolov8m_pose/input_layer1[0] | outputs: AsyncHwEl(running in thread_id: 5579)
[2025-09-12 12:28:27.554] [5560] [HailoRT] [info] [pipeline.cpp:891] [print_deep_description] AsyncHwEl | inputs: PushQEl1yolov8m_pose/input_layer1[0] | outputs: LastAsyncEl0AsyncHwEl LastAsyncEl1AsyncHwEl PushQEl2AsyncHwEl LastAsyncEl3AsyncHwEl LastAsyncEl4AsyncHwEl PushQEl5AsyncHwEl LastAsyncEl6AsyncHwEl PushQEl7AsyncHwEl LastAsyncEl8AsyncHwEl
[2025-09-12 12:28:27.554] [5560] [HailoRT] [info] [pipeline.cpp:891] [print_deep_description] LastAsyncEl0AsyncHwEl | inputs: AsyncHwEl[0] | outputs: user
[2025-09-12 12:28:27.554] [5560] [HailoRT] [info] [pipeline.cpp:891] [print_deep_description] LastAsyncEl1AsyncHwEl | inputs: AsyncHwEl[0] | outputs: user
[2025-09-12 12:28:27.554] [5560] [HailoRT] [info] [pipeline.cpp:891] [print_deep_description] PushQEl2AsyncHwEl | inputs: AsyncHwEl[0] | outputs: PostInferEl2AsyncHwEl(running in thread_id: 5581)
[2025-09-12 12:28:27.554] [5560] [HailoRT] [info] [pipeline.cpp:891] [print_deep_description] PostInferEl2AsyncHwEl | inputs: PushQEl2AsyncHwEl[0] | outputs: LastAsyncEl0PostInferEl2AsyncHwEl
[2025-09-12 12:28:27.554] [5560] [HailoRT] [info] [pipeline.cpp:891] [print_deep_description] LastAsyncEl0PostInferEl2AsyncHwEl | inputs: PostInferEl2AsyncHwEl[0] | outputs: user
[2025-09-12 12:28:27.554] [5560] [HailoRT] [info] [pipeline.cpp:891] [print_deep_description] LastAsyncEl3AsyncHwEl | inputs: AsyncHwEl[0] | outputs: user
[2025-09-12 12:28:27.554] [5560] [HailoRT] [info] [pipeline.cpp:891] [print_deep_description] LastAsyncEl4AsyncHwEl | inputs: AsyncHwEl[0] | outputs: user
[2025-09-12 12:28:27.554] [5560] [HailoRT] [info] [pipeline.cpp:891] [print_deep_description] PushQEl5AsyncHwEl | inputs: AsyncHwEl[0] | outputs: PostInferEl5AsyncHwEl(running in thread_id: 5580)
[2025-09-12 12:28:27.554] [5560] [HailoRT] [info] [pipeline.cpp:891] [print_deep_description] PostInferEl5AsyncHwEl | inputs: PushQEl5AsyncHwEl[0] | outputs: LastAsyncEl0PostInferEl5AsyncHwEl
[2025-09-12 12:28:27.554] [5560] [HailoRT] [info] [pipeline.cpp:891] [print_deep_description] LastAsyncEl0PostInferEl5AsyncHwEl | inputs: PostInferEl5AsyncHwEl[0] | outputs: user
[2025-09-12 12:28:27.554] [5560] [HailoRT] [info] [pipeline.cpp:891] [print_deep_description] LastAsyncEl6AsyncHwEl | inputs: AsyncHwEl[0] | outputs: user
[2025-09-12 12:28:27.554] [5560] [HailoRT] [info] [pipeline.cpp:891] [print_deep_description] PushQEl7AsyncHwEl | inputs: AsyncHwEl[0] | outputs: PostInferEl7AsyncHwEl(running in thread_id: 5582)
[2025-09-12 12:28:27.554] [5560] [HailoRT] [info] [pipeline.cpp:891] [print_deep_description] PostInferEl7AsyncHwEl | inputs: PushQEl7AsyncHwEl[0] | outputs: LastAsyncEl0PostInferEl7AsyncHwEl
[2025-09-12 12:28:27.554] [5560] [HailoRT] [info] [pipeline.cpp:891] [print_deep_description] LastAsyncEl0PostInferEl7AsyncHwEl | inputs: PostInferEl7AsyncHwEl[0] | outputs: user
[2025-09-12 12:28:27.554] [5560] [HailoRT] [info] [pipeline.cpp:891] [print_deep_description] LastAsyncEl8AsyncHwEl | inputs: AsyncHwEl[0] | outputs: user
[2025-09-12 12:28:27.563] [5560] [HailoRT] [info] [hef.cpp:1929] [get_network_group_and_network_name] No name was given. Addressing all networks of default network_group: yolov8m_pose
[2025-09-12 12:28:27.692] [5435] [HailoRT] [info] [async_infer_runner.cpp:86] [shutdown] Pipeline was aborted. Shutting it down
[2025-09-12 12:28:27.693] [5435] [HailoRT] [info] [queue_elements.cpp:570] [execute_deactivate] enqueue() in element PushQEl2AsyncHwEl was aborted, got status = HAILO_SHUTDOWN_EVENT_SIGNALED(57)
[2025-09-12 12:28:27.693] [5435] [HailoRT] [info] [queue_elements.cpp:570] [execute_deactivate] enqueue() in element PushQEl5AsyncHwEl was aborted, got status = HAILO_SHUTDOWN_EVENT_SIGNALED(57)
[2025-09-12 12:28:27.693] [5435] [HailoRT] [info] [queue_elements.cpp:570] [execute_deactivate] enqueue() in element PushQEl7AsyncHwEl was aborted, got status = HAILO_SHUTDOWN_EVENT_SIGNALED(57)
[2025-09-12 12:28:27.693] [5435] [HailoRT] [info] [queue_elements.cpp:570] [execute_deacti[2025-09-12 12:30:19.040] [5602] [HailoRT] [info] [device.cpp:49] [Device] OS Version: Linux 6.12.34+rpt-rpi-2712 #1 SMP PREEMPT Debian 1:6.12.34-1+rpt1~bookworm (2025-06-26) aarch64
[2025-09-12 12:30:19.041] [5602] [HailoRT] [info] [control.cpp:108] [control__parse_identify_results] firmware_version is: 4.20.0
[2025-09-12 12:30:19.042] [5602] [HailoRT] [info] [control.cpp:108] [control__parse_identify_results] firmware_version is: 4.20.0
[2025-09-12 12:30:19.092] [5610] [HailoRT] [info] [device.cpp:49] [Device] OS Version: Linux 6.12.34+rpt-rpi-2712 #1 SMP PREEMPT Debian 1:6.12.34-1+rpt1~bookworm (2025-06-26) aarch64
[2025-09-12 12:30:19.093] [5610] [HailoRT] [info] [control.cpp:108] [control__parse_identify_results] firmware_version is: 4.20.0
[2025-09-12 12:30:19.094] [5610] [HailoRT] [info] [control.cpp:108] [control__parse_identify_results] firmware_version is: 4.20.0
[2025-09-12 12:30:19.144] [5618] [HailoRT] [info] [device.cpp:49] [Device] OS Version: Linux 6.12.34+rpt-rpi-2712 #1 SMP PREEMPT Debian 1:6.12.34-1+rpt1~bookworm (2025-06-26) aarch64
[2025-09-12 12:30:19.145] [5618] [HailoRT] [info] [control.cpp:108] [control__parse_identify_results] firmware_version is: 4.20.0
[2025-09-12 12:30:19.146] [5618] [HailoRT] [info] [control.cpp:108] [control__parse_identify_results] firmware_version is: 4.20.0
[2025-09-12 12:30:19.223] [5591] [HailoRT] [info] [vdevice.cpp:523] [create] Creating vdevice with params: device_count: 1, scheduling_algorithm: ROUND_ROBIN, multi_process_service: false
[2025-09-12 12:30:19.235] [5591] [HailoRT] [info] [device.cpp:49] [Device] OS Version: Linux 6.12.34+rpt-rpi-2712 #1 SMP PREEMPT Debian 1:6.12.34-1+rpt1~bookworm (2025-06-26) aarch64
[2025-09-12 12:30:19.236] [5591] [HailoRT] [info] [control.cpp:108] [control__parse_identify_results] firmware_version is: 4.20.0
[2025-09-12 12:30:19.236] [5591] [HailoRT] [info] [vdevice.cpp:651] [create] VDevice Infos: 0001:01:00.0
[2025-09-12 12:30:19.335] [5591] [HailoRT] [info] [hef.cpp:1929] [get_network_group_and_network_name] No name was given. Addressing all networks of default network_group: yolov8m_pose
[2025-09-12 12:30:19.335] [5591] [HailoRT] [info] [hef.cpp:1929] [get_network_group_and_network_name] No name was given. Addressing all networks of default network_group: yolov8m_pose
[2025-09-12 12:30:22.552] [5645] [HailoRT] [info] [internal_buffer_manager.cpp:204] [print_execution_results] Planned internal buffer memory: CMA memory 0, user memory 7300608. memory to edge layer usage factor is 1
[2025-09-12 12:30:22.552] [5645] [HailoRT] [info] [internal_buffer_manager.cpp:212] [print_execution_results] Default Internal buffer planner executed successfully
[2025-09-12 12:30:22.627] [5645] [HailoRT] [info] [device_internal.cpp:57] [configure] Configuring HEF took 92.547773 milliseconds
[2025-09-12 12:30:22.628] [5645] [HailoRT] [info] [vdevice.cpp:749] [configure] Configuring HEF on VDevice took 93.267628 milliseconds
[2025-09-12 12:30:22.628] [5645] [HailoRT] [info] [infer_model.cpp:436] [configure] Configuring network group 'yolov8m_pose' with params: batch size: 2, power mode: PERFORMANCE, latency: NONE
[2025-09-12 12:30:22.628] [5645] [HailoRT] [info] [multi_io_elements.cpp:756] [create] Created (AsyncHwEl)
[2025-09-12 12:30:22.629] [5645] [HailoRT] [info] [queue_elements.cpp:450] [create] Created (EntryPushQEl0yolov8m_pose/input_layer1 | timeout: 10s)
[2025-09-12 12:30:22.629] [5645] [HailoRT] [info] [filter_elements.cpp:101] [create] Created (PreInferEl1yolov8m_pose/input_layer1 | Reorder - src_order: RGB4, src_shape: (640, 640, 3), dst_order: NHWC, dst_shape: (640, 640, 3))
[2025-09-12 12:30:22.629] [5645] [HailoRT] [info] [queue_elements.cpp:450] [create] Created (PushQEl1yolov8m_pose/input_layer1 | timeout: 10s)
[2025-09-12 12:30:22.629] [5645] [HailoRT] [info] [edge_elements.cpp:187] [create] Created (LastAsyncEl4AsyncHwEl)
[2025-09-12 12:30:22.629] [5645] [HailoRT] [info] [queue_elements.cpp:450] [create] Created (PushQEl5AsyncHwEl | timeout: 10s)
[2025-09-12 12:30:22.629] [5645] [HailoRT] [info] [filter_elements.cpp:375] [create] Created (PostInferEl5AsyncHwEl | Reorder - src_order: FCR, src_shape: (40, 40, 56), dst_order: FCR, dst_shape: (40, 40, 51))
[2025-09-12 12:30:22.629] [5645] [HailoRT] [info] [edge_elements.cpp:187] [create] Created (LastAsyncEl0PostInferEl5AsyncHwEl)
[2025-09-12 12:30:22.629] [5645] [HailoRT] [info] [edge_elements.cpp:187] [create] Created (LastAsyncEl1AsyncHwEl)
[2025-09-12 12:30:22.630] [5645] [HailoRT] [info] [queue_elements.cpp:450] [create] Created (PushQEl2AsyncHwEl | timeout: 10s)
[2025-09-12 12:30:22.630] [5645] [HailoRT] [info] [filter_elements.cpp:375] [create] Created (PostInferEl2AsyncHwEl | Reorder - src_order: FCR, src_shape: (20, 20, 56), dst_order: FCR, dst_shape: (20, 20, 51))
[2025-09-12 12:30:22.630] [5645] [HailoRT] [info] [edge_elements.cpp:187] [create] Created (LastAsyncEl0PostInferEl2AsyncHwEl)
[2025-09-12 12:30:22.630] [5645] [HailoRT] [info] [edge_elements.cpp:187] [create] Created (LastAsyncEl3AsyncHwEl)
[2025-09-12 12:30:22.630] [5645] [HailoRT] [info] [edge_elements.cpp:187] [create] Created (LastAsyncEl0AsyncHwEl)
[2025-09-12 12:30:22.630] [5645] [HailoRT] [info] [edge_elements.cpp:187] [create] Created (LastAsyncEl8AsyncHwEl)
[2025-09-12 12:30:22.630] [5645] [HailoRT] [info] [edge_elements.cpp:187] [create] Created (LastAsyncEl6AsyncHwEl)
[2025-09-12 12:30:22.630] [5645] [HailoRT] [info] [queue_elements.cpp:450] [create] Created (PushQEl7AsyncHwEl | timeout: 10s)
[2025-09-12 12:30:22.630] [5645] [HailoRT] [info] [filter_elements.cpp:375] [create] Created (PostInferEl7AsyncHwEl | Reorder - src_order: FCR, src_shape: (80, 80, 56), dst_order: FCR, dst_shape: (80, 80, 51))
[2025-09-12 12:30:22.630] [5645] [HailoRT] [info] [edge_elements.cpp:187] [create] Created (LastAsyncEl0PostInferEl7AsyncHwEl)
[2025-09-12 12:30:22.630] [5645] [HailoRT] [info] [pipeline.cpp:891] [print_deep_description] EntryPushQEl0yolov8m_pose/input_layer1 | inputs: user | outputs: PreInferEl1yolov8m_pose/input_layer1(running in thread_id: 5667)
[2025-09-12 12:30:22.630] [5645] [HailoRT] [info] [pipeline.cpp:891] [print_deep_description] PreInferEl1yolov8m_pose/input_layer1 | inputs: EntryPushQEl0yolov8m_pose/input_layer1[0] | outputs: PushQEl1yolov8m_pose/input_layer1
[2025-09-12 12:30:22.630] [5645] [HailoRT] [info] [pipeline.cpp:891] [print_deep_description] PushQEl1yolov8m_pose/input_layer1 | inputs: PreInferEl1yolov8m_pose/input_layer1[0] | outputs: AsyncHwEl(running in thread_id: 5668)
[2025-09-12 12:30:22.630] [5645] [HailoRT] [info] [pipeline.cpp:891] [print_deep_description] AsyncHwEl | inputs: PushQEl1yolov8m_pose/input_layer1[0] | outputs: LastAsyncEl0AsyncHwEl LastAsyncEl1AsyncHwEl PushQEl2AsyncHwEl LastAsyncEl3AsyncHwEl LastAsyncEl4AsyncHwEl PushQEl5AsyncHwEl LastAsyncEl6AsyncHwEl PushQEl7AsyncHwEl LastAsyncEl8AsyncHwEl
[2025-09-12 12:30:22.630] [5645] [HailoRT] [info] [pipeline.cpp:891] [print_deep_description] LastAsyncEl0AsyncHwEl | inputs: AsyncHwEl[0] | outputs: user
[2025-09-12 12:30:22.630] [5645] [HailoRT] [info] [pipeline.cpp:891] [print_deep_description] LastAsyncEl1AsyncHwEl | inputs: AsyncHwEl[0] | outputs: user
[2025-09-12 12:30:22.630] [5645] [HailoRT] [info] [pipeline.cpp:891] [print_deep_description] PushQEl2AsyncHwEl | inputs: AsyncHwEl[0] | outputs: PostInferEl2AsyncHwEl(running in thread_id: 5670)
[2025-09-12 12:30:22.630] [5645] [HailoRT] [info] [pipeline.cpp:891] [print_deep_description] PostInferEl2AsyncHwEl | inputs: PushQEl2AsyncHwEl[0] | outputs: LastAsyncEl0PostInferEl2AsyncHwEl
[2025-09-12 12:30:22.630] [5645] [HailoRT] [info] [pipeline.cpp:891] [print_deep_description] LastAsyncEl0PostInferEl2AsyncHwEl | inputs: PostInferEl2AsyncHwEl[0] | outputs: user
[2025-09-12 12:30:22.630] [5645] [HailoRT] [info] [pipeline.cpp:891] [print_deep_description] LastAsyncEl3AsyncHwEl | inputs: AsyncHwEl[0] | outputs: user
[2025-09-12 12:30:22.630] [5645] [HailoRT] [info] [pipeline.cpp:891] [print_deep_description] LastAsyncEl4AsyncHwEl | inputs: AsyncHwEl[0] | outputs: user
[2025-09-12 12:30:22.630] [5645] [HailoRT] [info] [pipeline.cpp:891] [print_deep_description] PushQEl5AsyncHwEl | inputs: AsyncHwEl[0] | outputs: PostInferEl5AsyncHwEl(running in thread_id: 5669)
[2025-09-12 12:30:22.630] [5645] [HailoRT] [info] [pipeline.cpp:891] [print_deep_description] PostInferEl5AsyncHwEl | inputs: PushQEl5AsyncHwEl[0] | outputs: LastAsyncEl0PostInferEl5AsyncHwEl
[2025-09-12 12:30:22.630] [5645] [HailoRT] [info] [pipeline.cpp:891] [print_deep_description] LastAsyncEl0PostInferEl5AsyncHwEl | inputs: PostInferEl5AsyncHwEl[0] | outputs: user
[2025-09-12 12:30:22.630] [5645] [HailoRT] [info] [pipeline.cpp:891] [print_deep_description] LastAsyncEl6AsyncHwEl | inputs: AsyncHwEl[0] | outputs: user
[2025-09-12 12:30:22.630] [5645] [HailoRT] [info] [pipeline.cpp:891] [print_deep_description] PushQEl7AsyncHwEl | inputs: AsyncHwEl[0] | outputs: PostInferEl7AsyncHwEl(running in thread_id: 5671)
[2025-09-12 12:30:22.630] [5645] [HailoRT] [info] [pipeline.cpp:891] [print_deep_description] PostInferEl7AsyncHwEl | inputs: PushQEl7AsyncHwEl[0] | outputs: LastAsyncEl0PostInferEl7AsyncHwEl
[2025-09-12 12:30:22.630] [5645] [HailoRT] [info] [pipeline.cpp:891] [print_deep_description] LastAsyncEl0PostInferEl7AsyncHwEl | inputs: PostInferEl7AsyncHwEl[0] | outputs: user
[2025-09-12 12:30:22.630] [5645] [HailoRT] [info] [pipeline.cpp:891] [print_deep_description] LastAsyncEl8AsyncHwEl | inputs: AsyncHwEl[0] | outputs: user
[2025-09-12 12:30:22.648] [5645] [HailoRT] [info] [hef.cpp:1929] [get_network_group_and_network_name] No name was given. Addressing all networks of default network_group: yolov8m_pose
[2025-09-12 12:30:22.798] [5591] [HailoRT] [info] [async_infer_runner.cpp:86] [shutdown] Pipeline was aborted. Shutting it down
[2025-09-12 12:30:22.798] [5591] [HailoRT] [info] [queue_elements.cpp:570] [execute_deactivate] enqueue() in element PushQEl2AsyncHwEl was aborted, got status = HAILO_SHUTDOWN_EVENT_SIGNALED(57)
[2025-09-12 12:30:22.798] [5591] [HailoRT] [info] [queue_elements.cpp:570] [execute_deactivate] enqueue() in element PushQEl5AsyncHwEl was aborted, got status = HAILO_SHUTDOWN_EVENT_SIGNALED(57)
[2025-09-12 12:30:22.798] [5591] [HailoRT] [info] [queue_elements.cpp:570] [execute_deactivate] enqueue() in element PushQEl7AsyncHwEl was aborted, got status = HAILO_SHUTDOWN_EVENT_SIGNALED(57)
[2025-09-12 12:30:22.798] [5591] [HailoRT] [info] [queue_elements.cpp:570] [execute_deactivate] enqueue() in element PushQEl1yolov8m_pose/input_layer1 was aborted, got status = HAILO_SHUTDOWN_EVENT_SIGNALED(57)
[2025-09-12 12:30:22.798] [5591] [HailoRT] [info] [queue_elements.cpp:570] [execute_deactivate] enqueue() in element EntryPushQEl0yolov8m_pose/input_layer1 was aborted, got status = HAILO_SHUTDOWN_EVENT_SIGNALED(57)
[2025-09-12 12:30:22.798] [5591] [HailoRT] [info] [queue_elements.cpp:46] [~BaseQueueElement] Queue element EntryPushQEl0yolov8m_pose/input_layer1 has 0 frames in his Queue on destruction
[2025-09-12 12:30:22.798] [5591] [HailoRT] [info] [queue_elements.cpp:46] [~BaseQueueElement] Queue element PushQEl1yolov8m_pose/input_layer1 has 0 frames in his Queue on destruction
[2025-09-12 12:30:22.799] [5591] [HailoRT] [info] [queue_elements.cpp:46] [~BaseQueueElement] Queue element PushQEl5AsyncHwEl has 0 frames in his Queue on destruction
[2025-09-12 12:30:22.799] [5591] [HailoRT] [info] [queue_elements.cpp:46] [~BaseQueueElement] Queue element PushQEl2AsyncHwEl has 0 frames in his Queue on destruction
[2025-09-12 12:30:22.799] [5591] [HailoRT] [info] [queue_elements.cpp:46] [~BaseQueueElement] Queue element PushQEl7AsyncHwEl has 0 frames in his Queue on destruction
[2025-09-12 12:30:35.956] [5695] [HailoRT] [info] [device.cpp:49] [Device] OS Version: Linux 6.12.34+rpt-rpi-2712 #1 SMP PREEMPT Debian 1:6.12.34-1+rpt1~bookworm (2025-06-26) aarch64
[2025-09-12 12:30:35.957] [5695] [HailoRT] [info] [control.cpp:108] [control__parse_identify_results] firmware_version is: 4.20.0
[2025-09-12 12:30:35.958] [5695] [HailoRT] [info] [control.cpp:108] [control__parse_identify_results] firmware_version is: 4.20.0
[2025-09-12 12:30:36.016] [5703] [HailoRT] [info] [device.cpp:49] [Device] OS Version: Linux 6.12.34+rpt-rpi-2712 #1 SMP PREEMPT Debian 1:6.12.34-1+rpt1~bookworm (2025-06-26) aarch64
[2025-09-12 12:30:36.017] [5703] [HailoRT] [info] [control.cpp:108] [control__parse_identify_results] firmware_version is: 4.20.0
[2025-09-12 12:30:36.018] [5703] [HailoRT] [info] [control.cpp:108] [control__parse_identify_results] firmware_version is: 4.20.0
[2025-09-12 12:30:36.080] [5711] [HailoRT] [info] [device.cpp:49] [Device] OS Version: Linux 6.12.34+rpt-rpi-2712 #1 SMP PREEMPT Debian 1:6.12.34-1+rpt1~bookworm (2025-06-26) aarch64
[2025-09-12 12:30:36.081] [5711] [HailoRT] [info] [control.cpp:108] [control__parse_identify_results] firmware_version is: 4.20.0
[2025-09-12 12:30:36.082] [5711] [HailoRT] [info] [control.cpp:108] [control__parse_identify_results] firmware_version is: 4.20.0
[2025-09-12 12:30:36.159] [5684] [HailoRT] [info] [vdevice.cpp:523] [create] Creating vdevice with params: device_count: 1, scheduling_algorithm: ROUND_ROBIN, multi_process_service: false
[2025-09-12 12:30:36.171] [5684] [HailoRT] [info] [device.cpp:49] [Device] OS Version: Linux 6.12.34+rpt-rpi-2712 #1 SMP PREEMPT Debian 1:6.12.34-1+rpt1~bookworm (2025-06-26) aarch64
[2025-09-12 12:30:36.172] [5684] [HailoRT] [info] [control.cpp:108] [control__parse_identify_results] firmware_version is: 4.20.0
[2025-09-12 12:30:36.172] [5684] [HailoRT] [info] [vdevice.cpp:651] [create] VDevice Infos: 0001:01:00.0
[2025-09-12 12:30:36.272] [5684] [HailoRT] [info] [hef.cpp:1929] [get_network_group_and_network_name] No name was given. Addressing all networks of default network_group: yolov8m_pose
[2025-09-12 12:30:36.272] [5684] [HailoRT] [info] [hef.cpp:1929] [get_network_group_and_network_name] No name was given. Addressing all networks of default network_group: yolov8m_pose
[2025-09-12 12:30:43.247] [5737] [HailoRT] [info] [internal_buffer_manager.cpp:204] [print_execution_results] Planned internal buffer memory: CMA memory 0, user memory 7300608. memory to edge layer usage factor is 1
[2025-09-12 12:30:43.247] [5737] [HailoRT] [info] [internal_buffer_manager.cpp:212] [print_execution_results] Default Internal buffer planner executed successfully
[2025-09-12 12:30:43.333] [5737] [HailoRT] [info] [device_internal.cpp:57] [configure] Configuring HEF took 102.010932 milliseconds
[2025-09-12 12:30:43.333] [5737] [HailoRT] [info] [vdevice.cpp:749] [configure] Configuring HEF on VDevice took 102.48275 milliseconds
[2025-09-12 12:30:43.333] [5737] [HailoRT] [info] [infer_model.cpp:436] [configure] Configuring network group 'yolov8m_pose' with params: batch size: 2, power mode: PERFORMANCE, latency: NONE
[2025-09-12 12:30:43.333] [5737] [HailoRT] [info] [multi_io_elements.cpp:756] [create] Created (AsyncHwEl)
[2025-09-12 12:30:43.344] [5737] [HailoRT] [info] [queue_elements.cpp:450] [create] Created (EntryPushQEl0yolov8m_pose/input_layer1 | timeout: 10s)
[2025-09-12 12:30:43.344] [5737] [HailoRT] [info] [filter_elements.cpp:101] [create] Created (PreInferEl1yolov8m_pose/input_layer1 | Reorder - src_order: RGB4, src_shape: (640, 640, 3), dst_order: NHWC, dst_shape: (640, 640, 3))
[2025-09-12 12:30:43.344] [5737] [HailoRT] [info] [queue_elements.cpp:450] [create] Created (PushQEl1yolov8m_pose/input_layer1 | timeout: 10s)
[2025-09-12 12:30:43.344] [5737] [HailoRT] [info] [edge_elements.cpp:187] [create] Created (LastAsyncEl4AsyncHwEl)
[2025-09-12 12:30:43.344] [5737] [HailoRT] [info] [queue_elements.cpp:450] [create] Created (PushQEl5AsyncHwEl | timeout: 10s)
[2025-09-12 12:30:43.344] [5737] [HailoRT] [info] [filter_elements.cpp:375] [create] Created (PostInferEl5AsyncHwEl | Reorder - src_order: FCR, src_shape: (40, 40, 56), dst_order: FCR, dst_shape: (40, 40, 51))
[2025-09-12 12:30:43.344] [5737] [HailoRT] [info] [edge_elements.cpp:187] [create] Created (LastAsyncEl0PostInferEl5AsyncHwEl)
[2025-09-12 12:30:43.344] [5737] [HailoRT] [info] [edge_elements.cpp:187] [create] Created (LastAsyncEl1AsyncHwEl)
[2025-09-12 12:30:43.347] [5737] [HailoRT] [info] [queue_elements.cpp:450] [create] Created (PushQEl2AsyncHwEl | timeout: 10s)
[2025-09-12 12:30:43.347] [5737] [HailoRT] [info] [filter_elements.cpp:375] [create] Created (PostInferEl2AsyncHwEl | Reorder - src_order: FCR, src_shape: (20, 20, 56), dst_order: FCR, dst_shape: (20, 20, 51))
[2025-09-12 12:30:43.347] [5737] [HailoRT] [info] [edge_elements.cpp:187] [create] Created (LastAsyncEl0PostInferEl2AsyncHwEl)
[2025-09-12 12:30:43.347] [5737] [HailoRT] [info] [edge_elements.cpp:187] [create] Created (LastAsyncEl3AsyncHwEl)
[2025-09-12 12:30:43.347] [5737] [HailoRT] [info] [edge_elements.cpp:187] [create] Created (LastAsyncEl0AsyncHwEl)
[2025-09-12 12:30:43.347] [5737] [HailoRT] [info] [edge_elements.cpp:187] [create] Created (LastAsyncEl8AsyncHwEl)
[2025-09-12 12:30:43.347] [5737] [HailoRT] [info] [edge_elements.cpp:187] [create] Created (LastAsyncEl6AsyncHwEl)
[2025-09-12 12:30:43.348] [5737] [HailoRT] [info] [queue_elements.cpp:450] [create] Created (PushQEl7AsyncHwEl | timeout: 10s)
[2025-09-12 12:30:43.348] [5737] [HailoRT] [info] [filter_elements.cpp:375] [create] Created (PostInferEl7AsyncHwEl | Reorder - src_order: FCR, src_shape: (80, 80, 56), dst_order: FCR, dst_shape: (80, 80, 51))
[2025-09-12 12:30:43.348] [5737] [HailoRT] [info] [edge_elements.cpp:187] [create] Created (LastAsyncEl0PostInferEl7AsyncHwEl)
[2025-09-12 12:30:43.348] [5737] [HailoRT] [info] [pipeline.cpp:891] [print_deep_description] EntryPushQEl0yolov8m_pose/input_layer1 | inputs: user | outputs: PreInferEl1yolov8m_pose/input_layer1(running in thread_id: 5758)
[2025-09-12 12:30:43.348] [5737] [HailoRT] [info] [pipeline.cpp:891] [print_deep_description] PreInferEl1yolov8m_pose/input_layer1 | inputs: EntryPushQEl0yolov8m_pose/input_layer1[0] | outputs: PushQEl1yolov8m_pose/input_layer1
[2025-09-12 12:30:43.348] [5737] [HailoRT] [info] [pipeline.cpp:891] [print_deep_description] PushQEl1yolov8m_pose/input_layer1 | inputs: PreInferEl1yolov8m_pose/input_layer1[0] | outputs: AsyncHwEl(running in thread_id: 5759)
[2025-09-12 12:30:43.348] [5737] [HailoRT] [info] [pipeline.cpp:891] [print_deep_description] AsyncHwEl | inputs: PushQEl1yolov8m_pose/input_layer1[0] | outputs: LastAsyncEl0AsyncHwEl LastAsyncEl1AsyncHwEl PushQEl2AsyncHwEl LastAsyncEl3AsyncHwEl LastAsyncEl4AsyncHwEl PushQEl5AsyncHwEl LastAsyncEl6AsyncHwEl PushQEl7AsyncHwEl LastAsyncEl8AsyncHwEl
[2025-09-12 12:30:43.348] [5737] [HailoRT] [info] [pipeline.cpp:891] [print_deep_description] LastAsyncEl0AsyncHwEl | inputs: AsyncHwEl[0] | outputs: user
[2025-09-12 12:30:43.348] [5737] [HailoRT] [info] [pipeline.cpp:891] [print_deep_description] LastAsyncEl1AsyncHwEl | inputs: AsyncHwEl[0] | outputs: user
[2025-09-12 12:30:43.348] [5737] [HailoRT] [info] [pipeline.cpp:891] [print_deep_description] PushQEl2AsyncHwEl | inputs: AsyncHwEl[0] | outputs: PostInferEl2AsyncHwEl(running in thread_id: 5761)
[2025-09-12 12:30:43.348] [5737] [HailoRT] [info] [pipeline.cpp:891] [print_deep_description] PostInferEl2AsyncHwEl | inputs: PushQEl2AsyncHwEl[0] | outputs: LastAsyncEl0PostInferEl2AsyncHwEl
[2025-09-12 12:30:43.348] [5737] [HailoRT] [info] [pipeline.cpp:891] [print_deep_description] LastAsyncEl0PostInferEl2AsyncHwEl | inputs: PostInferEl2AsyncHwEl[0] | outputs: user
[2025-09-12 12:30:43.348] [5737] [HailoRT] [info] [pipeline.cpp:891] [print_deep_description] LastAsyncEl3AsyncHwEl | inputs: AsyncHwEl[0] | outputs: user
[2025-09-12 12:30:43.348] [5737] [HailoRT] [info] [pipeline.cpp:891] [print_deep_description] LastAsyncEl4AsyncHwEl | inputs: AsyncHwEl[0] | outputs: user
[2025-09-12 12:30:43.348] [5737] [HailoRT] [info] [pipeline.cpp:891] [print_deep_description] PushQEl5AsyncHwEl | inputs: AsyncHwEl[0] | outputs: PostInferEl5AsyncHwEl(running in thread_id: 5760)
[2025-09-12 12:30:43.348] [5737] [HailoRT] [info] [pipeline.cpp:891] [print_deep_description] PostInferEl5AsyncHwEl | inputs: PushQEl5AsyncHwEl[0] | outputs: LastAsyncEl0PostInferEl5AsyncHwEl
[2025-09-12 12:30:43.348] [5737] [HailoRT] [info] [pipeline.cpp:891] [print_deep_description] LastAsyncEl0PostInferEl5AsyncHwEl | inputs: PostInferEl5AsyncHwEl[0] | outputs: user
[2025-09-12 12:30:43.348] [5737] [HailoRT] [info] [pipeline.cpp:891] [print_deep_description] LastAsyncEl6AsyncHwEl | inputs: AsyncHwEl[0] | outputs: user
[2025-09-12 12:30:43.348] [5737] [HailoRT] [info] [pipeline.cpp:891] [print_deep_description] PushQEl7AsyncHwEl | inputs: AsyncHwEl[0] | outputs: PostInferEl7AsyncHwEl(running in thread_id: 5762)
[2025-09-12 12:30:43.348] [5737] [HailoRT] [info] [pipeline.cpp:891] [print_deep_description] PostInferEl7AsyncHwEl | inputs: PushQEl7AsyncHwEl[0] | outputs: LastAsyncEl0PostInferEl7AsyncHwEl
[2025-09-12 12:30:43.348] [5737] [HailoRT] [info] [pipeline.cpp:891] [print_deep_description] LastAsyncEl0PostInferEl7AsyncHwEl | inputs: PostInferEl7AsyncHwEl[0] | outputs: user
[2025-09-12 12:30:43.348] [5737] [HailoRT] [info] [pipeline.cpp:891] [print_deep_description] LastAsyncEl8AsyncHwEl | inputs: AsyncHwEl[0] | outputs: user
[2025-09-12 12:30:43.357] [5737] [HailoRT] [info] [hef.cpp:1929] [get_network_group_and_network_name] No name was given. Addressing all networks of default network_group: yolov8m_pose
[2025-09-12 12:30:43.488] [5684] [HailoRT] [info] [async_infer_runner.cpp:86] [shutdown] Pipeline was aborted. Shutting it down
[2025-09-12 12:30:43.489] [5684] [HailoRT] [info] [queue_elements.cpp:570] [execute_deactivate] enqueue() in element PushQEl2AsyncHwEl was aborted, got status = HAILO_SHUTDOWN_EVENT_SIGNALED(57)
[2025-09-12 12:30:43.489] [5684] [HailoRT] [info] [queue_elements.cpp:570] [execute_deactivate] enqueue() in element PushQEl5AsyncHwEl was aborted, got status = HAILO_SHUTDOWN_EVENT_SIGNALED(57)
[2025-09-12 12:30:43.489] [5684] [HailoRT] [info] [queue_elements.cpp:570] [execute_deactivate] enqueue() in element PushQEl7AsyncHwEl was aborted, got status = HAILO_SHUTDOWN_EVENT_SIGNALED(57)
[2025-09-12 12:30:43.489] [5684] [HailoRT] [info] [queue_elements.cpp:570] [execute_deact[2025-09-12 12:36:14.204] [5818] [HailoRT] [info] [device.cpp:49] [Device] OS Version: Linux 6.12.34+rpt-rpi-2712 #1 SMP PREEMPT Debian 1:6.12.34-1+rpt1~bookworm (2025-06-26) aarch64
[2025-09-12 12:36:14.205] [5818] [HailoRT] [info] [control.cpp:108] [control__parse_identify_results] firmware_version is: 4.20.0
[2025-09-12 12:36:14.206] [5818] [HailoRT] [info] [control.cpp:108] [control__parse_identify_results] firmware_version is: 4.20.0
[2025-09-12 12:36:14.260] [5826] [HailoRT] [info] [device.cpp:49] [Device] OS Version: Linux 6.12.34+rpt-rpi-2712 #1 SMP PREEMPT Debian 1:6.12.34-1+rpt1~bookworm (2025-06-26) aarch64
[2025-09-12 12:36:14.261] [5826] [HailoRT] [info] [control.cpp:108] [control__parse_identify_results] firmware_version is: 4.20.0
[2025-09-12 12:36:14.262] [5826] [HailoRT] [info] [control.cpp:108] [control__parse_identify_results] firmware_version is: 4.20.0
[2025-09-12 12:36:14.312] [5834] [HailoRT] [info] [device.cpp:49] [Device] OS Version: Linux 6.12.34+rpt-rpi-2712 #1 SMP PREEMPT Debian 1:6.12.34-1+rpt1~bookworm (2025-06-26) aarch64
[2025-09-12 12:36:14.313] [5834] [HailoRT] [info] [control.cpp:108] [control__parse_identify_results] firmware_version is: 4.20.0
[2025-09-12 12:36:14.314] [5834] [HailoRT] [info] [control.cpp:108] [control__parse_identify_results] firmware_version is: 4.20.0
[2025-09-12 12:36:14.387] [5807] [HailoRT] [info] [vdevice.cpp:523] [create] Creating vdevice with params: device_count: 1, scheduling_algorithm: ROUND_ROBIN, multi_process_service: false
[2025-09-12 12:36:14.399] [5807] [HailoRT] [info] [device.cpp:49] [Device] OS Version: Linux 6.12.34+rpt-rpi-2712 #1 SMP PREEMPT Debian 1:6.12.34-1+rpt1~bookworm (2025-06-26) aarch64
[2025-09-12 12:36:14.400] [5807] [HailoRT] [info] [control.cpp:108] [control__parse_identify_results] firmware_version is: 4.20.0
[2025-09-12 12:36:14.400] [5807] [HailoRT] [info] [vdevice.cpp:651] [create] VDevice Infos: 0001:01:00.0
[2025-09-12 12:36:14.500] [5807] [HailoRT] [info] [hef.cpp:1929] [get_network_group_and_network_name] No name was given. Addressing all networks of default network_group: yolov8m_pose
[2025-09-12 12:36:14.500] [5807] [HailoRT] [info] [hef.cpp:1929] [get_network_group_and_network_name] No name was given. Addressing all networks of default network_group: yolov8m_pose
[2025-09-12 12:36:14.698] [5859] [HailoRT] [info] [internal_buffer_manager.cpp:204] [print_execution_results] Planned internal buffer memory: CMA memory 0, user memory 7300608. memory to edge layer usage factor is 1
[2025-09-12 12:36:14.698] [5859] [HailoRT] [info] [internal_buffer_manager.cpp:212] [print_execution_results] Default Internal buffer planner executed successfully
[2025-09-12 12:36:14.775] [5859] [HailoRT] [info] [device_internal.cpp:57] [configure] Configuring HEF took 95.869345 milliseconds
[2025-09-12 12:36:14.775] [5859] [HailoRT] [info] [vdevice.cpp:749] [configure] Configuring HEF on VDevice took 96.252495 milliseconds
[2025-09-12 12:36:14.775] [5859] [HailoRT] [info] [infer_model.cpp:436] [configure] Configuring network group 'yolov8m_pose' with params: batch size: 2, power mode: PERFORMANCE, latency: NONE
[2025-09-12 12:36:14.775] [5859] [HailoRT] [info] [multi_io_elements.cpp:756] [create] Created (AsyncHwEl)
[2025-09-12 12:36:14.775] [5859] [HailoRT] [info] [queue_elements.cpp:450] [create] Created (EntryPushQEl0yolov8m_pose/input_layer1 | timeout: 10s)
[2025-09-12 12:36:14.775] [5859] [HailoRT] [info] [filter_elements.cpp:101] [create] Created (PreInferEl1yolov8m_pose/input_layer1 | Reorder - src_order: RGB4, src_shape: (640, 640, 3), dst_order: NHWC, dst_shape: (640, 640, 3))
[2025-09-12 12:36:14.775] [5859] [HailoRT] [info] [queue_elements.cpp:450] [create] Created (PushQEl1yolov8m_pose/input_layer1 | timeout: 10s)
[2025-09-12 12:36:14.776] [5859] [HailoRT] [info] [edge_elements.cpp:187] [create] Created (LastAsyncEl4AsyncHwEl)
[2025-09-12 12:36:14.776] [5859] [HailoRT] [info] [queue_elements.cpp:450] [create] Created (PushQEl5AsyncHwEl | timeout: 10s)
[2025-09-12 12:36:14.776] [5859] [HailoRT] [info] [filter_elements.cpp:375] [create] Created (PostInferEl5AsyncHwEl | Reorder - src_order: FCR, src_shape: (40, 40, 56), dst_order: FCR, dst_shape: (40, 40, 51))
[2025-09-12 12:36:14.776] [5859] [HailoRT] [info] [edge_elements.cpp:187] [create] Created (LastAsyncEl0PostInferEl5AsyncHwEl)
[2025-09-12 12:36:14.776] [5859] [HailoRT] [info] [edge_elements.cpp:187] [create] Created (LastAsyncEl1AsyncHwEl)
[2025-09-12 12:36:14.776] [5859] [HailoRT] [info] [queue_elements.cpp:450] [create] Created (PushQEl2AsyncHwEl | timeout: 10s)
[2025-09-12 12:36:14.776] [5859] [HailoRT] [info] [filter_elements.cpp:375] [create] Created (PostInferEl2AsyncHwEl | Reorder - src_order: FCR, src_shape: (20, 20, 56), dst_order: FCR, dst_shape: (20, 20, 51))
[2025-09-12 12:36:14.776] [5859] [HailoRT] [info] [edge_elements.cpp:187] [create] Created (LastAsyncEl0PostInferEl2AsyncHwEl)
[2025-09-12 12:36:14.776] [5859] [HailoRT] [info] [edge_elements.cpp:187] [create] Created (LastAsyncEl3AsyncHwEl)
[2025-09-12 12:36:14.776] [5859] [HailoRT] [info] [edge_elements.cpp:187] [create] Created (LastAsyncEl0AsyncHwEl)
[2025-09-12 12:36:14.776] [5859] [HailoRT] [info] [edge_elements.cpp:187] [create] Created (LastAsyncEl8AsyncHwEl)
[2025-09-12 12:36:14.776] [5859] [HailoRT] [info] [edge_elements.cpp:187] [create] Created (LastAsyncEl6AsyncHwEl)
[2025-09-12 12:36:14.776] [5859] [HailoRT] [info] [queue_elements.cpp:450] [create] Created (PushQEl7AsyncHwEl | timeout: 10s)
[2025-09-12 12:36:14.776] [5859] [HailoRT] [info] [filter_elements.cpp:375] [create] Created (PostInferEl7AsyncHwEl | Reorder - src_order: FCR, src_shape: (80, 80, 56), dst_order: FCR, dst_shape: (80, 80, 51))
[2025-09-12 12:36:14.776] [5859] [HailoRT] [info] [edge_elements.cpp:187] [create] Created (LastAsyncEl0PostInferEl7AsyncHwEl)
[2025-09-12 12:36:14.776] [5859] [HailoRT] [info] [pipeline.cpp:891] [print_deep_description] EntryPushQEl0yolov8m_pose/input_layer1 | inputs: user | outputs: PreInferEl1yolov8m_pose/input_layer1(running in thread_id: 5882)
[2025-09-12 12:36:14.776] [5859] [HailoRT] [info] [pipeline.cpp:891] [print_deep_description] PreInferEl1yolov8m_pose/input_layer1 | inputs: EntryPushQEl0yolov8m_pose/input_layer1[0] | outputs: PushQEl1yolov8m_pose/input_layer1
[2025-09-12 12:36:14.776] [5859] [HailoRT] [info] [pipeline.cpp:891] [print_deep_description] PushQEl1yolov8m_pose/input_layer1 | inputs: PreInferEl1yolov8m_pose/input_layer1[0] | outputs: AsyncHwEl(running in thread_id: 5883)
[2025-09-12 12:36:14.776] [5859] [HailoRT] [info] [pipeline.cpp:891] [print_deep_description] AsyncHwEl | inputs: PushQEl1yolov8m_pose/input_layer1[0] | outputs: LastAsyncEl0AsyncHwEl LastAsyncEl1AsyncHwEl PushQEl2AsyncHwEl LastAsyncEl3AsyncHwEl LastAsyncEl4AsyncHwEl PushQEl5AsyncHwEl LastAsyncEl6AsyncHwEl PushQEl7AsyncHwEl LastAsyncEl8AsyncHwEl
[2025-09-12 12:36:14.776] [5859] [HailoRT] [info] [pipeline.cpp:891] [print_deep_description] LastAsyncEl0AsyncHwEl | inputs: AsyncHwEl[0] | outputs: user
[2025-09-12 12:36:14.776] [5859] [HailoRT] [info] [pipeline.cpp:891] [print_deep_description] LastAsyncEl1AsyncHwEl | inputs: AsyncHwEl[0] | outputs: user
[2025-09-12 12:36:14.776] [5859] [HailoRT] [info] [pipeline.cpp:891] [print_deep_description] PushQEl2AsyncHwEl | inputs: AsyncHwEl[0] | outputs: PostInferEl2AsyncHwEl(running in thread_id: 5885)
[2025-09-12 12:36:14.776] [5859] [HailoRT] [info] [pipeline.cpp:891] [print_deep_description] PostInferEl2AsyncHwEl | inputs: PushQEl2AsyncHwEl[0] | outputs: LastAsyncEl0PostInferEl2AsyncHwEl
[2025-09-12 12:36:14.776] [5859] [HailoRT] [info] [pipeline.cpp:891] [print_deep_description] LastAsyncEl0PostInferEl2AsyncHwEl | inputs: PostInferEl2AsyncHwEl[0] | outputs: user
[2025-09-12 12:36:14.776] [5859] [HailoRT] [info] [pipeline.cpp:891] [print_deep_description] LastAsyncEl3AsyncHwEl | inputs: AsyncHwEl[0] | outputs: user
[2025-09-12 12:36:14.776] [5859] [HailoRT] [info] [pipeline.cpp:891] [print_deep_description] LastAsyncEl4AsyncHwEl | inputs: AsyncHwEl[0] | outputs: user
[2025-09-12 12:36:14.776] [5859] [HailoRT] [info] [pipeline.cpp:891] [print_deep_description] PushQEl5AsyncHwEl | inputs: AsyncHwEl[0] | outputs: PostInferEl5AsyncHwEl(running in thread_id: 5884)
[2025-09-12 12:36:14.776] [5859] [HailoRT] [info] [pipeline.cpp:891] [print_deep_description] PostInferEl5AsyncHwEl | inputs: PushQEl5AsyncHwEl[0] | outputs: LastAsyncEl0PostInferEl5AsyncHwEl
[2025-09-12 12:36:14.776] [5859] [HailoRT] [info] [pipeline.cpp:891] [print_deep_description] LastAsyncEl0PostInferEl5AsyncHwEl | inputs: PostInferEl5AsyncHwEl[0] | outputs: user
[2025-09-12 12:36:14.776] [5859] [HailoRT] [info] [pipeline.cpp:891] [print_deep_description] LastAsyncEl6AsyncHwEl | inputs: AsyncHwEl[0] | outputs: user
[2025-09-12 12:36:14.776] [5859] [HailoRT] [info] [pipeline.cpp:891] [print_deep_description] PushQEl7AsyncHwEl | inputs: AsyncHwEl[0] | outputs: PostInferEl7AsyncHwEl(running in thread_id: 5886)
[2025-09-12 12:36:14.776] [5859] [HailoRT] [info] [pipeline.cpp:891] [print_deep_description] PostInferEl7AsyncHwEl | inputs: PushQEl7AsyncHwEl[0] | outputs: LastAsyncEl0PostInferEl7AsyncHwEl
[2025-09-12 12:36:14.776] [5859] [HailoRT] [info] [pipeline.cpp:891] [print_deep_description] LastAsyncEl0PostInferEl7AsyncHwEl | inputs: PostInferEl7AsyncHwEl[0] | outputs: user
[2025-09-12 12:36:14.776] [5859] [HailoRT] [info] [pipeline.cpp:891] [print_deep_description] LastAsyncEl8AsyncHwEl | inputs: AsyncHwEl[0] | outputs: user
[2025-09-12 12:36:14.781] [5859] [HailoRT] [info] [hef.cpp:1929] [get_network_group_and_network_name] No name was given. Addressing all networks of default network_group: yolov8m_pose
[2025-09-12 12:36:50.204] [5891] [HailoRT] [info] [device.cpp:49] [Device] OS Version: Linux 6.12.34+rpt-rpi-2712 #1 SMP PREEMPT Debian 1:6.12.34-1+rpt1~bookworm (2025-06-26) aarch64
[2025-09-12 12:36:50.205] [5891] [HailoRT] [info] [control.cpp:108] [control__parse_identify_results] firmware_version is: 4.20.0
[2025-09-12 12:36:50.206] [5891] [HailoRT] [info] [control.cpp:108] [control__parse_identify_results] firmware_version is: 4.20.0
[2025-09-12 12:36:50.260] [5899] [HailoRT] [info] [device.cpp:49] [Device] OS Version: Linux 6.12.34+rpt-rpi-2712 #1 SMP PREEMPT Debian 1:6.12.34-1+rpt1~bookworm (2025-06-26) aarch64
[2025-09-12 12:36:50.261] [5899] [HailoRT] [info] [control.cpp:108] [control__parse_identify_results] firmware_version is: 4.20.0
[2025-09-12 12:36:50.262] [5899] [HailoRT] [info] [control.cpp:108] [control__parse_identify_results] firmware_version is: 4.20.0
[2025-09-12 12:36:50.316] [5907] [HailoRT] [info] [device.cpp:49] [Device] OS Version: Linux 6.12.34+rpt-rpi-2712 #1 SMP PREEMPT Debian 1:6.12.34-1+rpt1~bookworm (2025-06-26) aarch64
[2025-09-12 12:36:50.317] [5907] [HailoRT] [info] [control.cpp:108] [control__parse_identify_results] firmware_version is: 4.20.0
[2025-09-12 12:36:50.318] [5907] [HailoRT] [info] [control.cpp:108] [control__parse_identify_results] firmware_version is: 4.20.0
[2025-09-12 12:36:50.071] [5807] [HailoRT] [info] [async_infer_runner.cpp:86] [shutdown] Pipeline was aborted. Shutting it down
[2025-09-12 12:36:50.072] [5807] [HailoRT] [info] [queue_elements.cpp:570] [execute_deactivate] enqueue() in element PushQEl2AsyncHwEl was aborted, got status = HAILO_SHUTDOWN_EVENT_SIGNALED(57)
[2025-09-12 12:36:50.072] [5807] [HailoRT] [info] [queue_elements.cpp:570] [execute_deactivate] enqueue() in element PushQEl5AsyncHwEl was aborted, got status = HAILO_SHUTDOWN_EVENT_SIGNALED(57)
[2025-09-12 12:36:50.072] [5807] [HailoRT] [info] [queue_elements.cpp:570] [execute_deactivate] enqueue() in element PushQEl7AsyncHwEl was aborted, got status = HAILO_SHUTDOWN_EVENT_SIGNALED(57)
[2025-09-12 12:36:50.072] [5807] [HailoRT] [info] [queue_elements.cpp:570] [execute_deactivate] enqueue() in element PushQEl1yolov8m_pose/input_layer1 was aborted, got status = HAILO_SHUTDOWN_EVENT_SIGNALED(57)
[2025-09-12 12:36:50.072] [5807] [HailoRT] [info] [queue_elements.cpp:570] [execute_deactivate] enqueue() in element EntryPushQEl0yolov8m_pose/input_layer1 was aborted, got status = HAILO_SHUTDOWN_EVENT_SIGNALED(57)
[2025-09-12 12:36:50.072] [5807] [HailoRT] [info] [queue_elements.cpp:46] [~BaseQueueElement] Queue element EntryPushQEl0yolov8m_pose/input_layer1 has 0 frames in his Queue on destruction
[2025-09-12 12:36:50.072] [5807] [HailoRT] [info] [queue_elements.cpp:46] [~BaseQueueElement] Queue element PushQEl1yolov8m_pose/input_layer1 has 0 frames in his Queue on destruction
[2025-09-12 12:36:50.072] [5807] [HailoRT] [info] [queue_elements.cpp:46] [~BaseQueueElement] Queue element PushQEl5AsyncHwEl has 0 frames in his Queue on destruction
[2025-09-12 12:36:50.072] [5807] [HailoRT] [info] [queue_elements.cpp:46] [~BaseQueueElement] Queue element PushQEl2AsyncHwEl has 0 frames in his Queue on destruction
[2025-09-12 12:36:50.072] [5807] [HailoRT] [info] [queue_elements.cpp:46] [~BaseQueueElement] Queue element PushQEl7AsyncHwEl has 0 frames in his Queue on destruction
[2025-09-12 12:36:50.372] [5807] [HailoRT] [info] [vdevice.cpp:523] [create] Creating vdevice with params: device_count: 1, scheduling_algorithm: ROUND_ROBIN, multi_process_service: false
[2025-09-12 12:36:50.384] [5807] [HailoRT] [info] [device.cpp:49] [Device] OS Version: Linux 6.12.34+rpt-rpi-2712 #1 SMP PREEMPT Debian 1:6.12.34-1+rpt1~bookworm (2025-06-26) aarch64
[2025-09-12 12:36:50.385] [5807] [HailoRT] [info] [control.cpp:108] [control__parse_identify_results] firmware_version is: 4.20.0
[2025-09-12 12:36:50.385] [5807] [HailoRT] [info] [vdevice.cpp:651] [create] VDevice Infos: 0001:01:00.0
[2025-09-12 12:36:50.487] [5807] [HailoRT] [info] [hef.cpp:1929] [get_network_group_and_network_name] No name was given. Addressing all networks of default network_group: yolov8m_pose
[2025-09-12 12:36:50.487] [5807] [HailoRT] [info] [hef.cpp:1929] [get_network_group_and_network_name] No name was given. Addressing all networks of default network_group: yolov8m_pose
[2025-09-12 12:37:56.537] [5942] [HailoRT] [info] [internal_buffer_manager.cpp:204] [print_execution_results] Planned internal buffer memory: CMA memory 0, user memory 7300608. memory to edge layer usage factor is 1
[2025-09-12 12:37:56.537] [5942] [HailoRT] [info] [internal_buffer_manager.cpp:212] [print_execution_results] Default Internal buffer planner executed successfully
[2025-09-12 12:37:56.612] [5942] [HailoRT] [info] [device_internal.cpp:57] [configure] Configuring HEF took 94.296689 milliseconds
[2025-09-12 12:37:56.612] [5942] [HailoRT] [info] [vdevice.cpp:749] [configure] Configuring HEF on VDevice took 94.767395 milliseconds
[2025-09-12 12:37:56.612] [5942] [HailoRT] [info] [infer_model.cpp:436] [configure] Configuring network group 'yolov8m_pose' with params: batch size: 2, power mode: PERFORMANCE, latency: NONE
[2025-09-12 12:37:56.613] [5942] [HailoRT] [info] [multi_io_elements.cpp:756] [create] Created (AsyncHwEl)
[2025-09-12 12:37:56.614] [5942] [HailoRT] [info] [queue_elements.cpp:450] [create] Created (EntryPushQEl0yolov8m_pose/input_layer1 | timeout: 10s)
[2025-09-12 12:37:56.614] [5942] [HailoRT] [info] [filter_elements.cpp:101] [create] Created (PreInferEl1yolov8m_pose/input_layer1 | Reorder - src_order: RGB4, src_shape: (640, 640, 3), dst_order: NHWC, dst_shape: (640, 640, 3))
[2025-09-12 12:37:56.615] [5942] [HailoRT] [info] [queue_elements.cpp:450] [create] Created (PushQEl1yolov8m_pose/input_layer1 | timeout: 10s)
[2025-09-12 12:37:56.615] [5942] [HailoRT] [info] [edge_elements.cpp:187] [create] Created (LastAsyncEl4AsyncHwEl)
[2025-09-12 12:37:56.616] [5942] [HailoRT] [info] [queue_elements.cpp:450] [create] Created (PushQEl5AsyncHwEl | timeout: 10s)
[2025-09-12 12:37:56.616] [5942] [HailoRT] [info] [filter_elements.cpp:375] [create] Created (PostInferEl5AsyncHwEl | Reorder - src_order: FCR, src_shape: (40, 40, 56), dst_order: FCR, dst_shape: (40, 40, 51))
[2025-09-12 12:37:56.616] [5942] [HailoRT] [info] [edge_elements.cpp:187] [create] Created (LastAsyncEl0PostInferEl5AsyncHwEl)
[2025-09-12 12:37:56.616] [5942] [HailoRT] [info] [edge_elements.cpp:187] [create] Created (LastAsyncEl1AsyncHwEl)
[2025-09-12 12:37:56.617] [5942] [HailoRT] [info] [queue_elements.cpp:450] [create] Created (PushQEl2AsyncHwEl | timeout: 10s)
[2025-09-12 12:37:56.617] [5942] [HailoRT] [info] [filter_elements.cpp:375] [create] Created (PostInferEl2AsyncHwEl | Reorder - src_order: FCR, src_shape: (20, 20, 56), dst_order: FCR, dst_shape: (20, 20, 51))
[2025-09-12 12:37:56.617] [5942] [HailoRT] [info] [edge_elements.cpp:187] [create] Created (LastAsyncEl0PostInferEl2AsyncHwEl)
[2025-09-12 12:37:56.617] [5942] [HailoRT] [info] [edge_elements.cpp:187] [create] Created (LastAsyncEl3AsyncHwEl)
[2025-09-12 12:37:56.617] [5942] [HailoRT] [info] [edge_elements.cpp:187] [create] Created (LastAsyncEl0AsyncHwEl)
[2025-09-12 12:37:56.617] [5942] [HailoRT] [info] [edge_elements.cpp:187] [create] Created (LastAsyncEl8AsyncHwEl)
[2025-09-12 12:37:56.617] [5942] [HailoRT] [info] [edge_elements.cpp:187] [create] Created (LastAsyncEl6AsyncHwEl)
[2025-09-12 12:37:56.618] [5942] [HailoRT] [info] [queue_elements.cpp:450] [create] Created (PushQEl7AsyncHwEl | timeout: 10s)
[2025-09-12 12:37:56.618] [5942] [HailoRT] [info] [filter_elements.cpp:375] [create] Created (PostInferEl7AsyncHwEl | Reorder - src_order: FCR, src_shape: (80, 80, 56), dst_order: FCR, dst_shape: (80, 80, 51))
[2025-09-12 12:37:56.618] [5942] [HailoRT] [info] [edge_elements.cpp:187] [create] Created (LastAsyncEl0PostInferEl7AsyncHwEl)
[2025-09-12 12:37:56.618] [5942] [HailoRT] [info] [pipeline.cpp:891] [print_deep_description] EntryPushQEl0yolov8m_pose/input_layer1 | inputs: user | outputs: PreInferEl1yolov8m_pose/input_layer1(running in thread_id: 5960)
[2025-09-12 12:37:56.618] [5942] [HailoRT] [info] [pipeline.cpp:891] [print_deep_description] PreInferEl1yolov8m_pose/input_layer1 | inputs: EntryPushQEl0yolov8m_pose/input_layer1[0] | outputs: PushQEl1yolov8m_pose/input_layer1
[2025-09-12 12:37:56.620] [5942] [HailoRT] [info] [pipeline.cpp:891] [print_deep_description] PushQEl1yolov8m_pose/input_layer1 | inputs: PreInferEl1yolov8m_pose/input_layer1[0] | outputs: AsyncHwEl(running in thread_id: 5961)
[2025-09-12 12:37:56.620] [5942] [HailoRT] [info] [pipeline.cpp:891] [print_deep_description] AsyncHwEl | inputs: PushQEl1yolov8m_pose/input_layer1[0] | outputs: LastAsyncEl0AsyncHwEl LastAsyncEl1AsyncHwEl PushQEl2AsyncHwEl LastAsyncEl3AsyncHwEl LastAsyncEl4AsyncHwEl PushQEl5AsyncHwEl LastAsyncEl6AsyncHwEl PushQEl7AsyncHwEl LastAsyncEl8AsyncHwEl
[2025-09-12 12:37:56.620] [5942] [HailoRT] [info] [pipeline.cpp:891] [print_deep_description] LastAsyncEl0AsyncHwEl | inputs: AsyncHwEl[0] | outputs: user
[2025-09-12 12:37:56.620] [5942] [HailoRT] [info] [pipeline.cpp:891] [print_deep_description] LastAsyncEl1AsyncHwEl | inputs: AsyncHwEl[0] | outputs: user
[2025-09-12 12:37:56.620] [5942] [HailoRT] [info] [pipeline.cpp:891] [print_deep_description] PushQEl2AsyncHwEl | inputs: AsyncHwEl[0] | outputs: PostInferEl2AsyncHwEl(running in thread_id: 5963)
[2025-09-12 12:37:56.620] [5942] [HailoRT] [info] [pipeline.cpp:891] [print_deep_description] PostInferEl2AsyncHwEl | inputs: PushQEl2AsyncHwEl[0] | outputs: LastAsyncEl0PostInferEl2AsyncHwEl
[2025-09-12 12:37:56.620] [5942] [HailoRT] [info] [pipeline.cpp:891] [print_deep_description] LastAsyncEl0PostInferEl2AsyncHwEl | inputs: PostInferEl2AsyncHwEl[0] | outputs: user
[2025-09-12 12:37:56.620] [5942] [HailoRT] [info] [pipeline.cpp:891] [print_deep_description] LastAsyncEl3AsyncHwEl | inputs: AsyncHwEl[0] | outputs: user
[2025-09-12 12:37:56.620] [5942] [HailoRT] [info] [pipeline.cpp:891] [print_deep_description] LastAsyncEl4AsyncHwEl | inputs: AsyncHwEl[0] | outputs: user
[2025-09-12 12:37:56.620] [5942] [HailoRT] [info] [pipeline.cpp:891] [print_deep_description] PushQEl5AsyncHwEl | inputs: AsyncHwEl[0] | outputs: PostInferEl5AsyncHwEl(running in thread_id: 5962)
[2025-09-12 12:37:56.620] [5942] [HailoRT] [info] [pipeline.cpp:891] [print_deep_description] PostInferEl5AsyncHwEl | inputs: PushQEl5AsyncHwEl[0] | outputs: LastAsyncEl0PostInferEl5AsyncHwEl
[2025-09-12 12:37:56.620] [5942] [HailoRT] [info] [pipeline.cpp:891] [print_deep_description] LastAsyncEl0PostInferEl5AsyncHwEl | inputs: PostInferEl5AsyncHwEl[0] | outputs: user
[2025-09-12 12:37:56.620] [5942] [HailoRT] [info] [pipeline.cpp:891] [print_deep_description] LastAsyncEl6AsyncHwEl | inputs: AsyncHwEl[0] | outputs: user
[2025-09-12 12:37:56.620] [5942] [HailoRT] [info] [pipeline.cpp:891] [print_deep_description] PushQEl7AsyncHwEl | inputs: AsyncHwEl[0] | outputs: PostInferEl7AsyncHwEl(running in thread_id: 5964)
[2025-09-12 12:37:56.620] [5942] [HailoRT] [info] [pipeline.cpp:891] [print_deep_description] PostInferEl7AsyncHwEl | inputs: PushQEl7AsyncHwEl[0] | outputs: LastAsyncEl0PostInferEl7AsyncHwEl
[2025-09-12 12:37:56.620] [5942] [HailoRT] [info] [pipeline.cpp:891] [print_deep_description] LastAsyncEl0PostInferEl7AsyncHwEl | inputs: PostInferEl7AsyncHwEl[0] | outputs: user
[2025-09-12 12:37:56.620] [5942] [HailoRT] [info] [pipeline.cpp:891] [print_deep_description] LastAsyncEl8AsyncHwEl | inputs: AsyncHwEl[0] | outputs: user
[2025-09-12 12:37:56.629] [5942] [HailoRT] [info] [hef.cpp:1929] [get_network_group_and_network_name] No name was given. Addressing all networks of default network_group: yolov8m_pose
[2025-09-12 12:37:56.772] [5807] [HailoRT] [info] [async_infer_runner.cpp:86] [shutdown] Pipeline was aborted. Shutting it down
[2025-09-12 12:37:56.773] [5807] [HailoRT] [info] [queue_elements.cpp:570] [execute_deactivate] enqueue() in element PushQEl2AsyncHwEl was aborted, got status = HAILO_SHUTDOWN_EVENT_SIGNALED(57)
[2025-09-12 12:37:56.773] [5807] [HailoRT] [info] [queue_elements.cpp:570] [execute_deactivate] enqueue() in element PushQEl5AsyncHwEl was aborted, got status = HAILO_SHUTDOWN_EVENT_SIGNALED(57)
[2025-09-12 12:37:56.773] [5807] [HailoRT] [info] [queue_elements.cpp:570] [execute_deactivate] enqueue() in element PushQEl7AsyncHwEl was aborted, got status = HAILO_SHUTDOWN_EVENT_SIGNALED(57)
[2025-09-12 12:37:56.773] [5807] [HailoRT] [info] [queue_elements.cpp:570] [execute_deacti[2025-09-12 12:38:15.964] [5989] [HailoRT] [info] [device.cpp:49] [Device] OS Version: Linux 6.12.34+rpt-rpi-2712 #1 SMP PREEMPT Debian 1:6.12.34-1+rpt1~bookworm (2025-06-26) aarch64
[2025-09-12 12:38:15.965] [5989] [HailoRT] [info] [control.cpp:108] [control__parse_identify_results] firmware_version is: 4.20.0
[2025-09-12 12:38:15.966] [5989] [HailoRT] [info] [control.cpp:108] [control__parse_identify_results] firmware_version is: 4.20.0
[2025-09-12 12:38:16.008] [5997] [HailoRT] [info] [device.cpp:49] [Device] OS Version: Linux 6.12.34+rpt-rpi-2712 #1 SMP PREEMPT Debian 1:6.12.34-1+rpt1~bookworm (2025-06-26) aarch64
[2025-09-12 12:38:16.009] [5997] [HailoRT] [info] [control.cpp:108] [control__parse_identify_results] firmware_version is: 4.20.0
[2025-09-12 12:38:16.010] [5997] [HailoRT] [info] [control.cpp:108] [control__parse_identify_results] firmware_version is: 4.20.0
[2025-09-12 12:38:16.060] [6005] [HailoRT] [info] [device.cpp:49] [Device] OS Version: Linux 6.12.34+rpt-rpi-2712 #1 SMP PREEMPT Debian 1:6.12.34-1+rpt1~bookworm (2025-06-26) aarch64
[2025-09-12 12:38:16.061] [6005] [HailoRT] [info] [control.cpp:108] [control__parse_identify_results] firmware_version is: 4.20.0
[2025-09-12 12:38:16.062] [6005] [HailoRT] [info] [control.cpp:108] [control__parse_identify_results] firmware_version is: 4.20.0
[2025-09-12 12:38:16.135] [5978] [HailoRT] [info] [vdevice.cpp:523] [create] Creating vdevice with params: device_count: 1, scheduling_algorithm: ROUND_ROBIN, multi_process_service: false
[2025-09-12 12:38:16.147] [5978] [HailoRT] [info] [device.cpp:49] [Device] OS Version: Linux 6.12.34+rpt-rpi-2712 #1 SMP PREEMPT Debian 1:6.12.34-1+rpt1~bookworm (2025-06-26) aarch64
[2025-09-12 12:38:16.148] [5978] [HailoRT] [info] [control.cpp:108] [control__parse_identify_results] firmware_version is: 4.20.0
[2025-09-12 12:38:16.148] [5978] [HailoRT] [info] [vdevice.cpp:651] [create] VDevice Infos: 0001:01:00.0
[2025-09-12 12:38:16.247] [5978] [HailoRT] [info] [hef.cpp:1929] [get_network_group_and_network_name] No name was given. Addressing all networks of default network_group: yolov8m_pose
[2025-09-12 12:38:16.247] [5978] [HailoRT] [info] [hef.cpp:1929] [get_network_group_and_network_name] No name was given. Addressing all networks of default network_group: yolov8m_pose
[2025-09-12 12:44:16.045] [6125] [HailoRT] [info] [device.cpp:49] [Device] OS Version: Linux 6.12.34+rpt-rpi-2712 #1 SMP PREEMPT Debian 1:6.12.34-1+rpt1~bookworm (2025-06-26) aarch64
[2025-09-12 12:44:16.049] [6125] [HailoRT] [info] [control.cpp:108] [control__parse_identify_results] firmware_version is: 4.20.0
[2025-09-12 12:44:16.050] [6125] [HailoRT] [info] [control.cpp:108] [control__parse_identify_results] firmware_version is: 4.20.0
[2025-09-12 12:44:16.115] [6133] [HailoRT] [info] [device.cpp:49] [Device] OS Version: Linux 6.12.34+rpt-rpi-2712 #1 SMP PREEMPT Debian 1:6.12.34-1+rpt1~bookworm (2025-06-26) aarch64
[2025-09-12 12:44:16.116] [6133] [HailoRT] [info] [control.cpp:108] [control__parse_identify_results] firmware_version is: 4.20.0
[2025-09-12 12:44:16.117] [6133] [HailoRT] [info] [control.cpp:108] [control__parse_identify_results] firmware_version is: 4.20.0
[2025-09-12 12:44:16.168] [6141] [HailoRT] [info] [device.cpp:49] [Device] OS Version: Linux 6.12.34+rpt-rpi-2712 #1 SMP PREEMPT Debian 1:6.12.34-1+rpt1~bookworm (2025-06-26) aarch64
[2025-09-12 12:44:16.169] [6141] [HailoRT] [info] [control.cpp:108] [control__parse_identify_results] firmware_version is: 4.20.0
[2025-09-12 12:44:16.170] [6141] [HailoRT] [info] [control.cpp:108] [control__parse_identify_results] firmware_version is: 4.20.0
[2025-09-12 12:44:16.482] [6114] [HailoRT] [info] [vdevice.cpp:523] [create] Creating vdevice with params: device_count: 1, scheduling_algorithm: ROUND_ROBIN, multi_process_service: false
[2025-09-12 12:44:16.496] [6114] [HailoRT] [info] [device.cpp:49] [Device] OS Version: Linux 6.12.34+rpt-rpi-2712 #1 SMP PREEMPT Debian 1:6.12.34-1+rpt1~bookworm (2025-06-26) aarch64
[2025-09-12 12:44:16.497] [6114] [HailoRT] [info] [control.cpp:108] [control__parse_identify_results] firmware_version is: 4.20.0
[2025-09-12 12:44:16.498] [6114] [HailoRT] [info] [vdevice.cpp:651] [create] VDevice Infos: 0001:01:00.0
[2025-09-12 12:44:16.916] [6114] [HailoRT] [info] [hef.cpp:1929] [get_network_group_and_network_name] No name was given. Addressing all networks of default network_group: yolov8m_pose
[2025-09-12 12:44:16.916] [6114] [HailoRT] [info] [hef.cpp:1929] [get_network_group_and_network_name] No name was given. Addressing all networks of default network_group: yolov8m_pose
[2025-09-12 12:44:17.687] [6166] [HailoRT] [info] [internal_buffer_manager.cpp:204] [print_execution_results] Planned internal buffer memory: CMA memory 0, user memory 7300608. memory to edge layer usage factor is 1
[2025-09-12 12:44:17.687] [6166] [HailoRT] [info] [internal_buffer_manager.cpp:212] [print_execution_results] Default Internal buffer planner executed successfully
[2025-09-12 12:44:17.758] [6166] [HailoRT] [info] [device_internal.cpp:57] [configure] Configuring HEF took 87.428321 milliseconds
[2025-09-12 12:44:17.758] [6166] [HailoRT] [info] [vdevice.cpp:749] [configure] Configuring HEF on VDevice took 88.983961 milliseconds
[2025-09-12 12:44:17.759] [6166] [HailoRT] [info] [infer_model.cpp:436] [configure] Configuring network group 'yolov8m_pose' with params: batch size: 2, power mode: PERFORMANCE, latency: NONE
[2025-09-12 12:44:17.761] [6166] [HailoRT] [info] [multi_io_elements.cpp:756] [create] Created (AsyncHwEl)
[2025-09-12 12:44:17.762] [6166] [HailoRT] [info] [queue_elements.cpp:450] [create] Created (EntryPushQEl0yolov8m_pose/input_layer1 | timeout: 10s)
[2025-09-12 12:44:17.762] [6166] [HailoRT] [info] [filter_elements.cpp:101] [create] Created (PreInferEl1yolov8m_pose/input_layer1 | Reorder - src_order: RGB4, src_shape: (640, 640, 3), dst_order: NHWC, dst_shape: (640, 640, 3))
[2025-09-12 12:44:17.763] [6166] [HailoRT] [info] [queue_elements.cpp:450] [create] Created (PushQEl1yolov8m_pose/input_layer1 | timeout: 10s)
[2025-09-12 12:44:17.763] [6166] [HailoRT] [info] [edge_elements.cpp:187] [create] Created (LastAsyncEl4AsyncHwEl)
[2025-09-12 12:44:17.763] [6166] [HailoRT] [info] [queue_elements.cpp:450] [create] Created (PushQEl5AsyncHwEl | timeout: 10s)
[2025-09-12 12:44:17.763] [6166] [HailoRT] [info] [filter_elements.cpp:375] [create] Created (PostInferEl5AsyncHwEl | Reorder - src_order: FCR, src_shape: (40, 40, 56), dst_order: FCR, dst_shape: (40, 40, 51))
[2025-09-12 12:44:17.763] [6166] [HailoRT] [info] [edge_elements.cpp:187] [create] Created (LastAsyncEl0PostInferEl5AsyncHwEl)
[2025-09-12 12:44:17.763] [6166] [HailoRT] [info] [edge_elements.cpp:187] [create] Created (LastAsyncEl1AsyncHwEl)
[2025-09-12 12:44:17.764] [6166] [HailoRT] [info] [queue_elements.cpp:450] [create] Created (PushQEl2AsyncHwEl | timeout: 10s)
[2025-09-12 12:44:17.764] [6166] [HailoRT] [info] [filter_elements.cpp:375] [create] Created (PostInferEl2AsyncHwEl | Reorder - src_order: FCR, src_shape: (20, 20, 56), dst_order: FCR, dst_shape: (20, 20, 51))
[2025-09-12 12:44:17.764] [6166] [HailoRT] [info] [edge_elements.cpp:187] [create] Created (LastAsyncEl0PostInferEl2AsyncHwEl)
[2025-09-12 12:44:17.764] [6166] [HailoRT] [info] [edge_elements.cpp:187] [create] Created (LastAsyncEl3AsyncHwEl)
[2025-09-12 12:44:17.764] [6166] [HailoRT] [info] [edge_elements.cpp:187] [create] Created (LastAsyncEl0AsyncHwEl)
[2025-09-12 12:44:17.764] [6166] [HailoRT] [info] [edge_elements.cpp:187] [create] Created (LastAsyncEl8AsyncHwEl)
[2025-09-12 12:44:17.764] [6166] [HailoRT] [info] [edge_elements.cpp:187] [create] Created (LastAsyncEl6AsyncHwEl)
[2025-09-12 12:44:17.764] [6166] [HailoRT] [info] [queue_elements.cpp:450] [create] Created (PushQEl7AsyncHwEl | timeout: 10s)
[2025-09-12 12:44:17.764] [6166] [HailoRT] [info] [filter_elements.cpp:375] [create] Created (PostInferEl7AsyncHwEl | Reorder - src_order: FCR, src_shape: (80, 80, 56), dst_order: FCR, dst_shape: (80, 80, 51))
[2025-09-12 12:44:17.764] [6166] [HailoRT] [info] [edge_elements.cpp:187] [create] Created (LastAsyncEl0PostInferEl7AsyncHwEl)
[2025-09-12 12:44:17.764] [6166] [HailoRT] [info] [pipeline.cpp:891] [print_deep_description] EntryPushQEl0yolov8m_pose/input_layer1 | inputs: user | outputs: PreInferEl1yolov8m_pose/input_layer1(running in thread_id: 6188)
[2025-09-12 12:44:17.765] [6166] [HailoRT] [info] [pipeline.cpp:891] [print_deep_description] PreInferEl1yolov8m_pose/input_layer1 | inputs: EntryPushQEl0yolov8m_pose/input_layer1[0] | outputs: PushQEl1yolov8m_pose/input_layer1
[2025-09-12 12:44:17.765] [6166] [HailoRT] [info] [pipeline.cpp:891] [print_deep_description] PushQEl1yolov8m_pose/input_layer1 | inputs: PreInferEl1yolov8m_pose/input_layer1[0] | outputs: AsyncHwEl(running in thread_id: 6189)
[2025-09-12 12:44:17.765] [6166] [HailoRT] [info] [pipeline.cpp:891] [print_deep_description] AsyncHwEl | inputs: PushQEl1yolov8m_pose/input_layer1[0] | outputs: LastAsyncEl0AsyncHwEl LastAsyncEl1AsyncHwEl PushQEl2AsyncHwEl LastAsyncEl3AsyncHwEl LastAsyncEl4AsyncHwEl PushQEl5AsyncHwEl LastAsyncEl6AsyncHwEl PushQEl7AsyncHwEl LastAsyncEl8AsyncHwEl
[2025-09-12 12:44:17.765] [6166] [HailoRT] [info] [pipeline.cpp:891] [print_deep_description] LastAsyncEl0AsyncHwEl | inputs: AsyncHwEl[0] | outputs: user
[2025-09-12 12:44:17.765] [6166] [HailoRT] [info] [pipeline.cpp:891] [print_deep_description] LastAsyncEl1AsyncHwEl | inputs: AsyncHwEl[0] | outputs: user
[2025-09-12 12:44:17.765] [6166] [HailoRT] [info] [pipeline.cpp:891] [print_deep_description] PushQEl2AsyncHwEl | inputs: AsyncHwEl[0] | outputs: PostInferEl2AsyncHwEl(running in thread_id: 6191)
[2025-09-12 12:44:17.765] [6166] [HailoRT] [info] [pipeline.cpp:891] [print_deep_description] PostInferEl2AsyncHwEl | inputs: PushQEl2AsyncHwEl[0] | outputs: LastAsyncEl0PostInferEl2AsyncHwEl
[2025-09-12 12:44:17.765] [6166] [HailoRT] [info] [pipeline.cpp:891] [print_deep_description] LastAsyncEl0PostInferEl2AsyncHwEl | inputs: PostInferEl2AsyncHwEl[0] | outputs: user
[2025-09-12 12:44:17.765] [6166] [HailoRT] [info] [pipeline.cpp:891] [print_deep_description] LastAsyncEl3AsyncHwEl | inputs: AsyncHwEl[0] | outputs: user
[2025-09-12 12:44:17.765] [6166] [HailoRT] [info] [pipeline.cpp:891] [print_deep_description] LastAsyncEl4AsyncHwEl | inputs: AsyncHwEl[0] | outputs: user
[2025-09-12 12:44:17.765] [6166] [HailoRT] [info] [pipeline.cpp:891] [print_deep_description] PushQEl5AsyncHwEl | inputs: AsyncHwEl[0] | outputs: PostInferEl5AsyncHwEl(running in thread_id: 6190)
[2025-09-12 12:44:17.765] [6166] [HailoRT] [info] [pipeline.cpp:891] [print_deep_description] PostInferEl5AsyncHwEl | inputs: PushQEl5AsyncHwEl[0] | outputs: LastAsyncEl0PostInferEl5AsyncHwEl
[2025-09-12 12:44:17.765] [6166] [HailoRT] [info] [pipeline.cpp:891] [print_deep_description] LastAsyncEl0PostInferEl5AsyncHwEl | inputs: PostInferEl5AsyncHwEl[0] | outputs: user
[2025-09-12 12:44:17.765] [6166] [HailoRT] [info] [pipeline.cpp:891] [print_deep_description] LastAsyncEl6AsyncHwEl | inputs: AsyncHwEl[0] | outputs: user
[2025-09-12 12:44:17.765] [6166] [HailoRT] [info] [pipeline.cpp:891] [print_deep_description] PushQEl7AsyncHwEl | inputs: AsyncHwEl[0] | outputs: PostInferEl7AsyncHwEl(running in thread_id: 6192)
[2025-09-12 12:44:17.765] [6166] [HailoRT] [info] [pipeline.cpp:891] [print_deep_description] PostInferEl7AsyncHwEl | inputs: PushQEl7AsyncHwEl[0] | outputs: LastAsyncEl0PostInferEl7AsyncHwEl
[2025-09-12 12:44:17.765] [6166] [HailoRT] [info] [pipeline.cpp:891] [print_deep_description] LastAsyncEl0PostInferEl7AsyncHwEl | inputs: PostInferEl7AsyncHwEl[0] | outputs: user
[2025-09-12 12:44:17.765] [6166] [HailoRT] [info] [pipeline.cpp:891] [print_deep_description] LastAsyncEl8AsyncHwEl | inputs: AsyncHwEl[0] | outputs: user
[2025-09-12 12:44:17.776] [6166] [HailoRT] [info] [hef.cpp:1929] [get_network_group_and_network_name] No name was given. Addressing all networks of default network_group: yolov8m_pose
[2025-09-12 12:45:55.028] [6202] [HailoRT] [info] [device.cpp:49] [Device] OS Version: Linux 6.12.34+rpt-rpi-2712 #1 SMP PREEMPT Debian 1:6.12.34-1+rpt1~bookworm (2025-06-26) aarch64
[2025-09-12 12:45:55.029] [6202] [HailoRT] [info] [control.cpp:108] [control__parse_identify_results] firmware_version is: 4.20.0
[2025-09-12 12:45:55.030] [6202] [HailoRT] [info] [control.cpp:108] [control__parse_identify_results] firmware_version is: 4.20.0
[2025-09-12 12:45:55.080] [6210] [HailoRT] [info] [device.cpp:49] [Device] OS Version: Linux 6.12.34+rpt-rpi-2712 #1 SMP PREEMPT Debian 1:6.12.34-1+rpt1~bookworm (2025-06-26) aarch64
[2025-09-12 12:45:55.081] [6210] [HailoRT] [info] [control.cpp:108] [control__parse_identify_results] firmware_version is: 4.20.0
[2025-09-12 12:45:55.082] [6210] [HailoRT] [info] [control.cpp:108] [control__parse_identify_results] firmware_version is: 4.20.0
[2025-09-12 12:45:55.140] [6218] [HailoRT] [info] [device.cpp:49] [Device] OS Version: Linux 6.12.34+rpt-rpi-2712 #1 SMP PREEMPT Debian 1:6.12.34-1+rpt1~bookworm (2025-06-26) aarch64
[2025-09-12 12:45:55.141] [6218] [HailoRT] [info] [control.cpp:108] [control__parse_identify_results] firmware_version is: 4.20.0
[2025-09-12 12:45:55.142] [6218] [HailoRT] [info] [control.cpp:108] [control__parse_identify_results] firmware_version is: 4.20.0
[2025-09-12 12:45:54.823] [6114] [HailoRT] [info] [async_infer_runner.cpp:86] [shutdown] Pipeline was aborted. Shutting it down
[2025-09-12 12:45:54.823] [6114] [HailoRT] [info] [queue_elements.cpp:570] [execute_deactivate] enqueue() in element PushQEl2AsyncHwEl was aborted, got status = HAILO_SHUTDOWN_EVENT_SIGNALED(57)
[2025-09-12 12:45:54.823] [6114] [HailoRT] [info] [queue_elements.cpp:570] [execute_deactivate] enqueue() in element PushQEl5AsyncHwEl was aborted, got status = HAILO_SHUTDOWN_EVENT_SIGNALED(57)
[2025-09-12 12:45:54.823] [6114] [HailoRT] [info] [queue_elements.cpp:570] [execute_deactivate] enqueue() in element PushQEl7AsyncHwEl was aborted, got status = HAILO_SHUTDOWN_EVENT_SIGNALED(57)
[2025-09-12 12:45:54.823] [6114] [HailoRT] [info] [queue_elements.cpp:570] [execute_deactivate] enqueue() in element PushQEl1yolov8m_pose/input_layer1 was aborted, got status = HAILO_SHUTDOWN_EVENT_SIGNALED(57)
[2025-09-12 12:45:54.823] [6114] [HailoRT] [info] [queue_elements.cpp:570] [execute_deactivate] enqueue() in element EntryPushQEl0yolov8m_pose/input_layer1 was aborted, got status = HAILO_SHUTDOWN_EVENT_SIGNALED(57)
[2025-09-12 12:45:54.823] [6114] [HailoRT] [info] [queue_elements.cpp:46] [~BaseQueueElement] Queue element EntryPushQEl0yolov8m_pose/input_layer1 has 0 frames in his Queue on destruction
[2025-09-12 12:45:54.823] [6114] [HailoRT] [info] [queue_elements.cpp:46] [~BaseQueueElement] Queue element PushQEl1yolov8m_pose/input_layer1 has 0 frames in his Queue on destruction
[2025-09-12 12:45:54.824] [6114] [HailoRT] [info] [queue_elements.cpp:46] [~BaseQueueElement] Queue element PushQEl5AsyncHwEl has 0 frames in his Queue on destruction
[2025-09-12 12:45:54.824] [6114] [HailoRT] [info] [queue_elements.cpp:46] [~BaseQueueElement] Queue element PushQEl2AsyncHwEl has 0 frames in his Queue on destruction
[2025-09-12 12:45:54.824] [6114] [HailoRT] [info] [queue_elements.cpp:46] [~BaseQueueElement] Queue element PushQEl7AsyncHwEl has 0 frames in his Queue on destruction
[2025-09-12 12:45:55.188] [6114] [HailoRT] [info] [vdevice.cpp:523] [create] Creating vdevice with params: device_count: 1, scheduling_algorithm: ROUND_ROBIN, multi_process_service: false
[2025-09-12 12:45:55.200] [6114] [HailoRT] [info] [device.cpp:49] [Device] OS Version: Linux 6.12.34+rpt-rpi-2712 #1 SMP PREEMPT Debian 1:6.12.34-1+rpt1~bookworm (2025-06-26) aarch64
[2025-09-12 12:45:55.201] [6114] [HailoRT] [info] [control.cpp:108] [control__parse_identify_results] firmware_version is: 4.20.0
[2025-09-12 12:45:55.201] [6114] [HailoRT] [info] [vdevice.cpp:651] [create] VDevice Infos: 0001:01:00.0
[2025-09-12 12:45:55.300] [6114] [HailoRT] [info] [hef.cpp:1929] [get_network_group_and_network_name] No name was given. Addressing all networks of default network_group: yolov8m_pose
[2025-09-12 12:45:55.300] [6114] [HailoRT] [info] [hef.cpp:1929] [get_network_group_and_network_name] No name was given. Addressing all networks of default network_group: yolov8m_pose
[2025-09-12 12:46:15.391] [6243] [HailoRT] [info] [internal_buffer_manager.cpp:204] [print_execution_results] Planned internal buffer memory: CMA memory 0, user memory 7300608. memory to edge layer usage factor is 1
[2025-09-12 12:46:15.391] [6243] [HailoRT] [info] [internal_buffer_manager.cpp:212] [print_execution_results] Default Internal buffer planner executed successfully
[2025-09-12 12:46:15.472] [6243] [HailoRT] [info] [device_internal.cpp:57] [configure] Configuring HEF took 106.650903 milliseconds
[2025-09-12 12:46:15.472] [6243] [HailoRT] [info] [vdevice.cpp:749] [configure] Configuring HEF on VDevice took 107.061442 milliseconds
[2025-09-12 12:46:15.472] [6243] [HailoRT] [info] [infer_model.cpp:436] [configure] Configuring network group 'yolov8m_pose' with params: batch size: 2, power mode: PERFORMANCE, latency: NONE
[2025-09-12 12:46:15.473] [6243] [HailoRT] [info] [multi_io_elements.cpp:756] [create] Created (AsyncHwEl)
[2025-09-12 12:46:15.473] [6243] [HailoRT] [info] [queue_elements.cpp:450] [create] Created (EntryPushQEl0yolov8m_pose/input_layer1 | timeout: 10s)
[2025-09-12 12:46:15.473] [6243] [HailoRT] [info] [filter_elements.cpp:101] [create] Created (PreInferEl1yolov8m_pose/input_layer1 | Reorder - src_order: RGB4, src_shape: (640, 640, 3), dst_order: NHWC, dst_shape: (640, 640, 3))
[2025-09-12 12:46:15.473] [6243] [HailoRT] [info] [queue_elements.cpp:450] [create] Created (PushQEl1yolov8m_pose/input_layer1 | timeout: 10s)
[2025-09-12 12:46:15.473] [6243] [HailoRT] [info] [edge_elements.cpp:187] [create] Created (LastAsyncEl4AsyncHwEl)
[2025-09-12 12:46:15.473] [6243] [HailoRT] [info] [queue_elements.cpp:450] [create] Created (PushQEl5AsyncHwEl | timeout: 10s)
[2025-09-12 12:46:15.473] [6243] [HailoRT] [info] [filter_elements.cpp:375] [create] Created (PostInferEl5AsyncHwEl | Reorder - src_order: FCR, src_shape: (40, 40, 56), dst_order: FCR, dst_shape: (40, 40, 51))
[2025-09-12 12:46:15.473] [6243] [HailoRT] [info] [edge_elements.cpp:187] [create] Created (LastAsyncEl0PostInferEl5AsyncHwEl)
[2025-09-12 12:46:15.473] [6243] [HailoRT] [info] [edge_elements.cpp:187] [create] Created (LastAsyncEl1AsyncHwEl)
[2025-09-12 12:46:15.473] [6243] [HailoRT] [info] [queue_elements.cpp:450] [create] Created (PushQEl2AsyncHwEl | timeout: 10s)
[2025-09-12 12:46:15.473] [6243] [HailoRT] [info] [filter_elements.cpp:375] [create] Created (PostInferEl2AsyncHwEl | Reorder - src_order: FCR, src_shape: (20, 20, 56), dst_order: FCR, dst_shape: (20, 20, 51))
[2025-09-12 12:46:15.473] [6243] [HailoRT] [info] [edge_elements.cpp:187] [create] Created (LastAsyncEl0PostInferEl2AsyncHwEl)
[2025-09-12 12:46:15.473] [6243] [HailoRT] [info] [edge_elements.cpp:187] [create] Created (LastAsyncEl3AsyncHwEl)
[2025-09-12 12:46:15.473] [6243] [HailoRT] [info] [edge_elements.cpp:187] [create] Created (LastAsyncEl0AsyncHwEl)
[2025-09-12 12:46:15.473] [6243] [HailoRT] [info] [edge_elements.cpp:187] [create] Created (LastAsyncEl8AsyncHwEl)
[2025-09-12 12:46:15.473] [6243] [HailoRT] [info] [edge_elements.cpp:187] [create] Created (LastAsyncEl6AsyncHwEl)
[2025-09-12 12:46:15.473] [6243] [HailoRT] [info] [queue_elements.cpp:450] [create] Created (PushQEl7AsyncHwEl | timeout: 10s)
[2025-09-12 12:46:15.473] [6243] [HailoRT] [info] [filter_elements.cpp:375] [create] Created (PostInferEl7AsyncHwEl | Reorder - src_order: FCR, src_shape: (80, 80, 56), dst_order: FCR, dst_shape: (80, 80, 51))
[2025-09-12 12:46:15.473] [6243] [HailoRT] [info] [edge_elements.cpp:187] [create] Created (LastAsyncEl0PostInferEl7AsyncHwEl)
[2025-09-12 12:46:15.473] [6243] [HailoRT] [info] [pipeline.cpp:891] [print_deep_description] EntryPushQEl0yolov8m_pose/input_layer1 | inputs: user | outputs: PreInferEl1yolov8m_pose/input_layer1(running in thread_id: 6263)
[2025-09-12 12:46:15.473] [6243] [HailoRT] [info] [pipeline.cpp:891] [print_deep_description] PreInferEl1yolov8m_pose/input_layer1 | inputs: EntryPushQEl0yolov8m_pose/input_layer1[0] | outputs: PushQEl1yolov8m_pose/input_layer1
[2025-09-12 12:46:15.474] [6243] [HailoRT] [info] [pipeline.cpp:891] [print_deep_description] PushQEl1yolov8m_pose/input_layer1 | inputs: PreInferEl1yolov8m_pose/input_layer1[0] | outputs: AsyncHwEl(running in thread_id: 6264)
[2025-09-12 12:46:15.474] [6243] [HailoRT] [info] [pipeline.cpp:891] [print_deep_description] AsyncHwEl | inputs: PushQEl1yolov8m_pose/input_layer1[0] | outputs: LastAsyncEl0AsyncHwEl LastAsyncEl1AsyncHwEl PushQEl2AsyncHwEl LastAsyncEl3AsyncHwEl LastAsyncEl4AsyncHwEl PushQEl5AsyncHwEl LastAsyncEl6AsyncHwEl PushQEl7AsyncHwEl LastAsyncEl8AsyncHwEl
[2025-09-12 12:46:15.474] [6243] [HailoRT] [info] [pipeline.cpp:891] [print_deep_description] LastAsyncEl0AsyncHwEl | inputs: AsyncHwEl[0] | outputs: user
[2025-09-12 12:46:15.474] [6243] [HailoRT] [info] [pipeline.cpp:891] [print_deep_description] LastAsyncEl1AsyncHwEl | inputs: AsyncHwEl[0] | outputs: user
[2025-09-12 12:46:15.474] [6243] [HailoRT] [info] [pipeline.cpp:891] [print_deep_description] PushQEl2AsyncHwEl | inputs: AsyncHwEl[0] | outputs: PostInferEl2AsyncHwEl(running in thread_id: 6266)
[2025-09-12 12:46:15.474] [6243] [HailoRT] [info] [pipeline.cpp:891] [print_deep_description] PostInferEl2AsyncHwEl | inputs: PushQEl2AsyncHwEl[0] | outputs: LastAsyncEl0PostInferEl2AsyncHwEl
[2025-09-12 12:46:15.474] [6243] [HailoRT] [info] [pipeline.cpp:891] [print_deep_description] LastAsyncEl0PostInferEl2AsyncHwEl | inputs: PostInferEl2AsyncHwEl[0] | outputs: user
[2025-09-12 12:46:15.474] [6243] [HailoRT] [info] [pipeline.cpp:891] [print_deep_description] LastAsyncEl3AsyncHwEl | inputs: AsyncHwEl[0] | outputs: user
[2025-09-12 12:46:15.474] [6243] [HailoRT] [info] [pipeline.cpp:891] [print_deep_description] LastAsyncEl4AsyncHwEl | inputs: AsyncHwEl[0] | outputs: user
[2025-09-12 12:46:15.474] [6243] [HailoRT] [info] [pipeline.cpp:891] [print_deep_description] PushQEl5AsyncHwEl | inputs: AsyncHwEl[0] | outputs: PostInferEl5AsyncHwEl(running in thread_id: 6265)
[2025-09-12 12:46:15.474] [6243] [HailoRT] [info] [pipeline.cpp:891] [print_deep_description] PostInferEl5AsyncHwEl | inputs: PushQEl5AsyncHwEl[0] | outputs: LastAsyncEl0PostInferEl5AsyncHwEl
[2025-09-12 12:46:15.474] [6243] [HailoRT] [info] [pipeline.cpp:891] [print_deep_description] LastAsyncEl0PostInferEl5AsyncHwEl | inputs: PostInferEl5AsyncHwEl[0] | outputs: user
[2025-09-12 12:46:15.474] [6243] [HailoRT] [info] [pipeline.cpp:891] [print_deep_description] LastAsyncEl6AsyncHwEl | inputs: AsyncHwEl[0] | outputs: user
[2025-09-12 12:46:15.474] [6243] [HailoRT] [info] [pipeline.cpp:891] [print_deep_description] PushQEl7AsyncHwEl | inputs: AsyncHwEl[0] | outputs: PostInferEl7AsyncHwEl(running in thread_id: 6267)
[2025-09-12 12:46:15.474] [6243] [HailoRT] [info] [pipeline.cpp:891] [print_deep_description] PostInferEl7AsyncHwEl | inputs: PushQEl7AsyncHwEl[0] | outputs: LastAsyncEl0PostInferEl7AsyncHwEl
[2025-09-12 12:46:15.474] [6243] [HailoRT] [info] [pipeline.cpp:891] [print_deep_description] LastAsyncEl0PostInferEl7AsyncHwEl | inputs: PostInferEl7AsyncHwEl[0] | outputs: user
[2025-09-12 12:46:15.474] [6243] [HailoRT] [info] [pipeline.cpp:891] [print_deep_description] LastAsyncEl8AsyncHwEl | inputs: AsyncHwEl[0] | outputs: user
[2025-09-12 12:46:15.478] [6243] [HailoRT] [info] [hef.cpp:1929] [get_network_group_and_network_name] No name was given. Addressing all networks of default network_group: yolov8m_pose
[2025-09-12 12:46:15.626] [6114] [HailoRT] [info] [async_infer_runner.cpp:86] [shutdown] Pipeline was aborted. Shutting it down
[2025-09-12 12:46:15.626] [6114] [HailoRT] [info] [queue_elements.cpp:570] [execute_deactivate] enqueue() in element PushQEl2AsyncHwEl was aborted, got status = HAILO_SHUTDOWN_EVENT_SIGNALED(57)
[2025-09-12 12:46:15.626] [6114] [HailoRT] [info] [queue_elements.cpp:570] [execute_deactivate] enqueue() in element PushQEl5AsyncHwEl was aborted, got status = HAILO_SHUTDOWN_EVENT_SIGNALED(57)
[2025-09-12 12:46:15.626] [6114] [HailoRT] [info] [queue_elements.cpp:570] [execute_deactivate] enqueue() in element PushQEl7AsyncHwEl was aborted, got status = HAILO_SHUTDOWN_EVENT_SIGNALED(57)
[2025-09-12 12:46:15.626] [6114] [HailoRT] [info] [queue_elements.cpp:570] [execute_deactivate] enqueue() in element PushQEl1yolov8m_pose/input_layer1 was aborted, got status = HAILO_SHUTDOWN_EVENT_SIGNALED(57)
[2025-09-12 12:46:15.626] [6114] [HailoRT] [info] [queue_elements.cpp:570] [execute_deactivate] enqueue() in element EntryPushQEl0yolov8m_pose/input_layer1 was aborted, got status = HAILO_SHUTDOWN_EVENT_SIGNALED(57)
[2025-09-12 12:46:15.626] [6114] [HailoRT] [info] [queue_elements.cpp:46] [~BaseQueueElement] Queue element EntryPushQEl0yolov8m_pose/input_layer1 has 0 frames in his Queue on destruction
[2025-09-12 12:46:15.626] [6114] [HailoRT] [info] [queue_elements.cpp:46] [~BaseQueueElement] Queue element PushQEl1yolov8m_pose/input_layer1 has 0 frames in his Queue on destruction
[2025-09-12 12:46:15.627] [6114] [HailoRT] [info] [queue_elements.cpp:46] [~BaseQueueElement] Queue element PushQEl5AsyncHwEl has 0 frames in his Queue on destruction
[2025-09-12 12:46:15.627] [6114] [HailoRT] [info] [queue_elements.cpp:46] [~BaseQueueElement] Queue element PushQEl2AsyncHwEl has 0 frames in his Queue on destruction
[2025-09-12 12:46:15.627] [6114] [HailoRT] [info] [queue_elements.cpp:46] [~BaseQueueElement] Queue element PushQEl7AsyncHwEl has 0 frames in his Queue on destruction
[2025-09-12 12:48:05.756] [6290] [HailoRT] [info] [device.cpp:49] [Device] OS Version: Linux 6.12.34+rpt-rpi-2712 #1 SMP PREEMPT Debian 1:6.12.34-1+rpt1~bookworm (2025-06-26) aarch64
[2025-09-12 12:48:05.757] [6290] [HailoRT] [info] [control.cpp:108] [control__parse_identify_results] firmware_version is: 4.20.0
[2025-09-12 12:48:05.758] [6290] [HailoRT] [info] [control.cpp:108] [control__parse_identify_results] firmware_version is: 4.20.0
[2025-09-12 12:48:05.820] [6298] [HailoRT] [info] [device.cpp:49] [Device] OS Version: Linux 6.12.34+rpt-rpi-2712 #1 SMP PREEMPT Debian 1:6.12.34-1+rpt1~bookworm (2025-06-26) aarch64
[2025-09-12 12:48:05.821] [6298] [HailoRT] [info] [control.cpp:108] [control__parse_identify_results] firmware_version is: 4.20.0
[2025-09-12 12:48:05.822] [6298] [HailoRT] [info] [control.cpp:108] [control__parse_identify_results] firmware_version is: 4.20.0
[2025-09-12 12:48:05.880] [6306] [HailoRT] [info] [device.cpp:49] [Device] OS Version: Linux 6.12.34+rpt-rpi-2712 #1 SMP PREEMPT Debian 1:6.12.34-1+rpt1~bookworm (2025-06-26) aarch64
[2025-09-12 12:48:05.881] [6306] [HailoRT] [info] [control.cpp:108] [control__parse_identify_results] firmware_version is: 4.20.0
[2025-09-12 12:48:05.882] [6306] [HailoRT] [info] [control.cpp:108] [control__parse_identify_results] firmware_version is: 4.20.0
[2025-09-12 12:48:05.959] [6279] [HailoRT] [info] [vdevice.cpp:523] [create] Creating vdevice with params: device_count: 1, scheduling_algorithm: ROUND_ROBIN, multi_process_service: false
[2025-09-12 12:48:05.971] [6279] [HailoRT] [info] [device.cpp:49] [Device] OS Version: Linux 6.12.34+rpt-rpi-2712 #1 SMP PREEMPT Debian 1:6.12.34-1+rpt1~bookworm (2025-06-26) aarch64
[2025-09-12 12:48:05.972] [6279] [HailoRT] [info] [control.cpp:108] [control__parse_identify_results] firmware_version is: 4.20.0
[2025-09-12 12:48:05.972] [6279] [HailoRT] [info] [vdevice.cpp:651] [create] VDevice Infos: 0001:01:00.0
[2025-09-12 12:48:06.072] [6279] [HailoRT] [info] [hef.cpp:1929] [get_network_group_and_network_name] No name was given. Addressing all networks of default network_group: yolov8m_pose
[2025-09-12 12:48:06.072] [6279] [HailoRT] [info] [hef.cpp:1929] [get_network_group_and_network_name] No name was given. Addressing all networks of default network_group: yolov8m_pose
[2025-09-12 12:48:06.211] [6331] [HailoRT] [info] [internal_buffer_manager.cpp:204] [print_execution_results] Planned internal buffer memory: CMA memory 0, user memory 7300608. memory to edge layer usage factor is 1
[2025-09-12 12:48:06.211] [6331] [HailoRT] [info] [internal_buffer_manager.cpp:212] [print_execution_results] Default Internal buffer planner executed successfully
[2025-09-12 12:48:06.291] [6331] [HailoRT] [info] [device_internal.cpp:57] [configure] Configuring HEF took 94.609252 milliseconds
[2025-09-12 12:48:06.291] [6331] [HailoRT] [info] [vdevice.cpp:749] [configure] Configuring HEF on VDevice took 95.085663 milliseconds
[2025-09-12 12:48:06.291] [6331] [HailoRT] [info] [infer_model.cpp:436] [configure] Configuring network group 'yolov8m_pose' with params: batch size: 2, power mode: PERFORMANCE, latency: NONE
[2025-09-12 12:48:06.291] [6331] [HailoRT] [info] [multi_io_elements.cpp:756] [create] Created (AsyncHwEl)
[2025-09-12 12:48:06.291] [6331] [HailoRT] [info] [queue_elements.cpp:450] [create] Created (EntryPushQEl0yolov8m_pose/input_layer1 | timeout: 10s)
[2025-09-12 12:48:06.291] [6331] [HailoRT] [info] [filter_elements.cpp:101] [create] Created (PreInferEl1yolov8m_pose/input_layer1 | Reorder - src_order: RGB4, src_shape: (640, 640, 3), dst_order: NHWC, dst_shape: (640, 640, 3))
[2025-09-12 12:48:06.291] [6331] [HailoRT] [info] [queue_elements.cpp:450] [create] Created (PushQEl1yolov8m_pose/input_layer1 | timeout: 10s)
[2025-09-12 12:48:06.291] [6331] [HailoRT] [info] [edge_elements.cpp:187] [create] Created (LastAsyncEl4AsyncHwEl)
[2025-09-12 12:48:06.291] [6331] [HailoRT] [info] [queue_elements.cpp:450] [create] Created (PushQEl5AsyncHwEl | timeout: 10s)
[2025-09-12 12:48:06.292] [6331] [HailoRT] [info] [filter_elements.cpp:375] [create] Created (PostInferEl5AsyncHwEl | Reorder - src_order: FCR, src_shape: (40, 40, 56), dst_order: FCR, dst_shape: (40, 40, 51))
[2025-09-12 12:48:06.292] [6331] [HailoRT] [info] [edge_elements.cpp:187] [create] Created (LastAsyncEl0PostInferEl5AsyncHwEl)
[2025-09-12 12:48:06.292] [6331] [HailoRT] [info] [edge_elements.cpp:187] [create] Created (LastAsyncEl1AsyncHwEl)
[2025-09-12 12:48:06.292] [6331] [HailoRT] [info] [queue_elements.cpp:450] [create] Created (PushQEl2AsyncHwEl | timeout: 10s)
[2025-09-12 12:48:06.292] [6331] [HailoRT] [info] [filter_elements.cpp:375] [create] Created (PostInferEl2AsyncHwEl | Reorder - src_order: FCR, src_shape: (20, 20, 56), dst_order: FCR, dst_shape: (20, 20, 51))
[2025-09-12 12:48:06.292] [6331] [HailoRT] [info] [edge_elements.cpp:187] [create] Created (LastAsyncEl0PostInferEl2AsyncHwEl)
[2025-09-12 12:48:06.292] [6331] [HailoRT] [info] [edge_elements.cpp:187] [create] Created (LastAsyncEl3AsyncHwEl)
[2025-09-12 12:48:06.292] [6331] [HailoRT] [info] [edge_elements.cpp:187] [create] Created (LastAsyncEl0AsyncHwEl)
[2025-09-12 12:48:06.292] [6331] [HailoRT] [info] [edge_elements.cpp:187] [create] Created (LastAsyncEl8AsyncHwEl)
[2025-09-12 12:48:06.292] [6331] [HailoRT] [info] [edge_elements.cpp:187] [create] Created (LastAsyncEl6AsyncHwEl)
[2025-09-12 12:48:06.292] [6331] [HailoRT] [info] [queue_elements.cpp:450] [create] Created (PushQEl7AsyncHwEl | timeout: 10s)
[2025-09-12 12:48:06.292] [6331] [HailoRT] [info] [filter_elements.cpp:375] [create] Created (PostInferEl7AsyncHwEl | Reorder - src_order: FCR, src_shape: (80, 80, 56), dst_order: FCR, dst_shape: (80, 80, 51))
[2025-09-12 12:48:06.292] [6331] [HailoRT] [info] [edge_elements.cpp:187] [create] Created (LastAsyncEl0PostInferEl7AsyncHwEl)
[2025-09-12 12:48:06.292] [6331] [HailoRT] [info] [pipeline.cpp:891] [print_deep_description] EntryPushQEl0yolov8m_pose/input_layer1 | inputs: user | outputs: PreInferEl1yolov8m_pose/input_layer1(running in thread_id: 6354)
[2025-09-12 12:48:06.292] [6331] [HailoRT] [info] [pipeline.cpp:891] [print_deep_description] PreInferEl1yolov8m_pose/input_layer1 | inputs: EntryPushQEl0yolov8m_pose/input_layer1[0] | outputs: PushQEl1yolov8m_pose/input_layer1
[2025-09-12 12:48:06.292] [6331] [HailoRT] [info] [pipeline.cpp:891] [print_deep_description] PushQEl1yolov8m_pose/input_layer1 | inputs: PreInferEl1yolov8m_pose/input_layer1[0] | outputs: AsyncHwEl(running in thread_id: 6355)
[2025-09-12 12:48:06.292] [6331] [HailoRT] [info] [pipeline.cpp:891] [print_deep_description] AsyncHwEl | inputs: PushQEl1yolov8m_pose/input_layer1[0] | outputs: LastAsyncEl0AsyncHwEl LastAsyncEl1AsyncHwEl PushQEl2AsyncHwEl LastAsyncEl3AsyncHwEl LastAsyncEl4AsyncHwEl PushQEl5AsyncHwEl LastAsyncEl6AsyncHwEl PushQEl7AsyncHwEl LastAsyncEl8AsyncHwEl
[2025-09-12 12:48:06.292] [6331] [HailoRT] [info] [pipeline.cpp:891] [print_deep_description] LastAsyncEl0AsyncHwEl | inputs: AsyncHwEl[0] | outputs: user
[2025-09-12 12:48:06.292] [6331] [HailoRT] [info] [pipeline.cpp:891] [print_deep_description] LastAsyncEl1AsyncHwEl | inputs: AsyncHwEl[0] | outputs: user
[2025-09-12 12:48:06.292] [6331] [HailoRT] [info] [pipeline.cpp:891] [print_deep_description] PushQEl2AsyncHwEl | inputs: AsyncHwEl[0] | outputs: PostInferEl2AsyncHwEl(running in thread_id: 6357)
[2025-09-12 12:48:06.292] [6331] [HailoRT] [info] [pipeline.cpp:891] [print_deep_description] PostInferEl2AsyncHwEl | inputs: PushQEl2AsyncHwEl[0] | outputs: LastAsyncEl0PostInferEl2AsyncHwEl
[2025-09-12 12:48:06.292] [6331] [HailoRT] [info] [pipeline.cpp:891] [print_deep_description] LastAsyncEl0PostInferEl2AsyncHwEl | inputs: PostInferEl2AsyncHwEl[0] | outputs: user
[2025-09-12 12:48:06.292] [6331] [HailoRT] [info] [pipeline.cpp:891] [print_deep_description] LastAsyncEl3AsyncHwEl | inputs: AsyncHwEl[0] | outputs: user
[2025-09-12 12:48:06.292] [6331] [HailoRT] [info] [pipeline.cpp:891] [print_deep_description] LastAsyncEl4AsyncHwEl | inputs: AsyncHwEl[0] | outputs: user
[2025-09-12 12:48:06.292] [6331] [HailoRT] [info] [pipeline.cpp:891] [print_deep_description] PushQEl5AsyncHwEl | inputs: AsyncHwEl[0] | outputs: PostInferEl5AsyncHwEl(running in thread_id: 6356)
[2025-09-12 12:48:06.292] [6331] [HailoRT] [info] [pipeline.cpp:891] [print_deep_description] PostInferEl5AsyncHwEl | inputs: PushQEl5AsyncHwEl[0] | outputs: LastAsyncEl0PostInferEl5AsyncHwEl
[2025-09-12 12:48:06.292] [6331] [HailoRT] [info] [pipeline.cpp:891] [print_deep_description] LastAsyncEl0PostInferEl5AsyncHwEl | inputs: PostInferEl5AsyncHwEl[0] | outputs: user
[2025-09-12 12:48:06.292] [6331] [HailoRT] [info] [pipeline.cpp:891] [print_deep_description] LastAsyncEl6AsyncHwEl | inputs: AsyncHwEl[0] | outputs: user
[2025-09-12 12:48:06.292] [6331] [HailoRT] [info] [pipeline.cpp:891] [print_deep_description] PushQEl7AsyncHwEl | inputs: AsyncHwEl[0] | outputs: PostInferEl7AsyncHwEl(running in thread_id: 6358)
[2025-09-12 12:48:06.292] [6331] [HailoRT] [info] [pipeline.cpp:891] [print_deep_description] PostInferEl7AsyncHwEl | inputs: PushQEl7AsyncHwEl[0] | outputs: LastAsyncEl0PostInferEl7AsyncHwEl
[2025-09-12 12:48:06.292] [6331] [HailoRT] [info] [pipeline.cpp:891] [print_deep_description] LastAsyncEl0PostInferEl7AsyncHwEl | inputs: PostInferEl7AsyncHwEl[0] | outputs: user
[2025-09-12 12:48:06.292] [6331] [HailoRT] [info] [pipeline.cpp:891] [print_deep_description] LastAsyncEl8AsyncHwEl | inputs: AsyncHwEl[0] | outputs: user
[2025-09-12 12:48:06.297] [6331] [HailoRT] [info] [hef.cpp:1929] [get_network_group_and_network_name] No name was given. Addressing all networks of default network_group: yolov8m_pose
[2025-09-12 12:51:17.007] [6425] [HailoRT] [info] [device.cpp:49] [Device] OS Version: Linux 6.12.34+rpt-rpi-2712 #1 SMP PREEMPT Debian 1:6.12.34-1+rpt1~bookworm (2025-06-26) aarch64
[2025-09-12 12:51:17.008] [6425] [HailoRT] [info] [control.cpp:108] [control__parse_identify_results] firmware_version is: 4.20.0
[2025-09-12 12:51:17.009] [6425] [HailoRT] [info] [control.cpp:108] [control__parse_identify_results] firmware_version is: 4.20.0
[2025-09-12 12:51:17.068] [6433] [HailoRT] [info] [device.cpp:49] [Device] OS Version: Linux 6.12.34+rpt-rpi-2712 #1 SMP PREEMPT Debian 1:6.12.34-1+rpt1~bookworm (2025-06-26) aarch64
[2025-09-12 12:51:17.069] [6433] [HailoRT] [info] [control.cpp:108] [control__parse_identify_results] firmware_version is: 4.20.0
[2025-09-12 12:51:17.070] [6433] [HailoRT] [info] [control.cpp:108] [control__parse_identify_results] firmware_version is: 4.20.0
[2025-09-12 12:51:17.124] [6441] [HailoRT] [info] [device.cpp:49] [Device] OS Version: Linux 6.12.34+rpt-rpi-2712 #1 SMP PREEMPT Debian 1:6.12.34-1+rpt1~bookworm (2025-06-26) aarch64
[2025-09-12 12:51:17.125] [6441] [HailoRT] [info] [control.cpp:108] [control__parse_identify_results] firmware_version is: 4.20.0
[2025-09-12 12:51:17.126] [6441] [HailoRT] [info] [control.cpp:108] [control__parse_identify_results] firmware_version is: 4.20.0
[2025-09-12 12:51:17.215] [6414] [HailoRT] [info] [vdevice.cpp:523] [create] Creating vdevice with params: device_count: 1, scheduling_algorithm: ROUND_ROBIN, multi_process_service: false
[2025-09-12 12:51:17.227] [6414] [HailoRT] [info] [device.cpp:49] [Device] OS Version: Linux 6.12.34+rpt-rpi-2712 #1 SMP PREEMPT Debian 1:6.12.34-1+rpt1~bookworm (2025-06-26) aarch64
[2025-09-12 12:51:17.228] [6414] [HailoRT] [info] [control.cpp:108] [control__parse_identify_results] firmware_version is: 4.20.0
[2025-09-12 12:51:17.228] [6414] [HailoRT] [info] [vdevice.cpp:651] [create] VDevice Infos: 0001:01:00.0
[2025-09-12 12:51:17.330] [6414] [HailoRT] [info] [hef.cpp:1929] [get_network_group_and_network_name] No name was given. Addressing all networks of default network_group: yolov8m_pose
[2025-09-12 12:51:17.330] [6414] [HailoRT] [info] [hef.cpp:1929] [get_network_group_and_network_name] No name was given. Addressing all networks of default network_group: yolov8m_pose
[2025-09-12 12:51:17.495] [6466] [HailoRT] [info] [internal_buffer_manager.cpp:204] [print_execution_results] Planned internal buffer memory: CMA memory 0, user memory 7300608. memory to edge layer usage factor is 1
[2025-09-12 12:51:17.495] [6466] [HailoRT] [info] [internal_buffer_manager.cpp:212] [print_execution_results] Default Internal buffer planner executed successfully
[2025-09-12 12:51:17.577] [6466] [HailoRT] [info] [device_internal.cpp:57] [configure] Configuring HEF took 96.80865 milliseconds
[2025-09-12 12:51:17.577] [6466] [HailoRT] [info] [vdevice.cpp:749] [configure] Configuring HEF on VDevice took 98.558271 milliseconds
[2025-09-12 12:51:17.577] [6466] [HailoRT] [info] [infer_model.cpp:436] [configure] Configuring network group 'yolov8m_pose' with params: batch size: 2, power mode: PERFORMANCE, latency: NONE
[2025-09-12 12:51:17.578] [6466] [HailoRT] [info] [multi_io_elements.cpp:756] [create] Created (AsyncHwEl)
[2025-09-12 12:51:17.578] [6466] [HailoRT] [info] [queue_elements.cpp:450] [create] Created (EntryPushQEl0yolov8m_pose/input_layer1 | timeout: 10s)
[2025-09-12 12:51:17.578] [6466] [HailoRT] [info] [filter_elements.cpp:101] [create] Created (PreInferEl1yolov8m_pose/input_layer1 | Reorder - src_order: RGB4, src_shape: (640, 640, 3), dst_order: NHWC, dst_shape: (640, 640, 3))
[2025-09-12 12:51:17.578] [6466] [HailoRT] [info] [queue_elements.cpp:450] [create] Created (PushQEl1yolov8m_pose/input_layer1 | timeout: 10s)
[2025-09-12 12:51:17.578] [6466] [HailoRT] [info] [edge_elements.cpp:187] [create] Created (LastAsyncEl4AsyncHwEl)
[2025-09-12 12:51:17.578] [6466] [HailoRT] [info] [queue_elements.cpp:450] [create] Created (PushQEl5AsyncHwEl | timeout: 10s)
[2025-09-12 12:51:17.578] [6466] [HailoRT] [info] [filter_elements.cpp:375] [create] Created (PostInferEl5AsyncHwEl | Reorder - src_order: FCR, src_shape: (40, 40, 56), dst_order: FCR, dst_shape: (40, 40, 51))
[2025-09-12 12:51:17.578] [6466] [HailoRT] [info] [edge_elements.cpp:187] [create] Created (LastAsyncEl0PostInferEl5AsyncHwEl)
[2025-09-12 12:51:17.578] [6466] [HailoRT] [info] [edge_elements.cpp:187] [create] Created (LastAsyncEl1AsyncHwEl)
[2025-09-12 12:51:17.578] [6466] [HailoRT] [info] [queue_elements.cpp:450] [create] Created (PushQEl2AsyncHwEl | timeout: 10s)
[2025-09-12 12:51:17.578] [6466] [HailoRT] [info] [filter_elements.cpp:375] [create] Created (PostInferEl2AsyncHwEl | Reorder - src_order: FCR, src_shape: (20, 20, 56), dst_order: FCR, dst_shape: (20, 20, 51))
[2025-09-12 12:51:17.578] [6466] [HailoRT] [info] [edge_elements.cpp:187] [create] Created (LastAsyncEl0PostInferEl2AsyncHwEl)
[2025-09-12 12:51:17.578] [6466] [HailoRT] [info] [edge_elements.cpp:187] [create] Created (LastAsyncEl3AsyncHwEl)
[2025-09-12 12:51:17.578] [6466] [HailoRT] [info] [edge_elements.cpp:187] [create] Created (LastAsyncEl0AsyncHwEl)
[2025-09-12 12:51:17.578] [6466] [HailoRT] [info] [edge_elements.cpp:187] [create] Created (LastAsyncEl8AsyncHwEl)
[2025-09-12 12:51:17.578] [6466] [HailoRT] [info] [edge_elements.cpp:187] [create] Created (LastAsyncEl6AsyncHwEl)
[2025-09-12 12:51:17.578] [6466] [HailoRT] [info] [queue_elements.cpp:450] [create] Created (PushQEl7AsyncHwEl | timeout: 10s)
[2025-09-12 12:51:17.578] [6466] [HailoRT] [info] [filter_elements.cpp:375] [create] Created (PostInferEl7AsyncHwEl | Reorder - src_order: FCR, src_shape: (80, 80, 56), dst_order: FCR, dst_shape: (80, 80, 51))
[2025-09-12 12:51:17.578] [6466] [HailoRT] [info] [edge_elements.cpp:187] [create] Created (LastAsyncEl0PostInferEl7AsyncHwEl)
[2025-09-12 12:51:17.578] [6466] [HailoRT] [info] [pipeline.cpp:891] [print_deep_description] EntryPushQEl0yolov8m_pose/input_layer1 | inputs: user | outputs: PreInferEl1yolov8m_pose/input_layer1(running in thread_id: 6491)
[2025-09-12 12:51:17.578] [6466] [HailoRT] [info] [pipeline.cpp:891] [print_deep_description] PreInferEl1yolov8m_pose/input_layer1 | inputs: EntryPushQEl0yolov8m_pose/input_layer1[0] | outputs: PushQEl1yolov8m_pose/input_layer1
[2025-09-12 12:51:17.578] [6466] [HailoRT] [info] [pipeline.cpp:891] [print_deep_description] PushQEl1yolov8m_pose/input_layer1 | inputs: PreInferEl1yolov8m_pose/input_layer1[0] | outputs: AsyncHwEl(running in thread_id: 6492)
[2025-09-12 12:51:17.578] [6466] [HailoRT] [info] [pipeline.cpp:891] [print_deep_description] AsyncHwEl | inputs: PushQEl1yolov8m_pose/input_layer1[0] | outputs: LastAsyncEl0AsyncHwEl LastAsyncEl1AsyncHwEl PushQEl2AsyncHwEl LastAsyncEl3AsyncHwEl LastAsyncEl4AsyncHwEl PushQEl5AsyncHwEl LastAsyncEl6AsyncHwEl PushQEl7AsyncHwEl LastAsyncEl8AsyncHwEl
[2025-09-12 12:51:17.579] [6466] [HailoRT] [info] [pipeline.cpp:891] [print_deep_description] LastAsyncEl0AsyncHwEl | inputs: AsyncHwEl[0] | outputs: user
[2025-09-12 12:51:17.579] [6466] [HailoRT] [info] [pipeline.cpp:891] [print_deep_description] LastAsyncEl1AsyncHwEl | inputs: AsyncHwEl[0] | outputs: user
[2025-09-12 12:51:17.579] [6466] [HailoRT] [info] [pipeline.cpp:891] [print_deep_description] PushQEl2AsyncHwEl | inputs: AsyncHwEl[0] | outputs: PostInferEl2AsyncHwEl(running in thread_id: 6494)
[2025-09-12 12:51:17.579] [6466] [HailoRT] [info] [pipeline.cpp:891] [print_deep_description] PostInferEl2AsyncHwEl | inputs: PushQEl2AsyncHwEl[0] | outputs: LastAsyncEl0PostInferEl2AsyncHwEl
[2025-09-12 12:51:17.579] [6466] [HailoRT] [info] [pipeline.cpp:891] [print_deep_description] LastAsyncEl0PostInferEl2AsyncHwEl | inputs: PostInferEl2AsyncHwEl[0] | outputs: user
[2025-09-12 12:51:17.579] [6466] [HailoRT] [info] [pipeline.cpp:891] [print_deep_description] LastAsyncEl3AsyncHwEl | inputs: AsyncHwEl[0] | outputs: user
[2025-09-12 12:51:17.579] [6466] [HailoRT] [info] [pipeline.cpp:891] [print_deep_description] LastAsyncEl4AsyncHwEl | inputs: AsyncHwEl[0] | outputs: user
[2025-09-12 12:51:17.579] [6466] [HailoRT] [info] [pipeline.cpp:891] [print_deep_description] PushQEl5AsyncHwEl | inputs: AsyncHwEl[0] | outputs: PostInferEl5AsyncHwEl(running in thread_id: 6493)
[2025-09-12 12:51:17.579] [6466] [HailoRT] [info] [pipeline.cpp:891] [print_deep_description] PostInferEl5AsyncHwEl | inputs: PushQEl5AsyncHwEl[0] | outputs: LastAsyncEl0PostInferEl5AsyncHwEl
[2025-09-12 12:51:17.579] [6466] [HailoRT] [info] [pipeline.cpp:891] [print_deep_description] LastAsyncEl0PostInferEl5AsyncHwEl | inputs: PostInferEl5AsyncHwEl[0] | outputs: user
[2025-09-12 12:51:17.579] [6466] [HailoRT] [info] [pipeline.cpp:891] [print_deep_description] LastAsyncEl6AsyncHwEl | inputs: AsyncHwEl[0] | outputs: user
[2025-09-12 12:51:17.579] [6466] [HailoRT] [info] [pipeline.cpp:891] [print_deep_description] PushQEl7AsyncHwEl | inputs: AsyncHwEl[0] | outputs: PostInferEl7AsyncHwEl(running in thread_id: 6495)
[2025-09-12 12:51:17.579] [6466] [HailoRT] [info] [pipeline.cpp:891] [print_deep_description] PostInferEl7AsyncHwEl | inputs: PushQEl7AsyncHwEl[0] | outputs: LastAsyncEl0PostInferEl7AsyncHwEl
[2025-09-12 12:51:17.579] [6466] [HailoRT] [info] [pipeline.cpp:891] [print_deep_description] LastAsyncEl0PostInferEl7AsyncHwEl | inputs: PostInferEl7AsyncHwEl[0] | outputs: user
[2025-09-12 12:51:17.579] [6466] [HailoRT] [info] [pipeline.cpp:891] [print_deep_description] LastAsyncEl8AsyncHwEl | inputs: AsyncHwEl[0] | outputs: user
[2025-09-12 12:51:17.584] [6466] [HailoRT] [info] [hef.cpp:1929] [get_network_group_and_network_name] No name was given. Addressing all networks of default network_group: yolov8m_pose
[2025-09-12 12:53:53.896] [6576] [HailoRT] [info] [device.cpp:49] [Device] OS Version: Linux 6.12.34+rpt-rpi-2712 #1 SMP PREEMPT Debian 1:6.12.34-1+rpt1~bookworm (2025-06-26) aarch64
[2025-09-12 12:53:53.897] [6576] [HailoRT] [info] [control.cpp:108] [control__parse_identify_results] firmware_version is: 4.20.0
[2025-09-12 12:53:53.898] [6576] [HailoRT] [info] [control.cpp:108] [control__parse_identify_results] firmware_version is: 4.20.0
[2025-09-12 12:53:53.952] [6584] [HailoRT] [info] [device.cpp:49] [Device] OS Version: Linux 6.12.34+rpt-rpi-2712 #1 SMP PREEMPT Debian 1:6.12.34-1+rpt1~bookworm (2025-06-26) aarch64
[2025-09-12 12:53:53.953] [6584] [HailoRT] [info] [control.cpp:108] [control__parse_identify_results] firmware_version is: 4.20.0
[2025-09-12 12:53:53.954] [6584] [HailoRT] [info] [control.cpp:108] [control__parse_identify_results] firmware_version is: 4.20.0
[2025-09-12 12:53:54.012] [6592] [HailoRT] [info] [device.cpp:49] [Device] OS Version: Linux 6.12.34+rpt-rpi-2712 #1 SMP PREEMPT Debian 1:6.12.34-1+rpt1~bookworm (2025-06-26) aarch64
[2025-09-12 12:53:54.013] [6592] [HailoRT] [info] [control.cpp:108] [control__parse_identify_results] firmware_version is: 4.20.0
[2025-09-12 12:53:54.014] [6592] [HailoRT] [info] [control.cpp:108] [control__parse_identify_results] firmware_version is: 4.20.0
[2025-09-12 12:53:54.087] [6565] [HailoRT] [info] [vdevice.cpp:523] [create] Creating vdevice with params: device_count: 1, scheduling_algorithm: ROUND_ROBIN, multi_process_service: false
[2025-09-12 12:53:54.099] [6565] [HailoRT] [info] [device.cpp:49] [Device] OS Version: Linux 6.12.34+rpt-rpi-2712 #1 SMP PREEMPT Debian 1:6.12.34-1+rpt1~bookworm (2025-06-26) aarch64
[2025-09-12 12:53:54.100] [6565] [HailoRT] [info] [control.cpp:108] [control__parse_identify_results] firmware_version is: 4.20.0
[2025-09-12 12:53:54.100] [6565] [HailoRT] [info] [vdevice.cpp:651] [create] VDevice Infos: 0001:01:00.0
[2025-09-12 12:53:54.201] [6565] [HailoRT] [info] [hef.cpp:1929] [get_network_group_and_network_name] No name was given. Addressing all networks of default network_group: yolov8m_pose
[2025-09-12 12:53:54.201] [6565] [HailoRT] [info] [hef.cpp:1929] [get_network_group_and_network_name] No name was given. Addressing all networks of default network_group: yolov8m_pose
[2025-09-12 12:53:54.292] [6632] [HailoRT] [info] [internal_buffer_manager.cpp:204] [print_execution_results] Planned internal buffer memory: CMA memory 0, user memory 7300608. memory to edge layer usage factor is 1
[2025-09-12 12:53:54.292] [6632] [HailoRT] [info] [internal_buffer_manager.cpp:212] [print_execution_results] Default Internal buffer planner executed successfully
[2025-09-12 12:53:54.321] [6632] [HailoRT] [info] [device_internal.cpp:57] [configure] Configuring HEF took 36.15884 milliseconds
[2025-09-12 12:53:54.321] [6632] [HailoRT] [info] [vdevice.cpp:749] [configure] Configuring HEF on VDevice took 36.520193 milliseconds
[2025-09-12 12:53:54.321] [6632] [HailoRT] [info] [infer_model.cpp:436] [configure] Configuring network group 'yolov8m_pose' with params: batch size: 2, power mode: PERFORMANCE, latency: NONE
[2025-09-12 12:53:54.322] [6632] [HailoRT] [info] [multi_io_elements.cpp:756] [create] Created (AsyncHwEl)
[2025-09-12 12:53:54.322] [6632] [HailoRT] [info] [queue_elements.cpp:450] [create] Created (EntryPushQEl0yolov8m_pose/input_layer1 | timeout: 10s)
[2025-09-12 12:53:54.322] [6632] [HailoRT] [info] [filter_elements.cpp:101] [create] Created (PreInferEl1yolov8m_pose/input_layer1 | Reorder - src_order: RGB4, src_shape: (640, 640, 3), dst_order: NHWC, dst_shape: (640, 640, 3))
[2025-09-12 12:53:54.322] [6632] [HailoRT] [info] [queue_elements.cpp:450] [create] Created (PushQEl1yolov8m_pose/input_layer1 | timeout: 10s)
[2025-09-12 12:53:54.322] [6632] [HailoRT] [info] [edge_elements.cpp:187] [create] Created (LastAsyncEl4AsyncHwEl)
[2025-09-12 12:53:54.322] [6632] [HailoRT] [info] [queue_elements.cpp:450] [create] Created (PushQEl5AsyncHwEl | timeout: 10s)
[2025-09-12 12:53:54.322] [6632] [HailoRT] [info] [filter_elements.cpp:375] [create] Created (PostInferEl5AsyncHwEl | Reorder - src_order: FCR, src_shape: (40, 40, 56), dst_order: FCR, dst_shape: (40, 40, 51))
[2025-09-12 12:53:54.322] [6632] [HailoRT] [info] [edge_elements.cpp:187] [create] Created (LastAsyncEl0PostInferEl5AsyncHwEl)
[2025-09-12 12:53:54.322] [6632] [HailoRT] [info] [edge_elements.cpp:187] [create] Created (LastAsyncEl1AsyncHwEl)
[2025-09-12 12:53:54.322] [6632] [HailoRT] [info] [queue_elements.cpp:450] [create] Created (PushQEl2AsyncHwEl | timeout: 10s)
[2025-09-12 12:53:54.322] [6632] [HailoRT] [info] [filter_elements.cpp:375] [create] Created (PostInferEl2AsyncHwEl | Reorder - src_order: FCR, src_shape: (20, 20, 56), dst_order: FCR, dst_shape: (20, 20, 51))
[2025-09-12 12:53:54.322] [6632] [HailoRT] [info] [edge_elements.cpp:187] [create] Created (LastAsyncEl0PostInferEl2AsyncHwEl)
[2025-09-12 12:53:54.322] [6632] [HailoRT] [info] [edge_elements.cpp:187] [create] Created (LastAsyncEl3AsyncHwEl)
[2025-09-12 12:53:54.322] [6632] [HailoRT] [info] [edge_elements.cpp:187] [create] Created (LastAsyncEl0AsyncHwEl)
[2025-09-12 12:53:54.322] [6632] [HailoRT] [info] [edge_elements.cpp:187] [create] Created (LastAsyncEl8AsyncHwEl)
[2025-09-12 12:53:54.322] [6632] [HailoRT] [info] [edge_elements.cpp:187] [create] Created (LastAsyncEl6AsyncHwEl)
[2025-09-12 12:53:54.322] [6632] [HailoRT] [info] [queue_elements.cpp:450] [create] Created (PushQEl7AsyncHwEl | timeout: 10s)
[2025-09-12 12:53:54.322] [6632] [HailoRT] [info] [filter_elements.cpp:375] [create] Created (PostInferEl7AsyncHwEl | Reorder - src_order: FCR, src_shape: (80, 80, 56), dst_order: FCR, dst_shape: (80, 80, 51))
[2025-09-12 12:53:54.323] [6632] [HailoRT] [info] [edge_elements.cpp:187] [create] Created (LastAsyncEl0PostInferEl7AsyncHwEl)
[2025-09-12 12:53:54.323] [6632] [HailoRT] [info] [pipeline.cpp:891] [print_deep_description] EntryPushQEl0yolov8m_pose/input_layer1 | inputs: user | outputs: PreInferEl1yolov8m_pose/input_layer1(running in thread_id: 6635)
[2025-09-12 12:53:54.323] [6632] [HailoRT] [info] [pipeline.cpp:891] [print_deep_description] PreInferEl1yolov8m_pose/input_layer1 | inputs: EntryPushQEl0yolov8m_pose/input_layer1[0] | outputs: PushQEl1yolov8m_pose/input_layer1
[2025-09-12 12:53:54.323] [6632] [HailoRT] [info] [pipeline.cpp:891] [print_deep_description] PushQEl1yolov8m_pose/input_layer1 | inputs: PreInferEl1yolov8m_pose/input_layer1[0] | outputs: AsyncHwEl(running in thread_id: 6636)
[2025-09-12 12:53:54.323] [6632] [HailoRT] [info] [pipeline.cpp:891] [print_deep_description] AsyncHwEl | inputs: PushQEl1yolov8m_pose/input_layer1[0] | outputs: LastAsyncEl0AsyncHwEl LastAsyncEl1AsyncHwEl PushQEl2AsyncHwEl LastAsyncEl3AsyncHwEl LastAsyncEl4AsyncHwEl PushQEl5AsyncHwEl LastAsyncEl6AsyncHwEl PushQEl7AsyncHwEl LastAsyncEl8AsyncHwEl
[2025-09-12 12:53:54.323] [6632] [HailoRT] [info] [pipeline.cpp:891] [print_deep_description] LastAsyncEl0AsyncHwEl | inputs: AsyncHwEl[0] | outputs: user
[2025-09-12 12:53:54.323] [6632] [HailoRT] [info] [pipeline.cpp:891] [print_deep_description] LastAsyncEl1AsyncHwEl | inputs: AsyncHwEl[0] | outputs: user
[2025-09-12 12:53:54.323] [6632] [HailoRT] [info] [pipeline.cpp:891] [print_deep_description] PushQEl2AsyncHwEl | inputs: AsyncHwEl[0] | outputs: PostInferEl2AsyncHwEl(running in thread_id: 6638)
[2025-09-12 12:53:54.323] [6632] [HailoRT] [info] [pipeline.cpp:891] [print_deep_description] PostInferEl2AsyncHwEl | inputs: PushQEl2AsyncHwEl[0] | outputs: LastAsyncEl0PostInferEl2AsyncHwEl
[2025-09-12 12:53:54.323] [6632] [HailoRT] [info] [pipeline.cpp:891] [print_deep_description] LastAsyncEl0PostInferEl2AsyncHwEl | inputs: PostInferEl2AsyncHwEl[0] | outputs: user
[2025-09-12 12:53:54.323] [6632] [HailoRT] [info] [pipeline.cpp:891] [print_deep_description] LastAsyncEl3AsyncHwEl | inputs: AsyncHwEl[0] | outputs: user
[2025-09-12 12:53:54.323] [6632] [HailoRT] [info] [pipeline.cpp:891] [print_deep_description] LastAsyncEl4AsyncHwEl | inputs: AsyncHwEl[0] | outputs: user
[2025-09-12 12:53:54.323] [6632] [HailoRT] [info] [pipeline.cpp:891] [print_deep_description] PushQEl5AsyncHwEl | inputs: AsyncHwEl[0] | outputs: PostInferEl5AsyncHwEl(running in thread_id: 6637)
[2025-09-12 12:53:54.323] [6632] [HailoRT] [info] [pipeline.cpp:891] [print_deep_description] PostInferEl5AsyncHwEl | inputs: PushQEl5AsyncHwEl[0] | outputs: LastAsyncEl0PostInferEl5AsyncHwEl
[2025-09-12 12:53:54.323] [6632] [HailoRT] [info] [pipeline.cpp:891] [print_deep_description] LastAsyncEl0PostInferEl5AsyncHwEl | inputs: PostInferEl5AsyncHwEl[0] | outputs: user
[2025-09-12 12:53:54.323] [6632] [HailoRT] [info] [pipeline.cpp:891] [print_deep_description] LastAsyncEl6AsyncHwEl | inputs: AsyncHwEl[0] | outputs: user
[2025-09-12 12:53:54.323] [6632] [HailoRT] [info] [pipeline.cpp:891] [print_deep_description] PushQEl7AsyncHwEl | inputs: AsyncHwEl[0] | outputs: PostInferEl7AsyncHwEl(running in thread_id: 6639)
[2025-09-12 12:53:54.323] [6632] [HailoRT] [info] [pipeline.cpp:891] [print_deep_description] PostInferEl7AsyncHwEl | inputs: PushQEl7AsyncHwEl[0] | outputs: LastAsyncEl0PostInferEl7AsyncHwEl
[2025-09-12 12:53:54.323] [6632] [HailoRT] [info] [pipeline.cpp:891] [print_deep_description] LastAsyncEl0PostInferEl7AsyncHwEl | inputs: PostInferEl7AsyncHwEl[0] | outputs: user
[2025-09-12 12:53:54.323] [6632] [HailoRT] [info] [pipeline.cpp:891] [print_deep_description] LastAsyncEl8AsyncHwEl | inputs: AsyncHwEl[0] | outputs: user
[2025-09-12 12:54:43.000] [6662] [HailoRT] [info] [device.cpp:49] [Device] OS Version: Linux 6.12.34+rpt-rpi-2712 #1 SMP PREEMPT Debian 1:6.12.34-1+rpt1~bookworm (2025-06-26) aarch64
[2025-09-12 12:54:43.001] [6662] [HailoRT] [info] [control.cpp:108] [control__parse_identify_results] firmware_version is: 4.20.0
[2025-09-12 12:54:43.002] [6662] [HailoRT] [info] [control.cpp:108] [control__parse_identify_results] firmware_version is: 4.20.0
[2025-09-12 12:54:43.044] [6670] [HailoRT] [info] [device.cpp:49] [Device] OS Version: Linux 6.12.34+rpt-rpi-2712 #1 SMP PREEMPT Debian 1:6.12.34-1+rpt1~bookworm (2025-06-26) aarch64
[2025-09-12 12:54:43.045] [6670] [HailoRT] [info] [control.cpp:108] [control__parse_identify_results] firmware_version is: 4.20.0
[2025-09-12 12:54:43.046] [6670] [HailoRT] [info] [control.cpp:108] [control__parse_identify_results] firmware_version is: 4.20.0
[2025-09-12 12:54:43.096] [6678] [HailoRT] [info] [device.cpp:49] [Device] OS Version: Linux 6.12.34+rpt-rpi-2712 #1 SMP PREEMPT Debian 1:6.12.34-1+rpt1~bookworm (2025-06-26) aarch64
[2025-09-12 12:54:43.097] [6678] [HailoRT] [info] [control.cpp:108] [control__parse_identify_results] firmware_version is: 4.20.0
[2025-09-12 12:54:43.098] [6678] [HailoRT] [info] [control.cpp:108] [control__parse_identify_results] firmware_version is: 4.20.0
[2025-09-12 12:54:43.170] [6651] [HailoRT] [info] [vdevice.cpp:523] [create] Creating vdevice with params: device_count: 1, scheduling_algorithm: ROUND_ROBIN, multi_process_service: false
[2025-09-12 12:54:43.183] [6651] [HailoRT] [info] [device.cpp:49] [Device] OS Version: Linux 6.12.34+rpt-rpi-2712 #1 SMP PREEMPT Debian 1:6.12.34-1+rpt1~bookworm (2025-06-26) aarch64
[2025-09-12 12:54:43.184] [6651] [HailoRT] [info] [control.cpp:108] [control__parse_identify_results] firmware_version is: 4.20.0
[2025-09-12 12:54:43.184] [6651] [HailoRT] [info] [vdevice.cpp:651] [create] VDevice Infos: 0001:01:00.0
[2025-09-12 12:54:43.284] [6651] [HailoRT] [info] [hef.cpp:1929] [get_network_group_and_network_name] No name was given. Addressing all networks of default network_group: yolov8m_pose
[2025-09-12 12:54:43.284] [6651] [HailoRT] [info] [hef.cpp:1929] [get_network_group_and_network_name] No name was given. Addressing all networks of default network_group: yolov8m_pose
[2025-09-12 12:56:07.927] [6739] [HailoRT] [info] [device.cpp:49] [Device] OS Version: Linux 6.12.34+rpt-rpi-2712 #1 SMP PREEMPT Debian 1:6.12.34-1+rpt1~bookworm (2025-06-26) aarch64
[2025-09-12 12:56:07.928] [6739] [HailoRT] [info] [control.cpp:108] [control__parse_identify_results] firmware_version is: 4.20.0
[2025-09-12 12:56:07.929] [6739] [HailoRT] [info] [control.cpp:108] [control__parse_identify_results] firmware_version is: 4.20.0
[2025-09-12 12:56:07.988] [6747] [HailoRT] [info] [device.cpp:49] [Device] OS Version: Linux 6.12.34+rpt-rpi-2712 #1 SMP PREEMPT Debian 1:6.12.34-1+rpt1~bookworm (2025-06-26) aarch64
[2025-09-12 12:56:07.989] [6747] [HailoRT] [info] [control.cpp:108] [control__parse_identify_results] firmware_version is: 4.20.0
[2025-09-12 12:56:07.990] [6747] [HailoRT] [info] [control.cpp:108] [control__parse_identify_results] firmware_version is: 4.20.0
[2025-09-12 12:56:08.036] [6755] [HailoRT] [info] [device.cpp:49] [Device] OS Version: Linux 6.12.34+rpt-rpi-2712 #1 SMP PREEMPT Debian 1:6.12.34-1+rpt1~bookworm (2025-06-26) aarch64
[2025-09-12 12:56:08.037] [6755] [HailoRT] [info] [control.cpp:108] [control__parse_identify_results] firmware_version is: 4.20.0
[2025-09-12 12:56:08.038] [6755] [HailoRT] [info] [control.cpp:108] [control__parse_identify_results] firmware_version is: 4.20.0
[2025-09-12 12:56:08.106] [6728] [HailoRT] [info] [vdevice.cpp:523] [create] Creating vdevice with params: device_count: 1, scheduling_algorithm: ROUND_ROBIN, multi_process_service: false
[2025-09-12 12:56:08.119] [6728] [HailoRT] [info] [device.cpp:49] [Device] OS Version: Linux 6.12.34+rpt-rpi-2712 #1 SMP PREEMPT Debian 1:6.12.34-1+rpt1~bookworm (2025-06-26) aarch64
[2025-09-12 12:56:08.120] [6728] [HailoRT] [info] [control.cpp:108] [control__parse_identify_results] firmware_version is: 4.20.0
[2025-09-12 12:56:08.120] [6728] [HailoRT] [info] [vdevice.cpp:651] [create] VDevice Infos: 0001:01:00.0
[2025-09-12 12:56:08.220] [6728] [HailoRT] [info] [hef.cpp:1929] [get_network_group_and_network_name] No name was given. Addressing all networks of default network_group: yolov8m_pose
[2025-09-12 12:56:08.220] [6728] [HailoRT] [info] [hef.cpp:1929] [get_network_group_and_network_name] No name was given. Addressing all networks of default network_group: yolov8m_pose
[2025-09-12 12:56:08.359] [6780] [HailoRT] [info] [internal_buffer_manager.cpp:204] [print_execution_results] Planned internal buffer memory: CMA memory 0, user memory 7300608. memory to edge layer usage factor is 1
[2025-09-12 12:56:08.359] [6780] [HailoRT] [info] [internal_buffer_manager.cpp:212] [print_execution_results] Default Internal buffer planner executed successfully
[2025-09-12 12:56:08.443] [6780] [HailoRT] [info] [device_internal.cpp:57] [configure] Configuring HEF took 94.769708 milliseconds
[2025-09-12 12:56:08.443] [6780] [HailoRT] [info] [vdevice.cpp:749] [configure] Configuring HEF on VDevice took 95.167673 milliseconds
[2025-09-12 12:56:08.443] [6780] [HailoRT] [info] [infer_model.cpp:436] [configure] Configuring network group 'yolov8m_pose' with params: batch size: 2, power mode: PERFORMANCE, latency: NONE
[2025-09-12 12:56:08.443] [6780] [HailoRT] [info] [multi_io_elements.cpp:756] [create] Created (AsyncHwEl)
[2025-09-12 12:56:08.443] [6780] [HailoRT] [info] [queue_elements.cpp:450] [create] Created (EntryPushQEl0yolov8m_pose/input_layer1 | timeout: 10s)
[2025-09-12 12:56:08.443] [6780] [HailoRT] [info] [filter_elements.cpp:101] [create] Created (PreInferEl1yolov8m_pose/input_layer1 | Reorder - src_order: RGB4, src_shape: (640, 640, 3), dst_order: NHWC, dst_shape: (640, 640, 3))
[2025-09-12 12:56:08.443] [6780] [HailoRT] [info] [queue_elements.cpp:450] [create] Created (PushQEl1yolov8m_pose/input_layer1 | timeout: 10s)
[2025-09-12 12:56:08.443] [6780] [HailoRT] [info] [edge_elements.cpp:187] [create] Created (LastAsyncEl4AsyncHwEl)
[2025-09-12 12:56:08.443] [6780] [HailoRT] [info] [queue_elements.cpp:450] [create] Created (PushQEl5AsyncHwEl | timeout: 10s)
[2025-09-12 12:56:08.443] [6780] [HailoRT] [info] [filter_elements.cpp:375] [create] Created (PostInferEl5AsyncHwEl | Reorder - src_order: FCR, src_shape: (40, 40, 56), dst_order: FCR, dst_shape: (40, 40, 51))
[2025-09-12 12:56:08.443] [6780] [HailoRT] [info] [edge_elements.cpp:187] [create] Created (LastAsyncEl0PostInferEl5AsyncHwEl)
[2025-09-12 12:56:08.443] [6780] [HailoRT] [info] [edge_elements.cpp:187] [create] Created (LastAsyncEl1AsyncHwEl)
[2025-09-12 12:56:08.444] [6780] [HailoRT] [info] [queue_elements.cpp:450] [create] Created (PushQEl2AsyncHwEl | timeout: 10s)
[2025-09-12 12:56:08.444] [6780] [HailoRT] [info] [filter_elements.cpp:375] [create] Created (PostInferEl2AsyncHwEl | Reorder - src_order: FCR, src_shape: (20, 20, 56), dst_order: FCR, dst_shape: (20, 20, 51))
[2025-09-12 12:56:08.444] [6780] [HailoRT] [info] [edge_elements.cpp:187] [create] Created (LastAsyncEl0PostInferEl2AsyncHwEl)
[2025-09-12 12:56:08.444] [6780] [HailoRT] [info] [edge_elements.cpp:187] [create] Created (LastAsyncEl3AsyncHwEl)
[2025-09-12 12:56:08.444] [6780] [HailoRT] [info] [edge_elements.cpp:187] [create] Created (LastAsyncEl0AsyncHwEl)
[2025-09-12 12:56:08.444] [6780] [HailoRT] [info] [edge_elements.cpp:187] [create] Created (LastAsyncEl8AsyncHwEl)
[2025-09-12 12:56:08.444] [6780] [HailoRT] [info] [edge_elements.cpp:187] [create] Created (LastAsyncEl6AsyncHwEl)
[2025-09-12 12:56:08.444] [6780] [HailoRT] [info] [queue_elements.cpp:450] [create] Created (PushQEl7AsyncHwEl | timeout: 10s)
[2025-09-12 12:56:08.444] [6780] [HailoRT] [info] [filter_elements.cpp:375] [create] Created (PostInferEl7AsyncHwEl | Reorder - src_order: FCR, src_shape: (80, 80, 56), dst_order: FCR, dst_shape: (80, 80, 51))
[2025-09-12 12:56:08.444] [6780] [HailoRT] [info] [edge_elements.cpp:187] [create] Created (LastAsyncEl0PostInferEl7AsyncHwEl)
[2025-09-12 12:56:08.444] [6780] [HailoRT] [info] [pipeline.cpp:891] [print_deep_description] EntryPushQEl0yolov8m_pose/input_layer1 | inputs: user | outputs: PreInferEl1yolov8m_pose/input_layer1(running in thread_id: 6804)
[2025-09-12 12:56:08.444] [6780] [HailoRT] [info] [pipeline.cpp:891] [print_deep_description] PreInferEl1yolov8m_pose/input_layer1 | inputs: EntryPushQEl0yolov8m_pose/input_layer1[0] | outputs: PushQEl1yolov8m_pose/input_layer1
[2025-09-12 12:56:08.444] [6780] [HailoRT] [info] [pipeline.cpp:891] [print_deep_description] PushQEl1yolov8m_pose/input_layer1 | inputs: PreInferEl1yolov8m_pose/input_layer1[0] | outputs: AsyncHwEl(running in thread_id: 6805)
[2025-09-12 12:56:08.444] [6780] [HailoRT] [info] [pipeline.cpp:891] [print_deep_description] AsyncHwEl | inputs: PushQEl1yolov8m_pose/input_layer1[0] | outputs: LastAsyncEl0AsyncHwEl LastAsyncEl1AsyncHwEl PushQEl2AsyncHwEl LastAsyncEl3AsyncHwEl LastAsyncEl4AsyncHwEl PushQEl5AsyncHwEl LastAsyncEl6AsyncHwEl PushQEl7AsyncHwEl LastAsyncEl8AsyncHwEl
[2025-09-12 12:56:08.444] [6780] [HailoRT] [info] [pipeline.cpp:891] [print_deep_description] LastAsyncEl0AsyncHwEl | inputs: AsyncHwEl[0] | outputs: user
[2025-09-12 12:56:08.444] [6780] [HailoRT] [info] [pipeline.cpp:891] [print_deep_description] LastAsyncEl1AsyncHwEl | inputs: AsyncHwEl[0] | outputs: user
[2025-09-12 12:56:08.444] [6780] [HailoRT] [info] [pipeline.cpp:891] [print_deep_description] PushQEl2AsyncHwEl | inputs: AsyncHwEl[0] | outputs: PostInferEl2AsyncHwEl(running in thread_id: 6807)
[2025-09-12 12:56:08.444] [6780] [HailoRT] [info] [pipeline.cpp:891] [print_deep_description] PostInferEl2AsyncHwEl | inputs: PushQEl2AsyncHwEl[0] | outputs: LastAsyncEl0PostInferEl2AsyncHwEl
[2025-09-12 12:56:08.444] [6780] [HailoRT] [info] [pipeline.cpp:891] [print_deep_description] LastAsyncEl0PostInferEl2AsyncHwEl | inputs: PostInferEl2AsyncHwEl[0] | outputs: user
[2025-09-12 12:56:08.444] [6780] [HailoRT] [info] [pipeline.cpp:891] [print_deep_description] LastAsyncEl3AsyncHwEl | inputs: AsyncHwEl[0] | outputs: user
[2025-09-12 12:56:08.444] [6780] [HailoRT] [info] [pipeline.cpp:891] [print_deep_description] LastAsyncEl4AsyncHwEl | inputs: AsyncHwEl[0] | outputs: user
[2025-09-12 12:56:08.444] [6780] [HailoRT] [info] [pipeline.cpp:891] [print_deep_description] PushQEl5AsyncHwEl | inputs: AsyncHwEl[0] | outputs: PostInferEl5AsyncHwEl(running in thread_id: 6806)
[2025-09-12 12:56:08.444] [6780] [HailoRT] [info] [pipeline.cpp:891] [print_deep_description] PostInferEl5AsyncHwEl | inputs: PushQEl5AsyncHwEl[0] | outputs: LastAsyncEl0PostInferEl5AsyncHwEl
[2025-09-12 12:56:08.444] [6780] [HailoRT] [info] [pipeline.cpp:891] [print_deep_description] LastAsyncEl0PostInferEl5AsyncHwEl | inputs: PostInferEl5AsyncHwEl[0] | outputs: user
[2025-09-12 12:56:08.444] [6780] [HailoRT] [info] [pipeline.cpp:891] [print_deep_description] LastAsyncEl6AsyncHwEl | inputs: AsyncHwEl[0] | outputs: user
[2025-09-12 12:56:08.444] [6780] [HailoRT] [info] [pipeline.cpp:891] [print_deep_description] PushQEl7AsyncHwEl | inputs: AsyncHwEl[0] | outputs: PostInferEl7AsyncHwEl(running in thread_id: 6808)
[2025-09-12 12:56:08.444] [6780] [HailoRT] [info] [pipeline.cpp:891] [print_deep_description] PostInferEl7AsyncHwEl | inputs: PushQEl7AsyncHwEl[0] | outputs: LastAsyncEl0PostInferEl7AsyncHwEl
[2025-09-12 12:56:08.444] [6780] [HailoRT] [info] [pipeline.cpp:891] [print_deep_description] LastAsyncEl0PostInferEl7AsyncHwEl | inputs: PostInferEl7AsyncHwEl[0] | outputs: user
[2025-09-12 12:56:08.444] [6780] [HailoRT] [info] [pipeline.cpp:891] [print_deep_description] LastAsyncEl8AsyncHwEl | inputs: AsyncHwEl[0] | outputs: user
[2025-09-12 12:56:08.449] [6780] [HailoRT] [info] [hef.cpp:1929] [get_network_group_and_network_name] No name was given. Addressing all networks of default network_group: yolov8m_pose
[2025-09-12 12:57:34.036] [6861] [HailoRT] [info] [device.cpp:49] [Device] OS Version: Linux 6.12.34+rpt-rpi-2712 #1 SMP PREEMPT Debian 1:6.12.34-1+rpt1~bookworm (2025-06-26) aarch64
[2025-09-12 12:57:34.037] [6861] [HailoRT] [info] [control.cpp:108] [control__parse_identify_results] firmware_version is: 4.20.0
[2025-09-12 12:57:34.038] [6861] [HailoRT] [info] [control.cpp:108] [control__parse_identify_results] firmware_version is: 4.20.0
[2025-09-12 12:57:34.080] [6869] [HailoRT] [info] [device.cpp:49] [Device] OS Version: Linux 6.12.34+rpt-rpi-2712 #1 SMP PREEMPT Debian 1:6.12.34-1+rpt1~bookworm (2025-06-26) aarch64
[2025-09-12 12:57:34.081] [6869] [HailoRT] [info] [control.cpp:108] [control__parse_identify_results] firmware_version is: 4.20.0
[2025-09-12 12:57:34.082] [6869] [HailoRT] [info] [control.cpp:108] [control__parse_identify_results] firmware_version is: 4.20.0
[2025-09-12 12:57:34.132] [6877] [HailoRT] [info] [device.cpp:49] [Device] OS Version: Linux 6.12.34+rpt-rpi-2712 #1 SMP PREEMPT Debian 1:6.12.34-1+rpt1~bookworm (2025-06-26) aarch64
[2025-09-12 12:57:34.133] [6877] [HailoRT] [info] [control.cpp:108] [control__parse_identify_results] firmware_version is: 4.20.0
[2025-09-12 12:57:34.134] [6877] [HailoRT] [info] [control.cpp:108] [control__parse_identify_results] firmware_version is: 4.20.0
[2025-09-12 12:57:34.214] [6850] [HailoRT] [info] [vdevice.cpp:523] [create] Creating vdevice with params: device_count: 1, scheduling_algorithm: ROUND_ROBIN, multi_process_service: false
[2025-09-12 12:57:34.227] [6850] [HailoRT] [info] [device.cpp:49] [Device] OS Version: Linux 6.12.34+rpt-rpi-2712 #1 SMP PREEMPT Debian 1:6.12.34-1+rpt1~bookworm (2025-06-26) aarch64
[2025-09-12 12:57:34.228] [6850] [HailoRT] [info] [control.cpp:108] [control__parse_identify_results] firmware_version is: 4.20.0
[2025-09-12 12:57:34.228] [6850] [HailoRT] [info] [vdevice.cpp:651] [create] VDevice Infos: 0001:01:00.0
[2025-09-12 12:57:34.328] [6850] [HailoRT] [info] [hef.cpp:1929] [get_network_group_and_network_name] No name was given. Addressing all networks of default network_group: yolov8m_pose
[2025-09-12 12:57:34.328] [6850] [HailoRT] [info] [hef.cpp:1929] [get_network_group_and_network_name] No name was given. Addressing all networks of default network_group: yolov8m_pose
[2025-09-12 12:57:34.466] [6902] [HailoRT] [info] [internal_buffer_manager.cpp:204] [print_execution_results] Planned internal buffer memory: CMA memory 0, user memory 7300608. memory to edge layer usage factor is 1
[2025-09-12 12:57:34.466] [6902] [HailoRT] [info] [internal_buffer_manager.cpp:212] [print_execution_results] Default Internal buffer planner executed successfully
[2025-09-12 12:57:34.554] [6902] [HailoRT] [info] [device_internal.cpp:57] [configure] Configuring HEF took 105.740581 milliseconds
[2025-09-12 12:57:34.554] [6902] [HailoRT] [info] [vdevice.cpp:749] [configure] Configuring HEF on VDevice took 106.776049 milliseconds
[2025-09-12 12:57:34.554] [6902] [HailoRT] [info] [infer_model.cpp:436] [configure] Configuring network group 'yolov8m_pose' with params: batch size: 2, power mode: PERFORMANCE, latency: NONE
[2025-09-12 12:57:34.554] [6902] [HailoRT] [info] [multi_io_elements.cpp:756] [create] Created (AsyncHwEl)
[2025-09-12 12:57:34.554] [6902] [HailoRT] [info] [queue_elements.cpp:450] [create] Created (EntryPushQEl0yolov8m_pose/input_layer1 | timeout: 10s)
[2025-09-12 12:57:34.554] [6902] [HailoRT] [info] [filter_elements.cpp:101] [create] Created (PreInferEl1yolov8m_pose/input_layer1 | Reorder - src_order: RGB4, src_shape: (640, 640, 3), dst_order: NHWC, dst_shape: (640, 640, 3))
[2025-09-12 12:57:34.554] [6902] [HailoRT] [info] [queue_elements.cpp:450] [create] Created (PushQEl1yolov8m_pose/input_layer1 | timeout: 10s)
[2025-09-12 12:57:34.554] [6902] [HailoRT] [info] [edge_elements.cpp:187] [create] Created (LastAsyncEl4AsyncHwEl)
[2025-09-12 12:57:34.554] [6902] [HailoRT] [info] [queue_elements.cpp:450] [create] Created (PushQEl5AsyncHwEl | timeout: 10s)
[2025-09-12 12:57:34.554] [6902] [HailoRT] [info] [filter_elements.cpp:375] [create] Created (PostInferEl5AsyncHwEl | Reorder - src_order: FCR, src_shape: (40, 40, 56), dst_order: FCR, dst_shape: (40, 40, 51))
[2025-09-12 12:57:34.554] [6902] [HailoRT] [info] [edge_elements.cpp:187] [create] Created (LastAsyncEl0PostInferEl5AsyncHwEl)
[2025-09-12 12:57:34.554] [6902] [HailoRT] [info] [edge_elements.cpp:187] [create] Created (LastAsyncEl1AsyncHwEl)
[2025-09-12 12:57:34.555] [6902] [HailoRT] [info] [queue_elements.cpp:450] [create] Created (PushQEl2AsyncHwEl | timeout: 10s)
[2025-09-12 12:57:34.555] [6902] [HailoRT] [info] [filter_elements.cpp:375] [create] Created (PostInferEl2AsyncHwEl | Reorder - src_order: FCR, src_shape: (20, 20, 56), dst_order: FCR, dst_shape: (20, 20, 51))
[2025-09-12 12:57:34.555] [6902] [HailoRT] [info] [edge_elements.cpp:187] [create] Created (LastAsyncEl0PostInferEl2AsyncHwEl)
[2025-09-12 12:57:34.555] [6902] [HailoRT] [info] [edge_elements.cpp:187] [create] Created (LastAsyncEl3AsyncHwEl)
[2025-09-12 12:57:34.555] [6902] [HailoRT] [info] [edge_elements.cpp:187] [create] Created (LastAsyncEl0AsyncHwEl)
[2025-09-12 12:57:34.555] [6902] [HailoRT] [info] [edge_elements.cpp:187] [create] Created (LastAsyncEl8AsyncHwEl)
[2025-09-12 12:57:34.555] [6902] [HailoRT] [info] [edge_elements.cpp:187] [create] Created (LastAsyncEl6AsyncHwEl)
[2025-09-12 12:57:34.555] [6902] [HailoRT] [info] [queue_elements.cpp:450] [create] Created (PushQEl7AsyncHwEl | timeout: 10s)
[2025-09-12 12:57:34.555] [6902] [HailoRT] [info] [filter_elements.cpp:375] [create] Created (PostInferEl7AsyncHwEl | Reorder - src_order: FCR, src_shape: (80, 80, 56), dst_order: FCR, dst_shape: (80, 80, 51))
[2025-09-12 12:57:34.555] [6902] [HailoRT] [info] [edge_elements.cpp:187] [create] Created (LastAsyncEl0PostInferEl7AsyncHwEl)
[2025-09-12 12:57:34.555] [6902] [HailoRT] [info] [pipeline.cpp:891] [print_deep_description] EntryPushQEl0yolov8m_pose/input_layer1 | inputs: user | outputs: PreInferEl1yolov8m_pose/input_layer1(running in thread_id: 6926)
[2025-09-12 12:57:34.555] [6902] [HailoRT] [info] [pipeline.cpp:891] [print_deep_description] PreInferEl1yolov8m_pose/input_layer1 | inputs: EntryPushQEl0yolov8m_pose/input_layer1[0] | outputs: PushQEl1yolov8m_pose/input_layer1
[2025-09-12 12:57:34.555] [6902] [HailoRT] [info] [pipeline.cpp:891] [print_deep_description] PushQEl1yolov8m_pose/input_layer1 | inputs: PreInferEl1yolov8m_pose/input_layer1[0] | outputs: AsyncHwEl(running in thread_id: 6927)
[2025-09-12 12:57:34.555] [6902] [HailoRT] [info] [pipeline.cpp:891] [print_deep_description] AsyncHwEl | inputs: PushQEl1yolov8m_pose/input_layer1[0] | outputs: LastAsyncEl0AsyncHwEl LastAsyncEl1AsyncHwEl PushQEl2AsyncHwEl LastAsyncEl3AsyncHwEl LastAsyncEl4AsyncHwEl PushQEl5AsyncHwEl LastAsyncEl6AsyncHwEl PushQEl7AsyncHwEl LastAsyncEl8AsyncHwEl
[2025-09-12 12:57:34.555] [6902] [HailoRT] [info] [pipeline.cpp:891] [print_deep_description] LastAsyncEl0AsyncHwEl | inputs: AsyncHwEl[0] | outputs: user
[2025-09-12 12:57:34.555] [6902] [HailoRT] [info] [pipeline.cpp:891] [print_deep_description] LastAsyncEl1AsyncHwEl | inputs: AsyncHwEl[0] | outputs: user
[2025-09-12 12:57:34.555] [6902] [HailoRT] [info] [pipeline.cpp:891] [print_deep_description] PushQEl2AsyncHwEl | inputs: AsyncHwEl[0] | outputs: PostInferEl2AsyncHwEl(running in thread_id: 6929)
[2025-09-12 12:57:34.555] [6902] [HailoRT] [info] [pipeline.cpp:891] [print_deep_description] PostInferEl2AsyncHwEl | inputs: PushQEl2AsyncHwEl[0] | outputs: LastAsyncEl0PostInferEl2AsyncHwEl
[2025-09-12 12:57:34.555] [6902] [HailoRT] [info] [pipeline.cpp:891] [print_deep_description] LastAsyncEl0PostInferEl2AsyncHwEl | inputs: PostInferEl2AsyncHwEl[0] | outputs: user
[2025-09-12 12:57:34.555] [6902] [HailoRT] [info] [pipeline.cpp:891] [print_deep_description] LastAsyncEl3AsyncHwEl | inputs: AsyncHwEl[0] | outputs: user
[2025-09-12 12:57:34.555] [6902] [HailoRT] [info] [pipeline.cpp:891] [print_deep_description] LastAsyncEl4AsyncHwEl | inputs: AsyncHwEl[0] | outputs: user
[2025-09-12 12:57:34.555] [6902] [HailoRT] [info] [pipeline.cpp:891] [print_deep_description] PushQEl5AsyncHwEl | inputs: AsyncHwEl[0] | outputs: PostInferEl5AsyncHwEl(running in thread_id: 6928)
[2025-09-12 12:57:34.555] [6902] [HailoRT] [info] [pipeline.cpp:891] [print_deep_description] PostInferEl5AsyncHwEl | inputs: PushQEl5AsyncHwEl[0] | outputs: LastAsyncEl0PostInferEl5AsyncHwEl
[2025-09-12 12:57:34.555] [6902] [HailoRT] [info] [pipeline.cpp:891] [print_deep_description] LastAsyncEl0PostInferEl5AsyncHwEl | inputs: PostInferEl5AsyncHwEl[0] | outputs: user
[2025-09-12 12:57:34.555] [6902] [HailoRT] [info] [pipeline.cpp:891] [print_deep_description] LastAsyncEl6AsyncHwEl | inputs: AsyncHwEl[0] | outputs: user
[2025-09-12 12:57:34.555] [6902] [HailoRT] [info] [pipeline.cpp:891] [print_deep_description] PushQEl7AsyncHwEl | inputs: AsyncHwEl[0] | outputs: PostInferEl7AsyncHwEl(running in thread_id: 6930)
[2025-09-12 12:57:34.555] [6902] [HailoRT] [info] [pipeline.cpp:891] [print_deep_description] PostInferEl7AsyncHwEl | inputs: PushQEl7AsyncHwEl[0] | outputs: LastAsyncEl0PostInferEl7AsyncHwEl
[2025-09-12 12:57:34.555] [6902] [HailoRT] [info] [pipeline.cpp:891] [print_deep_description] LastAsyncEl0PostInferEl7AsyncHwEl | inputs: PostInferEl7AsyncHwEl[0] | outputs: user
[2025-09-12 12:57:34.555] [6902] [HailoRT] [info] [pipeline.cpp:891] [print_deep_description] LastAsyncEl8AsyncHwEl | inputs: AsyncHwEl[0] | outputs: user
[2025-09-12 12:57:34.560] [6902] [HailoRT] [info] [hef.cpp:1929] [get_network_group_and_network_name] No name was given. Addressing all networks of default network_group: yolov8m_pose
[2025-09-12 12:59:14.727] [6988] [HailoRT] [info] [device.cpp:49] [Device] OS Version: Linux 6.12.34+rpt-rpi-2712 #1 SMP PREEMPT Debian 1:6.12.34-1+rpt1~bookworm (2025-06-26) aarch64
[2025-09-12 12:59:14.728] [6988] [HailoRT] [info] [control.cpp:108] [control__parse_identify_results] firmware_version is: 4.20.0
[2025-09-12 12:59:14.729] [6988] [HailoRT] [info] [control.cpp:108] [control__parse_identify_results] firmware_version is: 4.20.0
[2025-09-12 12:59:14.780] [6996] [HailoRT] [info] [device.cpp:49] [Device] OS Version: Linux 6.12.34+rpt-rpi-2712 #1 SMP PREEMPT Debian 1:6.12.34-1+rpt1~bookworm (2025-06-26) aarch64
[2025-09-12 12:59:14.781] [6996] [HailoRT] [info] [control.cpp:108] [control__parse_identify_results] firmware_version is: 4.20.0
[2025-09-12 12:59:14.782] [6996] [HailoRT] [info] [control.cpp:108] [control__parse_identify_results] firmware_version is: 4.20.0
[2025-09-12 12:59:14.824] [7004] [HailoRT] [info] [device.cpp:49] [Device] OS Version: Linux 6.12.34+rpt-rpi-2712 #1 SMP PREEMPT Debian 1:6.12.34-1+rpt1~bookworm (2025-06-26) aarch64
[2025-09-12 12:59:14.825] [7004] [HailoRT] [info] [control.cpp:108] [control__parse_identify_results] firmware_version is: 4.20.0
[2025-09-12 12:59:14.826] [7004] [HailoRT] [info] [control.cpp:108] [control__parse_identify_results] firmware_version is: 4.20.0
[2025-09-12 12:59:14.894] [6977] [HailoRT] [info] [vdevice.cpp:523] [create] Creating vdevice with params: device_count: 1, scheduling_algorithm: ROUND_ROBIN, multi_process_service: false
[2025-09-12 12:59:14.907] [6977] [HailoRT] [info] [device.cpp:49] [Device] OS Version: Linux 6.12.34+rpt-rpi-2712 #1 SMP PREEMPT Debian 1:6.12.34-1+rpt1~bookworm (2025-06-26) aarch64
[2025-09-12 12:59:14.908] [6977] [HailoRT] [info] [control.cpp:108] [control__parse_identify_results] firmware_version is: 4.20.0
[2025-09-12 12:59:14.908] [6977] [HailoRT] [info] [vdevice.cpp:651] [create] VDevice Infos: 0001:01:00.0
[2025-09-12 12:59:15.008] [6977] [HailoRT] [info] [hef.cpp:1929] [get_network_group_and_network_name] No name was given. Addressing all networks of default network_group: yolov8m_pose
[2025-09-12 12:59:15.008] [6977] [HailoRT] [info] [hef.cpp:1929] [get_network_group_and_network_name] No name was given. Addressing all networks of default network_group: yolov8m_pose
[2025-09-12 12:59:15.147] [7029] [HailoRT] [info] [internal_buffer_manager.cpp:204] [print_execution_results] Planned internal buffer memory: CMA memory 0, user memory 7300608. memory to edge layer usage factor is 1
[2025-09-12 12:59:15.147] [7029] [HailoRT] [info] [internal_buffer_manager.cpp:212] [print_execution_results] Default Internal buffer planner executed successfully
[2025-09-12 12:59:15.228] [7029] [HailoRT] [info] [device_internal.cpp:57] [configure] Configuring HEF took 98.538869 milliseconds
[2025-09-12 12:59:15.228] [7029] [HailoRT] [info] [vdevice.cpp:749] [configure] Configuring HEF on VDevice took 98.951815 milliseconds
[2025-09-12 12:59:15.228] [7029] [HailoRT] [info] [infer_model.cpp:436] [configure] Configuring network group 'yolov8m_pose' with params: batch size: 2, power mode: PERFORMANCE, latency: NONE
[2025-09-12 12:59:15.228] [7029] [HailoRT] [info] [multi_io_elements.cpp:756] [create] Created (AsyncHwEl)
[2025-09-12 12:59:15.228] [7029] [HailoRT] [info] [queue_elements.cpp:450] [create] Created (EntryPushQEl0yolov8m_pose/input_layer1 | timeout: 10s)
[2025-09-12 12:59:15.228] [7029] [HailoRT] [info] [filter_elements.cpp:101] [create] Created (PreInferEl1yolov8m_pose/input_layer1 | Reorder - src_order: RGB4, src_shape: (640, 640, 3), dst_order: NHWC, dst_shape: (640, 640, 3))
[2025-09-12 12:59:15.228] [7029] [HailoRT] [info] [queue_elements.cpp:450] [create] Created (PushQEl1yolov8m_pose/input_layer1 | timeout: 10s)
[2025-09-12 12:59:15.228] [7029] [HailoRT] [info] [edge_elements.cpp:187] [create] Created (LastAsyncEl4AsyncHwEl)
[2025-09-12 12:59:15.228] [7029] [HailoRT] [info] [queue_elements.cpp:450] [create] Created (PushQEl5AsyncHwEl | timeout: 10s)
[2025-09-12 12:59:15.228] [7029] [HailoRT] [info] [filter_elements.cpp:375] [create] Created (PostInferEl5AsyncHwEl | Reorder - src_order: FCR, src_shape: (40, 40, 56), dst_order: FCR, dst_shape: (40, 40, 51))
[2025-09-12 12:59:15.228] [7029] [HailoRT] [info] [edge_elements.cpp:187] [create] Created (LastAsyncEl0PostInferEl5AsyncHwEl)
[2025-09-12 12:59:15.228] [7029] [HailoRT] [info] [edge_elements.cpp:187] [create] Created (LastAsyncEl1AsyncHwEl)
[2025-09-12 12:59:15.229] [7029] [HailoRT] [info] [queue_elements.cpp:450] [create] Created (PushQEl2AsyncHwEl | timeout: 10s)
[2025-09-12 12:59:15.229] [7029] [HailoRT] [info] [filter_elements.cpp:375] [create] Created (PostInferEl2AsyncHwEl | Reorder - src_order: FCR, src_shape: (20, 20, 56), dst_order: FCR, dst_shape: (20, 20, 51))
[2025-09-12 12:59:15.229] [7029] [HailoRT] [info] [edge_elements.cpp:187] [create] Created (LastAsyncEl0PostInferEl2AsyncHwEl)
[2025-09-12 12:59:15.229] [7029] [HailoRT] [info] [edge_elements.cpp:187] [create] Created (LastAsyncEl3AsyncHwEl)
[2025-09-12 12:59:15.229] [7029] [HailoRT] [info] [edge_elements.cpp:187] [create] Created (LastAsyncEl0AsyncHwEl)
[2025-09-12 12:59:15.229] [7029] [HailoRT] [info] [edge_elements.cpp:187] [create] Created (LastAsyncEl8AsyncHwEl)
[2025-09-12 12:59:15.229] [7029] [HailoRT] [info] [edge_elements.cpp:187] [create] Created (LastAsyncEl6AsyncHwEl)
[2025-09-12 12:59:15.229] [7029] [HailoRT] [info] [queue_elements.cpp:450] [create] Created (PushQEl7AsyncHwEl | timeout: 10s)
[2025-09-12 12:59:15.229] [7029] [HailoRT] [info] [filter_elements.cpp:375] [create] Created (PostInferEl7AsyncHwEl | Reorder - src_order: FCR, src_shape: (80, 80, 56), dst_order: FCR, dst_shape: (80, 80, 51))
[2025-09-12 12:59:15.229] [7029] [HailoRT] [info] [edge_elements.cpp:187] [create] Created (LastAsyncEl0PostInferEl7AsyncHwEl)
[2025-09-12 12:59:15.229] [7029] [HailoRT] [info] [pipeline.cpp:891] [print_deep_description] EntryPushQEl0yolov8m_pose/input_layer1 | inputs: user | outputs: PreInferEl1yolov8m_pose/input_layer1(running in thread_id: 7053)
[2025-09-12 12:59:15.229] [7029] [HailoRT] [info] [pipeline.cpp:891] [print_deep_description] PreInferEl1yolov8m_pose/input_layer1 | inputs: EntryPushQEl0yolov8m_pose/input_layer1[0] | outputs: PushQEl1yolov8m_pose/input_layer1
[2025-09-12 12:59:15.229] [7029] [HailoRT] [info] [pipeline.cpp:891] [print_deep_description] PushQEl1yolov8m_pose/input_layer1 | inputs: PreInferEl1yolov8m_pose/input_layer1[0] | outputs: AsyncHwEl(running in thread_id: 7054)
[2025-09-12 12:59:15.229] [7029] [HailoRT] [info] [pipeline.cpp:891] [print_deep_description] AsyncHwEl | inputs: PushQEl1yolov8m_pose/input_layer1[0] | outputs: LastAsyncEl0AsyncHwEl LastAsyncEl1AsyncHwEl PushQEl2AsyncHwEl LastAsyncEl3AsyncHwEl LastAsyncEl4AsyncHwEl PushQEl5AsyncHwEl LastAsyncEl6AsyncHwEl PushQEl7AsyncHwEl LastAsyncEl8AsyncHwEl
[2025-09-12 12:59:15.229] [7029] [HailoRT] [info] [pipeline.cpp:891] [print_deep_description] LastAsyncEl0AsyncHwEl | inputs: AsyncHwEl[0] | outputs: user
[2025-09-12 12:59:15.229] [7029] [HailoRT] [info] [pipeline.cpp:891] [print_deep_description] LastAsyncEl1AsyncHwEl | inputs: AsyncHwEl[0] | outputs: user
[2025-09-12 12:59:15.229] [7029] [HailoRT] [info] [pipeline.cpp:891] [print_deep_description] PushQEl2AsyncHwEl | inputs: AsyncHwEl[0] | outputs: PostInferEl2AsyncHwEl(running in thread_id: 7056)
[2025-09-12 12:59:15.229] [7029] [HailoRT] [info] [pipeline.cpp:891] [print_deep_description] PostInferEl2AsyncHwEl | inputs: PushQEl2AsyncHwEl[0] | outputs: LastAsyncEl0PostInferEl2AsyncHwEl
[2025-09-12 12:59:15.229] [7029] [HailoRT] [info] [pipeline.cpp:891] [print_deep_description] LastAsyncEl0PostInferEl2AsyncHwEl | inputs: PostInferEl2AsyncHwEl[0] | outputs: user
[2025-09-12 12:59:15.229] [7029] [HailoRT] [info] [pipeline.cpp:891] [print_deep_description] LastAsyncEl3AsyncHwEl | inputs: AsyncHwEl[0] | outputs: user
[2025-09-12 12:59:15.229] [7029] [HailoRT] [info] [pipeline.cpp:891] [print_deep_description] LastAsyncEl4AsyncHwEl | inputs: AsyncHwEl[0] | outputs: user
[2025-09-12 12:59:15.229] [7029] [HailoRT] [info] [pipeline.cpp:891] [print_deep_description] PushQEl5AsyncHwEl | inputs: AsyncHwEl[0] | outputs: PostInferEl5AsyncHwEl(running in thread_id: 7055)
[2025-09-12 12:59:15.229] [7029] [HailoRT] [info] [pipeline.cpp:891] [print_deep_description] PostInferEl5AsyncHwEl | inputs: PushQEl5AsyncHwEl[0] | outputs: LastAsyncEl0PostInferEl5AsyncHwEl
[2025-09-12 12:59:15.229] [7029] [HailoRT] [info] [pipeline.cpp:891] [print_deep_description] LastAsyncEl0PostInferEl5AsyncHwEl | inputs: PostInferEl5AsyncHwEl[0] | outputs: user
[2025-09-12 12:59:15.229] [7029] [HailoRT] [info] [pipeline.cpp:891] [print_deep_description] LastAsyncEl6AsyncHwEl | inputs: AsyncHwEl[0] | outputs: user
[2025-09-12 12:59:15.229] [7029] [HailoRT] [info] [pipeline.cpp:891] [print_deep_description] PushQEl7AsyncHwEl | inputs: AsyncHwEl[0] | outputs: PostInferEl7AsyncHwEl(running in thread_id: 7057)
[2025-09-12 12:59:15.229] [7029] [HailoRT] [info] [pipeline.cpp:891] [print_deep_description] PostInferEl7AsyncHwEl | inputs: PushQEl7AsyncHwEl[0] | outputs: LastAsyncEl0PostInferEl7AsyncHwEl
[2025-09-12 12:59:15.229] [7029] [HailoRT] [info] [pipeline.cpp:891] [print_deep_description] LastAsyncEl0PostInferEl7AsyncHwEl | inputs: PostInferEl7AsyncHwEl[0] | outputs: user
[2025-09-12 12:59:15.229] [7029] [HailoRT] [info] [pipeline.cpp:891] [print_deep_description] LastAsyncEl8AsyncHwEl | inputs: AsyncHwEl[0] | outputs: user
[2025-09-12 12:59:15.234] [7029] [HailoRT] [info] [hef.cpp:1929] [get_network_group_and_network_name] No name was given. Addressing all networks of default network_group: yolov8m_pose
[2025-09-12 13:00:21.651] [7115] [HailoRT] [info] [device.cpp:49] [Device] OS Version: Linux 6.12.34+rpt-rpi-2712 #1 SMP PREEMPT Debian 1:6.12.34-1+rpt1~bookworm (2025-06-26) aarch64
[2025-09-12 13:00:21.652] [7115] [HailoRT] [info] [control.cpp:108] [control__parse_identify_results] firmware_version is: 4.20.0
[2025-09-12 13:00:21.653] [7115] [HailoRT] [info] [control.cpp:108] [control__parse_identify_results] firmware_version is: 4.20.0
[2025-09-12 13:00:21.712] [7123] [HailoRT] [info] [device.cpp:49] [Device] OS Version: Linux 6.12.34+rpt-rpi-2712 #1 SMP PREEMPT Debian 1:6.12.34-1+rpt1~bookworm (2025-06-26) aarch64
[2025-09-12 13:00:21.713] [7123] [HailoRT] [info] [control.cpp:108] [control__parse_identify_results] firmware_version is: 4.20.0
[2025-09-12 13:00:21.714] [7123] [HailoRT] [info] [control.cpp:108] [control__parse_identify_results] firmware_version is: 4.20.0
[2025-09-12 13:00:21.776] [7131] [HailoRT] [info] [device.cpp:49] [Device] OS Version: Linux 6.12.34+rpt-rpi-2712 #1 SMP PREEMPT Debian 1:6.12.34-1+rpt1~bookworm (2025-06-26) aarch64
[2025-09-12 13:00:21.777] [7131] [HailoRT] [info] [control.cpp:108] [control__parse_identify_results] firmware_version is: 4.20.0
[2025-09-12 13:00:21.778] [7131] [HailoRT] [info] [control.cpp:108] [control__parse_identify_results] firmware_version is: 4.20.0
[2025-09-12 13:00:21.850] [7104] [HailoRT] [info] [vdevice.cpp:523] [create] Creating vdevice with params: device_count: 1, scheduling_algorithm: ROUND_ROBIN, multi_process_service: false
[2025-09-12 13:00:21.862] [7104] [HailoRT] [info] [device.cpp:49] [Device] OS Version: Linux 6.12.34+rpt-rpi-2712 #1 SMP PREEMPT Debian 1:6.12.34-1+rpt1~bookworm (2025-06-26) aarch64
[2025-09-12 13:00:21.863] [7104] [HailoRT] [info] [control.cpp:108] [control__parse_identify_results] firmware_version is: 4.20.0
[2025-09-12 13:00:21.864] [7104] [HailoRT] [info] [vdevice.cpp:651] [create] VDevice Infos: 0001:01:00.0
[2025-09-12 13:00:21.964] [7104] [HailoRT] [info] [hef.cpp:1929] [get_network_group_and_network_name] No name was given. Addressing all networks of default network_group: yolov8m_pose
[2025-09-12 13:00:21.964] [7104] [HailoRT] [info] [hef.cpp:1929] [get_network_group_and_network_name] No name was given. Addressing all networks of default network_group: yolov8m_pose
[2025-09-12 13:00:22.116] [7156] [HailoRT] [info] [internal_buffer_manager.cpp:204] [print_execution_results] Planned internal buffer memory: CMA memory 0, user memory 7300608. memory to edge layer usage factor is 1
[2025-09-12 13:00:22.124] [7156] [HailoRT] [info] [internal_buffer_manager.cpp:212] [print_execution_results] Default Internal buffer planner executed successfully
[2025-09-12 13:00:22.189] [7156] [HailoRT] [info] [device_internal.cpp:57] [configure] Configuring HEF took 92.465721 milliseconds
[2025-09-12 13:00:22.189] [7156] [HailoRT] [info] [vdevice.cpp:749] [configure] Configuring HEF on VDevice took 92.889446 milliseconds
[2025-09-12 13:00:22.189] [7156] [HailoRT] [info] [infer_model.cpp:436] [configure] Configuring network group 'yolov8m_pose' with params: batch size: 2, power mode: PERFORMANCE, latency: NONE
[2025-09-12 13:00:22.190] [7156] [HailoRT] [info] [multi_io_elements.cpp:756] [create] Created (AsyncHwEl)
[2025-09-12 13:00:22.190] [7156] [HailoRT] [info] [queue_elements.cpp:450] [create] Created (EntryPushQEl0yolov8m_pose/input_layer1 | timeout: 10s)
[2025-09-12 13:00:22.190] [7156] [HailoRT] [info] [filter_elements.cpp:101] [create] Created (PreInferEl1yolov8m_pose/input_layer1 | Reorder - src_order: RGB4, src_shape: (640, 640, 3), dst_order: NHWC, dst_shape: (640, 640, 3))
[2025-09-12 13:00:22.190] [7156] [HailoRT] [info] [queue_elements.cpp:450] [create] Created (PushQEl1yolov8m_pose/input_layer1 | timeout: 10s)
[2025-09-12 13:00:22.190] [7156] [HailoRT] [info] [edge_elements.cpp:187] [create] Created (LastAsyncEl4AsyncHwEl)
[2025-09-12 13:00:22.190] [7156] [HailoRT] [info] [queue_elements.cpp:450] [create] Created (PushQEl5AsyncHwEl | timeout: 10s)
[2025-09-12 13:00:22.190] [7156] [HailoRT] [info] [filter_elements.cpp:375] [create] Created (PostInferEl5AsyncHwEl | Reorder - src_order: FCR, src_shape: (40, 40, 56), dst_order: FCR, dst_shape: (40, 40, 51))
[2025-09-12 13:00:22.190] [7156] [HailoRT] [info] [edge_elements.cpp:187] [create] Created (LastAsyncEl0PostInferEl5AsyncHwEl)
[2025-09-12 13:00:22.190] [7156] [HailoRT] [info] [edge_elements.cpp:187] [create] Created (LastAsyncEl1AsyncHwEl)
[2025-09-12 13:00:22.190] [7156] [HailoRT] [info] [queue_elements.cpp:450] [create] Created (PushQEl2AsyncHwEl | timeout: 10s)
[2025-09-12 13:00:22.190] [7156] [HailoRT] [info] [filter_elements.cpp:375] [create] Created (PostInferEl2AsyncHwEl | Reorder - src_order: FCR, src_shape: (20, 20, 56), dst_order: FCR, dst_shape: (20, 20, 51))
[2025-09-12 13:00:22.190] [7156] [HailoRT] [info] [edge_elements.cpp:187] [create] Created (LastAsyncEl0PostInferEl2AsyncHwEl)
[2025-09-12 13:00:22.190] [7156] [HailoRT] [info] [edge_elements.cpp:187] [create] Created (LastAsyncEl3AsyncHwEl)
[2025-09-12 13:00:22.190] [7156] [HailoRT] [info] [edge_elements.cpp:187] [create] Created (LastAsyncEl0AsyncHwEl)
[2025-09-12 13:00:22.190] [7156] [HailoRT] [info] [edge_elements.cpp:187] [create] Created (LastAsyncEl8AsyncHwEl)
[2025-09-12 13:00:22.190] [7156] [HailoRT] [info] [edge_elements.cpp:187] [create] Created (LastAsyncEl6AsyncHwEl)
[2025-09-12 13:00:22.190] [7156] [HailoRT] [info] [queue_elements.cpp:450] [create] Created (PushQEl7AsyncHwEl | timeout: 10s)
[2025-09-12 13:00:22.191] [7156] [HailoRT] [info] [filter_elements.cpp:375] [create] Created (PostInferEl7AsyncHwEl | Reorder - src_order: FCR, src_shape: (80, 80, 56), dst_order: FCR, dst_shape: (80, 80, 51))
[2025-09-12 13:00:22.191] [7156] [HailoRT] [info] [edge_elements.cpp:187] [create] Created (LastAsyncEl0PostInferEl7AsyncHwEl)
[2025-09-12 13:00:22.191] [7156] [HailoRT] [info] [pipeline.cpp:891] [print_deep_description] EntryPushQEl0yolov8m_pose/input_layer1 | inputs: user | outputs: PreInferEl1yolov8m_pose/input_layer1(running in thread_id: 7179)
[2025-09-12 13:00:22.191] [7156] [HailoRT] [info] [pipeline.cpp:891] [print_deep_description] PreInferEl1yolov8m_pose/input_layer1 | inputs: EntryPushQEl0yolov8m_pose/input_layer1[0] | outputs: PushQEl1yolov8m_pose/input_layer1
[2025-09-12 13:00:22.191] [7156] [HailoRT] [info] [pipeline.cpp:891] [print_deep_description] PushQEl1yolov8m_pose/input_layer1 | inputs: PreInferEl1yolov8m_pose/input_layer1[0] | outputs: AsyncHwEl(running in thread_id: 7180)
[2025-09-12 13:00:22.191] [7156] [HailoRT] [info] [pipeline.cpp:891] [print_deep_description] AsyncHwEl | inputs: PushQEl1yolov8m_pose/input_layer1[0] | outputs: LastAsyncEl0AsyncHwEl LastAsyncEl1AsyncHwEl PushQEl2AsyncHwEl LastAsyncEl3AsyncHwEl LastAsyncEl4AsyncHwEl PushQEl5AsyncHwEl LastAsyncEl6AsyncHwEl PushQEl7AsyncHwEl LastAsyncEl8AsyncHwEl
[2025-09-12 13:00:22.191] [7156] [HailoRT] [info] [pipeline.cpp:891] [print_deep_description] LastAsyncEl0AsyncHwEl | inputs: AsyncHwEl[0] | outputs: user
[2025-09-12 13:00:22.191] [7156] [HailoRT] [info] [pipeline.cpp:891] [print_deep_description] LastAsyncEl1AsyncHwEl | inputs: AsyncHwEl[0] | outputs: user
[2025-09-12 13:00:22.191] [7156] [HailoRT] [info] [pipeline.cpp:891] [print_deep_description] PushQEl2AsyncHwEl | inputs: AsyncHwEl[0] | outputs: PostInferEl2AsyncHwEl(running in thread_id: 7182)
[2025-09-12 13:00:22.191] [7156] [HailoRT] [info] [pipeline.cpp:891] [print_deep_description] PostInferEl2AsyncHwEl | inputs: PushQEl2AsyncHwEl[0] | outputs: LastAsyncEl0PostInferEl2AsyncHwEl
[2025-09-12 13:00:22.191] [7156] [HailoRT] [info] [pipeline.cpp:891] [print_deep_description] LastAsyncEl0PostInferEl2AsyncHwEl | inputs: PostInferEl2AsyncHwEl[0] | outputs: user
[2025-09-12 13:00:22.191] [7156] [HailoRT] [info] [pipeline.cpp:891] [print_deep_description] LastAsyncEl3AsyncHwEl | inputs: AsyncHwEl[0] | outputs: user
[2025-09-12 13:00:22.191] [7156] [HailoRT] [info] [pipeline.cpp:891] [print_deep_description] LastAsyncEl4AsyncHwEl | inputs: AsyncHwEl[0] | outputs: user
[2025-09-12 13:00:22.191] [7156] [HailoRT] [info] [pipeline.cpp:891] [print_deep_description] PushQEl5AsyncHwEl | inputs: AsyncHwEl[0] | outputs: PostInferEl5AsyncHwEl(running in thread_id: 7181)
[2025-09-12 13:00:22.191] [7156] [HailoRT] [info] [pipeline.cpp:891] [print_deep_description] PostInferEl5AsyncHwEl | inputs: PushQEl5AsyncHwEl[0] | outputs: LastAsyncEl0PostInferEl5AsyncHwEl
[2025-09-12 13:00:22.191] [7156] [HailoRT] [info] [pipeline.cpp:891] [print_deep_description] LastAsyncEl0PostInferEl5AsyncHwEl | inputs: PostInferEl5AsyncHwEl[0] | outputs: user
[2025-09-12 13:00:22.191] [7156] [HailoRT] [info] [pipeline.cpp:891] [print_deep_description] LastAsyncEl6AsyncHwEl | inputs: AsyncHwEl[0] | outputs: user
[2025-09-12 13:00:22.191] [7156] [HailoRT] [info] [pipeline.cpp:891] [print_deep_description] PushQEl7AsyncHwEl | inputs: AsyncHwEl[0] | outputs: PostInferEl7AsyncHwEl(running in thread_id: 7183)
[2025-09-12 13:00:22.191] [7156] [HailoRT] [info] [pipeline.cpp:891] [print_deep_description] PostInferEl7AsyncHwEl | inputs: PushQEl7AsyncHwEl[0] | outputs: LastAsyncEl0PostInferEl7AsyncHwEl
[2025-09-12 13:00:22.191] [7156] [HailoRT] [info] [pipeline.cpp:891] [print_deep_description] LastAsyncEl0PostInferEl7AsyncHwEl | inputs: PostInferEl7AsyncHwEl[0] | outputs: user
[2025-09-12 13:00:22.191] [7156] [HailoRT] [info] [pipeline.cpp:891] [print_deep_description] LastAsyncEl8AsyncHwEl | inputs: AsyncHwEl[0] | outputs: user
[2025-09-12 13:00:22.196] [7156] [HailoRT] [info] [hef.cpp:1929] [get_network_group_and_network_name] No name was given. Addressing all networks of default network_group: yolov8m_pose
[2025-09-12 14:05:27.851] [7378] [HailoRT] [info] [device.cpp:49] [Device] OS Version: Linux 6.12.34+rpt-rpi-2712 #1 SMP PREEMPT Debian 1:6.12.34-1+rpt1~bookworm (2025-06-26) aarch64
[2025-09-12 14:05:27.852] [7378] [HailoRT] [info] [control.cpp:108] [control__parse_identify_results] firmware_version is: 4.20.0
[2025-09-12 14:05:27.853] [7378] [HailoRT] [info] [control.cpp:108] [control__parse_identify_results] firmware_version is: 4.20.0
[2025-09-12 14:05:27.900] [7386] [HailoRT] [info] [device.cpp:49] [Device] OS Version: Linux 6.12.34+rpt-rpi-2712 #1 SMP PREEMPT Debian 1:6.12.34-1+rpt1~bookworm (2025-06-26) aarch64
[2025-09-12 14:05:27.901] [7386] [HailoRT] [info] [control.cpp:108] [control__parse_identify_results] firmware_version is: 4.20.0
[2025-09-12 14:05:27.902] [7386] [HailoRT] [info] [control.cpp:108] [control__parse_identify_results] firmware_version is: 4.20.0
[2025-09-12 14:05:27.956] [7394] [HailoRT] [info] [device.cpp:49] [Device] OS Version: Linux 6.12.34+rpt-rpi-2712 #1 SMP PREEMPT Debian 1:6.12.34-1+rpt1~bookworm (2025-06-26) aarch64
[2025-09-12 14:05:27.957] [7394] [HailoRT] [info] [control.cpp:108] [control__parse_identify_results] firmware_version is: 4.20.0
[2025-09-12 14:05:27.958] [7394] [HailoRT] [info] [control.cpp:108] [control__parse_identify_results] firmware_version is: 4.20.0
[2025-09-12 14:05:28.030] [7367] [HailoRT] [info] [vdevice.cpp:523] [create] Creating vdevice with params: device_count: 1, scheduling_algorithm: ROUND_ROBIN, multi_process_service: false
[2025-09-12 14:05:28.043] [7367] [HailoRT] [info] [device.cpp:49] [Device] OS Version: Linux 6.12.34+rpt-rpi-2712 #1 SMP PREEMPT Debian 1:6.12.34-1+rpt1~bookworm (2025-06-26) aarch64
[2025-09-12 14:05:28.044] [7367] [HailoRT] [info] [control.cpp:108] [control__parse_identify_results] firmware_version is: 4.20.0
[2025-09-12 14:05:28.044] [7367] [HailoRT] [info] [vdevice.cpp:651] [create] VDevice Infos: 0001:01:00.0
[2025-09-12 14:05:28.144] [7367] [HailoRT] [info] [hef.cpp:1929] [get_network_group_and_network_name] No name was given. Addressing all networks of default network_group: yolov8m_pose
[2025-09-12 14:05:28.144] [7367] [HailoRT] [info] [hef.cpp:1929] [get_network_group_and_network_name] No name was given. Addressing all networks of default network_group: yolov8m_pose
[2025-09-12 14:05:28.300] [7419] [HailoRT] [info] [internal_buffer_manager.cpp:204] [print_execution_results] Planned internal buffer memory: CMA memory 0, user memory 7300608. memory to edge layer usage factor is 1
[2025-09-12 14:05:28.300] [7419] [HailoRT] [info] [internal_buffer_manager.cpp:212] [print_execution_results] Default Internal buffer planner executed successfully
[2025-09-12 14:05:28.369] [7419] [HailoRT] [info] [device_internal.cpp:57] [configure] Configuring HEF took 96.595458 milliseconds
[2025-09-12 14:05:28.369] [7419] [HailoRT] [info] [vdevice.cpp:749] [configure] Configuring HEF on VDevice took 98.216801 milliseconds
[2025-09-12 14:05:28.369] [7419] [HailoRT] [info] [infer_model.cpp:436] [configure] Configuring network group 'yolov8m_pose' with params: batch size: 2, power mode: PERFORMANCE, latency: NONE
[2025-09-12 14:05:28.369] [7419] [HailoRT] [info] [multi_io_elements.cpp:756] [create] Created (AsyncHwEl)
[2025-09-12 14:05:28.369] [7419] [HailoRT] [info] [queue_elements.cpp:450] [create] Created (EntryPushQEl0yolov8m_pose/input_layer1 | timeout: 10s)
[2025-09-12 14:05:28.369] [7419] [HailoRT] [info] [filter_elements.cpp:101] [create] Created (PreInferEl1yolov8m_pose/input_layer1 | Reorder - src_order: RGB4, src_shape: (640, 640, 3), dst_order: NHWC, dst_shape: (640, 640, 3))
[2025-09-12 14:05:28.369] [7419] [HailoRT] [info] [queue_elements.cpp:450] [create] Created (PushQEl1yolov8m_pose/input_layer1 | timeout: 10s)
[2025-09-12 14:05:28.369] [7419] [HailoRT] [info] [edge_elements.cpp:187] [create] Created (LastAsyncEl4AsyncHwEl)
[2025-09-12 14:05:28.369] [7419] [HailoRT] [info] [queue_elements.cpp:450] [create] Created (PushQEl5AsyncHwEl | timeout: 10s)
[2025-09-12 14:05:28.369] [7419] [HailoRT] [info] [filter_elements.cpp:375] [create] Created (PostInferEl5AsyncHwEl | Reorder - src_order: FCR, src_shape: (40, 40, 56), dst_order: FCR, dst_shape: (40, 40, 51))
[2025-09-12 14:05:28.369] [7419] [HailoRT] [info] [edge_elements.cpp:187] [create] Created (LastAsyncEl0PostInferEl5AsyncHwEl)
[2025-09-12 14:05:28.369] [7419] [HailoRT] [info] [edge_elements.cpp:187] [create] Created (LastAsyncEl1AsyncHwEl)
[2025-09-12 14:05:28.369] [7419] [HailoRT] [info] [queue_elements.cpp:450] [create] Created (PushQEl2AsyncHwEl | timeout: 10s)
[2025-09-12 14:05:28.369] [7419] [HailoRT] [info] [filter_elements.cpp:375] [create] Created (PostInferEl2AsyncHwEl | Reorder - src_order: FCR, src_shape: (20, 20, 56), dst_order: FCR, dst_shape: (20, 20, 51))
[2025-09-12 14:05:28.370] [7419] [HailoRT] [info] [edge_elements.cpp:187] [create] Created (LastAsyncEl0PostInferEl2AsyncHwEl)
[2025-09-12 14:05:28.370] [7419] [HailoRT] [info] [edge_elements.cpp:187] [create] Created (LastAsyncEl3AsyncHwEl)
[2025-09-12 14:05:28.370] [7419] [HailoRT] [info] [edge_elements.cpp:187] [create] Created (LastAsyncEl0AsyncHwEl)
[2025-09-12 14:05:28.370] [7419] [HailoRT] [info] [edge_elements.cpp:187] [create] Created (LastAsyncEl8AsyncHwEl)
[2025-09-12 14:05:28.370] [7419] [HailoRT] [info] [edge_elements.cpp:187] [create] Created (LastAsyncEl6AsyncHwEl)
[2025-09-12 14:05:28.370] [7419] [HailoRT] [info] [queue_elements.cpp:450] [create] Created (PushQEl7AsyncHwEl | timeout: 10s)
[2025-09-12 14:05:28.370] [7419] [HailoRT] [info] [filter_elements.cpp:375] [create] Created (PostInferEl7AsyncHwEl | Reorder - src_order: FCR, src_shape: (80, 80, 56), dst_order: FCR, dst_shape: (80, 80, 51))
[2025-09-12 14:05:28.370] [7419] [HailoRT] [info] [edge_elements.cpp:187] [create] Created (LastAsyncEl0PostInferEl7AsyncHwEl)
[2025-09-12 14:05:28.370] [7419] [HailoRT] [info] [pipeline.cpp:891] [print_deep_description] EntryPushQEl0yolov8m_pose/input_layer1 | inputs: user | outputs: PreInferEl1yolov8m_pose/input_layer1(running in thread_id: 7442)
[2025-09-12 14:05:28.370] [7419] [HailoRT] [info] [pipeline.cpp:891] [print_deep_description] PreInferEl1yolov8m_pose/input_layer1 | inputs: EntryPushQEl0yolov8m_pose/input_layer1[0] | outputs: PushQEl1yolov8m_pose/input_layer1
[2025-09-12 14:05:28.370] [7419] [HailoRT] [info] [pipeline.cpp:891] [print_deep_description] PushQEl1yolov8m_pose/input_layer1 | inputs: PreInferEl1yolov8m_pose/input_layer1[0] | outputs: AsyncHwEl(running in thread_id: 7443)
[2025-09-12 14:05:28.370] [7419] [HailoRT] [info] [pipeline.cpp:891] [print_deep_description] AsyncHwEl | inputs: PushQEl1yolov8m_pose/input_layer1[0] | outputs: LastAsyncEl0AsyncHwEl LastAsyncEl1AsyncHwEl PushQEl2AsyncHwEl LastAsyncEl3AsyncHwEl LastAsyncEl4AsyncHwEl PushQEl5AsyncHwEl LastAsyncEl6AsyncHwEl PushQEl7AsyncHwEl LastAsyncEl8AsyncHwEl
[2025-09-12 14:05:28.370] [7419] [HailoRT] [info] [pipeline.cpp:891] [print_deep_description] LastAsyncEl0AsyncHwEl | inputs: AsyncHwEl[0] | outputs: user
[2025-09-12 14:05:28.370] [7419] [HailoRT] [info] [pipeline.cpp:891] [print_deep_description] LastAsyncEl1AsyncHwEl | inputs: AsyncHwEl[0] | outputs: user
[2025-09-12 14:05:28.370] [7419] [HailoRT] [info] [pipeline.cpp:891] [print_deep_description] PushQEl2AsyncHwEl | inputs: AsyncHwEl[0] | outputs: PostInferEl2AsyncHwEl(running in thread_id: 7445)
[2025-09-12 14:05:28.370] [7419] [HailoRT] [info] [pipeline.cpp:891] [print_deep_description] PostInferEl2AsyncHwEl | inputs: PushQEl2AsyncHwEl[0] | outputs: LastAsyncEl0PostInferEl2AsyncHwEl
[2025-09-12 14:05:28.370] [7419] [HailoRT] [info] [pipeline.cpp:891] [print_deep_description] LastAsyncEl0PostInferEl2AsyncHwEl | inputs: PostInferEl2AsyncHwEl[0] | outputs: user
[2025-09-12 14:05:28.370] [7419] [HailoRT] [info] [pipeline.cpp:891] [print_deep_description] LastAsyncEl3AsyncHwEl | inputs: AsyncHwEl[0] | outputs: user
[2025-09-12 14:05:28.370] [7419] [HailoRT] [info] [pipeline.cpp:891] [print_deep_description] LastAsyncEl4AsyncHwEl | inputs: AsyncHwEl[0] | outputs: user
[2025-09-12 14:05:28.370] [7419] [HailoRT] [info] [pipeline.cpp:891] [print_deep_description] PushQEl5AsyncHwEl | inputs: AsyncHwEl[0] | outputs: PostInferEl5AsyncHwEl(running in thread_id: 7444)
[2025-09-12 14:05:28.370] [7419] [HailoRT] [info] [pipeline.cpp:891] [print_deep_description] PostInferEl5AsyncHwEl | inputs: PushQEl5AsyncHwEl[0] | outputs: LastAsyncEl0PostInferEl5AsyncHwEl
[2025-09-12 14:05:28.370] [7419] [HailoRT] [info] [pipeline.cpp:891] [print_deep_description] LastAsyncEl0PostInferEl5AsyncHwEl | inputs: PostInferEl5AsyncHwEl[0] | outputs: user
[2025-09-12 14:05:28.370] [7419] [HailoRT] [info] [pipeline.cpp:891] [print_deep_description] LastAsyncEl6AsyncHwEl | inputs: AsyncHwEl[0] | outputs: user
[2025-09-12 14:05:28.370] [7419] [HailoRT] [info] [pipeline.cpp:891] [print_deep_description] PushQEl7AsyncHwEl | inputs: AsyncHwEl[0] | outputs: PostInferEl7AsyncHwEl(running in thread_id: 7446)
[2025-09-12 14:05:28.370] [7419] [HailoRT] [info] [pipeline.cpp:891] [print_deep_description] PostInferEl7AsyncHwEl | inputs: PushQEl7AsyncHwEl[0] | outputs: LastAsyncEl0PostInferEl7AsyncHwEl
[2025-09-12 14:05:28.370] [7419] [HailoRT] [info] [pipeline.cpp:891] [print_deep_description] LastAsyncEl0PostInferEl7AsyncHwEl | inputs: PostInferEl7AsyncHwEl[0] | outputs: user
[2025-09-12 14:05:28.370] [7419] [HailoRT] [info] [pipeline.cpp:891] [print_deep_description] LastAsyncEl8AsyncHwEl | inputs: AsyncHwEl[0] | outputs: user
[2025-09-12 14:05:28.375] [7419] [HailoRT] [info] [hef.cpp:1929] [get_network_group_and_network_name] No name was given. Addressing all networks of default network_group: yolov8m_pose
[2025-09-12 14:07:53.812] [7519] [HailoRT] [info] [device.cpp:49] [Device] OS Version: Linux 6.12.34+rpt-rpi-2712 #1 SMP PREEMPT Debian 1:6.12.34-1+rpt1~bookworm (2025-06-26) aarch64
[2025-09-12 14:07:53.813] [7519] [HailoRT] [info] [control.cpp:108] [control__parse_identify_results] firmware_version is: 4.20.0
[2025-09-12 14:07:53.814] [7519] [HailoRT] [info] [control.cpp:108] [control__parse_identify_results] firmware_version is: 4.20.0
[2025-09-12 14:07:53.872] [7527] [HailoRT] [info] [device.cpp:49] [Device] OS Version: Linux 6.12.34+rpt-rpi-2712 #1 SMP PREEMPT Debian 1:6.12.34-1+rpt1~bookworm (2025-06-26) aarch64
[2025-09-12 14:07:53.873] [7527] [HailoRT] [info] [control.cpp:108] [control__parse_identify_results] firmware_version is: 4.20.0
[2025-09-12 14:07:53.874] [7527] [HailoRT] [info] [control.cpp:108] [control__parse_identify_results] firmware_version is: 4.20.0
[2025-09-12 14:07:53.932] [7535] [HailoRT] [info] [device.cpp:49] [Device] OS Version: Linux 6.12.34+rpt-rpi-2712 #1 SMP PREEMPT Debian 1:6.12.34-1+rpt1~bookworm (2025-06-26) aarch64
[2025-09-12 14:07:53.933] [7535] [HailoRT] [info] [control.cpp:108] [control__parse_identify_results] firmware_version is: 4.20.0
[2025-09-12 14:07:53.934] [7535] [HailoRT] [info] [control.cpp:108] [control__parse_identify_results] firmware_version is: 4.20.0
[2025-09-12 14:07:54.002] [7508] [HailoRT] [info] [vdevice.cpp:523] [create] Creating vdevice with params: device_count: 1, scheduling_algorithm: ROUND_ROBIN, multi_process_service: false
[2025-09-12 14:07:54.015] [7508] [HailoRT] [info] [device.cpp:49] [Device] OS Version: Linux 6.12.34+rpt-rpi-2712 #1 SMP PREEMPT Debian 1:6.12.34-1+rpt1~bookworm (2025-06-26) aarch64
[2025-09-12 14:07:54.016] [7508] [HailoRT] [info] [control.cpp:108] [control__parse_identify_results] firmware_version is: 4.20.0
[2025-09-12 14:07:54.016] [7508] [HailoRT] [info] [vdevice.cpp:651] [create] VDevice Infos: 0001:01:00.0
[2025-09-12 14:07:54.116] [7508] [HailoRT] [info] [hef.cpp:1929] [get_network_group_and_network_name] No name was given. Addressing all networks of default network_group: yolov8m_pose
[2025-09-12 14:07:54.116] [7508] [HailoRT] [info] [hef.cpp:1929] [get_network_group_and_network_name] No name was given. Addressing all networks of default network_group: yolov8m_pose
[2025-09-12 14:08:29.168] [7591] [HailoRT] [info] [device.cpp:49] [Device] OS Version: Linux 6.12.34+rpt-rpi-2712 #1 SMP PREEMPT Debian 1:6.12.34-1+rpt1~bookworm (2025-06-26) aarch64
[2025-09-12 14:08:29.169] [7591] [HailoRT] [info] [control.cpp:108] [control__parse_identify_results] firmware_version is: 4.20.0
[2025-09-12 14:08:29.170] [7591] [HailoRT] [info] [control.cpp:108] [control__parse_identify_results] firmware_version is: 4.20.0
[2025-09-12 14:08:29.224] [7599] [HailoRT] [info] [device.cpp:49] [Device] OS Version: Linux 6.12.34+rpt-rpi-2712 #1 SMP PREEMPT Debian 1:6.12.34-1+rpt1~bookworm (2025-06-26) aarch64
[2025-09-12 14:08:29.225] [7599] [HailoRT] [info] [control.cpp:108] [control__parse_identify_results] firmware_version is: 4.20.0
[2025-09-12 14:08:29.226] [7599] [HailoRT] [info] [control.cpp:108] [control__parse_identify_results] firmware_version is: 4.20.0
[2025-09-12 14:08:29.284] [7607] [HailoRT] [info] [device.cpp:49] [Device] OS Version: Linux 6.12.34+rpt-rpi-2712 #1 SMP PREEMPT Debian 1:6.12.34-1+rpt1~bookworm (2025-06-26) aarch64
[2025-09-12 14:08:29.285] [7607] [HailoRT] [info] [control.cpp:108] [control__parse_identify_results] firmware_version is: 4.20.0
[2025-09-12 14:08:29.286] [7607] [HailoRT] [info] [control.cpp:108] [control__parse_identify_results] firmware_version is: 4.20.0
[2025-09-12 14:08:29.358] [7580] [HailoRT] [info] [vdevice.cpp:523] [create] Creating vdevice with params: device_count: 1, scheduling_algorithm: ROUND_ROBIN, multi_process_service: false
[2025-09-12 14:08:29.371] [7580] [HailoRT] [info] [device.cpp:49] [Device] OS Version: Linux 6.12.34+rpt-rpi-2712 #1 SMP PREEMPT Debian 1:6.12.34-1+rpt1~bookworm (2025-06-26) aarch64
[2025-09-12 14:08:29.372] [7580] [HailoRT] [info] [control.cpp:108] [control__parse_identify_results] firmware_version is: 4.20.0
[2025-09-12 14:08:29.372] [7580] [HailoRT] [info] [vdevice.cpp:651] [create] VDevice Infos: 0001:01:00.0
[2025-09-12 14:08:29.472] [7580] [HailoRT] [info] [hef.cpp:1929] [get_network_group_and_network_name] No name was given. Addressing all networks of default network_group: yolov8m_pose
[2025-09-12 14:08:29.472] [7580] [HailoRT] [info] [hef.cpp:1929] [get_network_group_and_network_name] No name was given. Addressing all networks of default network_group: yolov8m_pose
[2025-09-12 14:12:31.028] [7686] [HailoRT] [info] [device.cpp:49] [Device] OS Version: Linux 6.12.34+rpt-rpi-2712 #1 SMP PREEMPT Debian 1:6.12.34-1+rpt1~bookworm (2025-06-26) aarch64
[2025-09-12 14:12:31.029] [7686] [HailoRT] [info] [control.cpp:108] [control__parse_identify_results] firmware_version is: 4.20.0
[2025-09-12 14:12:31.030] [7686] [HailoRT] [info] [control.cpp:108] [control__parse_identify_results] firmware_version is: 4.20.0
[2025-09-12 14:12:31.084] [7694] [HailoRT] [info] [device.cpp:49] [Device] OS Version: Linux 6.12.34+rpt-rpi-2712 #1 SMP PREEMPT Debian 1:6.12.34-1+rpt1~bookworm (2025-06-26) aarch64
[2025-09-12 14:12:31.085] [7694] [HailoRT] [info] [control.cpp:108] [control__parse_identify_results] firmware_version is: 4.20.0
[2025-09-12 14:12:31.086] [7694] [HailoRT] [info] [control.cpp:108] [control__parse_identify_results] firmware_version is: 4.20.0
[2025-09-12 14:12:31.140] [7702] [HailoRT] [info] [device.cpp:49] [Device] OS Version: Linux 6.12.34+rpt-rpi-2712 #1 SMP PREEMPT Debian 1:6.12.34-1+rpt1~bookworm (2025-06-26) aarch64
[2025-09-12 14:12:31.141] [7702] [HailoRT] [info] [control.cpp:108] [control__parse_identify_results] firmware_version is: 4.20.0
[2025-09-12 14:12:31.142] [7702] [HailoRT] [info] [control.cpp:108] [control__parse_identify_results] firmware_version is: 4.20.0
[2025-09-12 14:12:31.206] [7675] [HailoRT] [info] [vdevice.cpp:523] [create] Creating vdevice with params: device_count: 1, scheduling_algorithm: ROUND_ROBIN, multi_process_service: false
[2025-09-12 14:12:31.218] [7675] [HailoRT] [info] [device.cpp:49] [Device] OS Version: Linux 6.12.34+rpt-rpi-2712 #1 SMP PREEMPT Debian 1:6.12.34-1+rpt1~bookworm (2025-06-26) aarch64
[2025-09-12 14:12:31.220] [7675] [HailoRT] [info] [control.cpp:108] [control__parse_identify_results] firmware_version is: 4.20.0
[2025-09-12 14:12:31.220] [7675] [HailoRT] [info] [vdevice.cpp:651] [create] VDevice Infos: 0001:01:00.0
[2025-09-12 14:12:31.320] [7675] [HailoRT] [info] [hef.cpp:1929] [get_network_group_and_network_name] No name was given. Addressing all networks of default network_group: yolov8m_pose
[2025-09-12 14:12:31.320] [7675] [HailoRT] [info] [hef.cpp:1929] [get_network_group_and_network_name] No name was given. Addressing all networks of default network_group: yolov8m_pose
[2025-09-12 14:19:17.912] [7782] [HailoRT] [info] [device.cpp:49] [Device] OS Version: Linux 6.12.34+rpt-rpi-2712 #1 SMP PREEMPT Debian 1:6.12.34-1+rpt1~bookworm (2025-06-26) aarch64
[2025-09-12 14:19:17.913] [7782] [HailoRT] [info] [control.cpp:108] [control__parse_identify_results] firmware_version is: 4.20.0
[2025-09-12 14:19:17.914] [7782] [HailoRT] [info] [control.cpp:108] [control__parse_identify_results] firmware_version is: 4.20.0
[2025-09-12 14:19:17.960] [7790] [HailoRT] [info] [device.cpp:49] [Device] OS Version: Linux 6.12.34+rpt-rpi-2712 #1 SMP PREEMPT Debian 1:6.12.34-1+rpt1~bookworm (2025-06-26) aarch64
[2025-09-12 14:19:17.961] [7790] [HailoRT] [info] [control.cpp:108] [control__parse_identify_results] firmware_version is: 4.20.0
[2025-09-12 14:19:17.962] [7790] [HailoRT] [info] [control.cpp:108] [control__parse_identify_results] firmware_version is: 4.20.0
[2025-09-12 14:19:18.032] [7798] [HailoRT] [info] [device.cpp:49] [Device] OS Version: Linux 6.12.34+rpt-rpi-2712 #1 SMP PREEMPT Debian 1:6.12.34-1+rpt1~bookworm (2025-06-26) aarch64
[2025-09-12 14:19:18.033] [7798] [HailoRT] [info] [control.cpp:108] [control__parse_identify_results] firmware_version is: 4.20.0
[2025-09-12 14:19:18.034] [7798] [HailoRT] [info] [control.cpp:108] [control__parse_identify_results] firmware_version is: 4.20.0
[2025-09-12 14:19:18.103] [7771] [HailoRT] [info] [vdevice.cpp:523] [create] Creating vdevice with params: device_count: 1, scheduling_algorithm: ROUND_ROBIN, multi_process_service: false
[2025-09-12 14:19:18.116] [7771] [HailoRT] [info] [device.cpp:49] [Device] OS Version: Linux 6.12.34+rpt-rpi-2712 #1 SMP PREEMPT Debian 1:6.12.34-1+rpt1~bookworm (2025-06-26) aarch64
[2025-09-12 14:19:18.117] [7771] [HailoRT] [info] [control.cpp:108] [control__parse_identify_results] firmware_version is: 4.20.0
[2025-09-12 14:19:18.117] [7771] [HailoRT] [info] [vdevice.cpp:651] [create] VDevice Infos: 0001:01:00.0
[2025-09-12 14:19:18.219] [7771] [HailoRT] [info] [hef.cpp:1929] [get_network_group_and_network_name] No name was given. Addressing all networks of default network_group: yolov8m_pose
[2025-09-12 14:19:18.219] [7771] [HailoRT] [info] [hef.cpp:1929] [get_network_group_and_network_name] No name was given. Addressing all networks of default network_group: yolov8m_pose
[2025-09-12 14:21:04.538] [7853] [HailoRT] [info] [device.cpp:49] [Device] OS Version: Linux 6.12.34+rpt-rpi-2712 #1 SMP PREEMPT Debian 1:6.12.34-1+rpt1~bookworm (2025-06-26) aarch64
[2025-09-12 14:21:04.540] [7853] [HailoRT] [info] [control.cpp:108] [control__parse_identify_results] firmware_version is: 4.20.0
[2025-09-12 14:21:04.541] [7853] [HailoRT] [info] [control.cpp:108] [control__parse_identify_results] firmware_version is: 4.20.0
[2025-09-12 14:21:04.592] [7861] [HailoRT] [info] [device.cpp:49] [Device] OS Version: Linux 6.12.34+rpt-rpi-2712 #1 SMP PREEMPT Debian 1:6.12.34-1+rpt1~bookworm (2025-06-26) aarch64
[2025-09-12 14:21:04.593] [7861] [HailoRT] [info] [control.cpp:108] [control__parse_identify_results] firmware_version is: 4.20.0
[2025-09-12 14:21:04.594] [7861] [HailoRT] [info] [control.cpp:108] [control__parse_identify_results] firmware_version is: 4.20.0
[2025-09-12 14:21:04.656] [7869] [HailoRT] [info] [device.cpp:49] [Device] OS Version: Linux 6.12.34+rpt-rpi-2712 #1 SMP PREEMPT Debian 1:6.12.34-1+rpt1~bookworm (2025-06-26) aarch64
[2025-09-12 14:21:04.657] [7869] [HailoRT] [info] [control.cpp:108] [control__parse_identify_results] firmware_version is: 4.20.0
[2025-09-12 14:21:04.658] [7869] [HailoRT] [info] [control.cpp:108] [control__parse_identify_results] firmware_version is: 4.20.0
[2025-09-12 14:21:04.726] [7842] [HailoRT] [info] [vdevice.cpp:523] [create] Creating vdevice with params: device_count: 1, scheduling_algorithm: ROUND_ROBIN, multi_process_service: false
[2025-09-12 14:21:04.738] [7842] [HailoRT] [info] [device.cpp:49] [Device] OS Version: Linux 6.12.34+rpt-rpi-2712 #1 SMP PREEMPT Debian 1:6.12.34-1+rpt1~bookworm (2025-06-26) aarch64
[2025-09-12 14:21:04.740] [7842] [HailoRT] [info] [control.cpp:108] [control__parse_identify_results] firmware_version is: 4.20.0
[2025-09-12 14:21:04.740] [7842] [HailoRT] [info] [vdevice.cpp:651] [create] VDevice Infos: 0001:01:00.0
[2025-09-12 14:21:04.840] [7842] [HailoRT] [info] [hef.cpp:1929] [get_network_group_and_network_name] No name was given. Addressing all networks of default network_group: yolov8m_pose
[2025-09-12 14:21:04.840] [7842] [HailoRT] [info] [hef.cpp:1929] [get_network_group_and_network_name] No name was given. Addressing all networks of default network_group: yolov8m_pose
[2025-09-12 14:21:04.985] [7894] [HailoRT] [info] [internal_buffer_manager.cpp:204] [print_execution_results] Planned internal buffer memory: CMA memory 0, user memory 7300608. memory to edge layer usage factor is 1
[2025-09-12 14:21:04.985] [7894] [HailoRT] [info] [internal_buffer_manager.cpp:212] [print_execution_results] Default Internal buffer planner executed successfully
[2025-09-12 14:21:05.062] [7894] [HailoRT] [info] [device_internal.cpp:57] [configure] Configuring HEF took 95.66568 milliseconds
[2025-09-12 14:21:05.062] [7894] [HailoRT] [info] [vdevice.cpp:749] [configure] Configuring HEF on VDevice took 97.211948 milliseconds
[2025-09-12 14:21:05.062] [7894] [HailoRT] [info] [infer_model.cpp:436] [configure] Configuring network group 'yolov8m_pose' with params: batch size: 2, power mode: PERFORMANCE, latency: NONE
[2025-09-12 14:21:05.062] [7894] [HailoRT] [info] [multi_io_elements.cpp:756] [create] Created (AsyncHwEl)
[2025-09-12 14:21:05.062] [7894] [HailoRT] [info] [queue_elements.cpp:450] [create] Created (EntryPushQEl0yolov8m_pose/input_layer1 | timeout: 10s)
[2025-09-12 14:21:05.062] [7894] [HailoRT] [info] [filter_elements.cpp:101] [create] Created (PreInferEl1yolov8m_pose/input_layer1 | Reorder - src_order: RGB4, src_shape: (640, 640, 3), dst_order: NHWC, dst_shape: (640, 640, 3))
[2025-09-12 14:21:05.062] [7894] [HailoRT] [info] [queue_elements.cpp:450] [create] Created (PushQEl1yolov8m_pose/input_layer1 | timeout: 10s)
[2025-09-12 14:21:05.062] [7894] [HailoRT] [info] [edge_elements.cpp:187] [create] Created (LastAsyncEl4AsyncHwEl)
[2025-09-12 14:21:05.063] [7894] [HailoRT] [info] [queue_elements.cpp:450] [create] Created (PushQEl5AsyncHwEl | timeout: 10s)
[2025-09-12 14:21:05.063] [7894] [HailoRT] [info] [filter_elements.cpp:375] [create] Created (PostInferEl5AsyncHwEl | Reorder - src_order: FCR, src_shape: (40, 40, 56), dst_order: FCR, dst_shape: (40, 40, 51))
[2025-09-12 14:21:05.063] [7894] [HailoRT] [info] [edge_elements.cpp:187] [create] Created (LastAsyncEl0PostInferEl5AsyncHwEl)
[2025-09-12 14:21:05.063] [7894] [HailoRT] [info] [edge_elements.cpp:187] [create] Created (LastAsyncEl1AsyncHwEl)
[2025-09-12 14:21:05.063] [7894] [HailoRT] [info] [queue_elements.cpp:450] [create] Created (PushQEl2AsyncHwEl | timeout: 10s)
[2025-09-12 14:21:05.063] [7894] [HailoRT] [info] [filter_elements.cpp:375] [create] Created (PostInferEl2AsyncHwEl | Reorder - src_order: FCR, src_shape: (20, 20, 56), dst_order: FCR, dst_shape: (20, 20, 51))
[2025-09-12 14:21:05.063] [7894] [HailoRT] [info] [edge_elements.cpp:187] [create] Created (LastAsyncEl0PostInferEl2AsyncHwEl)
[2025-09-12 14:21:05.063] [7894] [HailoRT] [info] [edge_elements.cpp:187] [create] Created (LastAsyncEl3AsyncHwEl)
[2025-09-12 14:21:05.063] [7894] [HailoRT] [info] [edge_elements.cpp:187] [create] Created (LastAsyncEl0AsyncHwEl)
[2025-09-12 14:21:05.063] [7894] [HailoRT] [info] [edge_elements.cpp:187] [create] Created (LastAsyncEl8AsyncHwEl)
[2025-09-12 14:21:05.063] [7894] [HailoRT] [info] [edge_elements.cpp:187] [create] Created (LastAsyncEl6AsyncHwEl)
[2025-09-12 14:21:05.063] [7894] [HailoRT] [info] [queue_elements.cpp:450] [create] Created (PushQEl7AsyncHwEl | timeout: 10s)
[2025-09-12 14:21:05.063] [7894] [HailoRT] [info] [filter_elements.cpp:375] [create] Created (PostInferEl7AsyncHwEl | Reorder - src_order: FCR, src_shape: (80, 80, 56), dst_order: FCR, dst_shape: (80, 80, 51))
[2025-09-12 14:21:05.063] [7894] [HailoRT] [info] [edge_elements.cpp:187] [create] Created (LastAsyncEl0PostInferEl7AsyncHwEl)
[2025-09-12 14:21:05.063] [7894] [HailoRT] [info] [pipeline.cpp:891] [print_deep_description] EntryPushQEl0yolov8m_pose/input_layer1 | inputs: user | outputs: PreInferEl1yolov8m_pose/input_layer1(running in thread_id: 7919)
[2025-09-12 14:21:05.063] [7894] [HailoRT] [info] [pipeline.cpp:891] [print_deep_description] PreInferEl1yolov8m_pose/input_layer1 | inputs: EntryPushQEl0yolov8m_pose/input_layer1[0] | outputs: PushQEl1yolov8m_pose/input_layer1
[2025-09-12 14:21:05.063] [7894] [HailoRT] [info] [pipeline.cpp:891] [print_deep_description] PushQEl1yolov8m_pose/input_layer1 | inputs: PreInferEl1yolov8m_pose/input_layer1[0] | outputs: AsyncHwEl(running in thread_id: 7920)
[2025-09-12 14:21:05.063] [7894] [HailoRT] [info] [pipeline.cpp:891] [print_deep_description] AsyncHwEl | inputs: PushQEl1yolov8m_pose/input_layer1[0] | outputs: LastAsyncEl0AsyncHwEl LastAsyncEl1AsyncHwEl PushQEl2AsyncHwEl LastAsyncEl3AsyncHwEl LastAsyncEl4AsyncHwEl PushQEl5AsyncHwEl LastAsyncEl6AsyncHwEl PushQEl7AsyncHwEl LastAsyncEl8AsyncHwEl
[2025-09-12 14:21:05.063] [7894] [HailoRT] [info] [pipeline.cpp:891] [print_deep_description] LastAsyncEl0AsyncHwEl | inputs: AsyncHwEl[0] | outputs: user
[2025-09-12 14:21:05.063] [7894] [HailoRT] [info] [pipeline.cpp:891] [print_deep_description] LastAsyncEl1AsyncHwEl | inputs: AsyncHwEl[0] | outputs: user
[2025-09-12 14:21:05.063] [7894] [HailoRT] [info] [pipeline.cpp:891] [print_deep_description] PushQEl2AsyncHwEl | inputs: AsyncHwEl[0] | outputs: PostInferEl2AsyncHwEl(running in thread_id: 7922)
[2025-09-12 14:21:05.063] [7894] [HailoRT] [info] [pipeline.cpp:891] [print_deep_description] PostInferEl2AsyncHwEl | inputs: PushQEl2AsyncHwEl[0] | outputs: LastAsyncEl0PostInferEl2AsyncHwEl
[2025-09-12 14:21:05.063] [7894] [HailoRT] [info] [pipeline.cpp:891] [print_deep_description] LastAsyncEl0PostInferEl2AsyncHwEl | inputs: PostInferEl2AsyncHwEl[0] | outputs: user
[2025-09-12 14:21:05.063] [7894] [HailoRT] [info] [pipeline.cpp:891] [print_deep_description] LastAsyncEl3AsyncHwEl | inputs: AsyncHwEl[0] | outputs: user
[2025-09-12 14:21:05.063] [7894] [HailoRT] [info] [pipeline.cpp:891] [print_deep_description] LastAsyncEl4AsyncHwEl | inputs: AsyncHwEl[0] | outputs: user
[2025-09-12 14:21:05.063] [7894] [HailoRT] [info] [pipeline.cpp:891] [print_deep_description] PushQEl5AsyncHwEl | inputs: AsyncHwEl[0] | outputs: PostInferEl5AsyncHwEl(running in thread_id: 7921)
[2025-09-12 14:21:05.063] [7894] [HailoRT] [info] [pipeline.cpp:891] [print_deep_description] PostInferEl5AsyncHwEl | inputs: PushQEl5AsyncHwEl[0] | outputs: LastAsyncEl0PostInferEl5AsyncHwEl
[2025-09-12 14:21:05.063] [7894] [HailoRT] [info] [pipeline.cpp:891] [print_deep_description] LastAsyncEl0PostInferEl5AsyncHwEl | inputs: PostInferEl5AsyncHwEl[0] | outputs: user
[2025-09-12 14:21:05.063] [7894] [HailoRT] [info] [pipeline.cpp:891] [print_deep_description] LastAsyncEl6AsyncHwEl | inputs: AsyncHwEl[0] | outputs: user
[2025-09-12 14:21:05.063] [7894] [HailoRT] [info] [pipeline.cpp:891] [print_deep_description] PushQEl7AsyncHwEl | inputs: AsyncHwEl[0] | outputs: PostInferEl7AsyncHwEl(running in thread_id: 7923)
[2025-09-12 14:21:05.063] [7894] [HailoRT] [info] [pipeline.cpp:891] [print_deep_description] PostInferEl7AsyncHwEl | inputs: PushQEl7AsyncHwEl[0] | outputs: LastAsyncEl0PostInferEl7AsyncHwEl
[2025-09-12 14:21:05.063] [7894] [HailoRT] [info] [pipeline.cpp:891] [print_deep_description] LastAsyncEl0PostInferEl7AsyncHwEl | inputs: PostInferEl7AsyncHwEl[0] | outputs: user
[2025-09-12 14:21:05.063] [7894] [HailoRT] [info] [pipeline.cpp:891] [print_deep_description] LastAsyncEl8AsyncHwEl | inputs: AsyncHwEl[0] | outputs: user
[2025-09-12 14:21:05.068] [7894] [HailoRT] [info] [hef.cpp:1929] [get_network_group_and_network_name] No name was given. Addressing all networks of default network_group: yolov8m_pose
[2025-09-12 14:22:25.715] [7946] [HailoRT] [info] [device.cpp:49] [Device] OS Version: Linux 6.12.34+rpt-rpi-2712 #1 SMP PREEMPT Debian 1:6.12.34-1+rpt1~bookworm (2025-06-26) aarch64
[2025-09-12 14:22:25.716] [7946] [HailoRT] [info] [control.cpp:108] [control__parse_identify_results] firmware_version is: 4.20.0
[2025-09-12 14:22:25.717] [7946] [HailoRT] [info] [control.cpp:108] [control__parse_identify_results] firmware_version is: 4.20.0
[2025-09-12 14:22:25.772] [7954] [HailoRT] [info] [device.cpp:49] [Device] OS Version: Linux 6.12.34+rpt-rpi-2712 #1 SMP PREEMPT Debian 1:6.12.34-1+rpt1~bookworm (2025-06-26) aarch64
[2025-09-12 14:22:25.773] [7954] [HailoRT] [info] [control.cpp:108] [control__parse_identify_results] firmware_version is: 4.20.0
[2025-09-12 14:22:25.774] [7954] [HailoRT] [info] [control.cpp:108] [control__parse_identify_results] firmware_version is: 4.20.0
[2025-09-12 14:22:25.832] [7962] [HailoRT] [info] [device.cpp:49] [Device] OS Version: Linux 6.12.34+rpt-rpi-2712 #1 SMP PREEMPT Debian 1:6.12.34-1+rpt1~bookworm (2025-06-26) aarch64
[2025-09-12 14:22:25.833] [7962] [HailoRT] [info] [control.cpp:108] [control__parse_identify_results] firmware_version is: 4.20.0
[2025-09-12 14:22:25.834] [7962] [HailoRT] [info] [control.cpp:108] [control__parse_identify_results] firmware_version is: 4.20.0
[2025-09-12 14:22:25.911] [7935] [HailoRT] [info] [vdevice.cpp:523] [create] Creating vdevice with params: device_count: 1, scheduling_algorithm: ROUND_ROBIN, multi_process_service: false
[2025-09-12 14:22:25.923] [7935] [HailoRT] [info] [device.cpp:49] [Device] OS Version: Linux 6.12.34+rpt-rpi-2712 #1 SMP PREEMPT Debian 1:6.12.34-1+rpt1~bookworm (2025-06-26) aarch64
[2025-09-12 14:22:25.924] [7935] [HailoRT] [info] [control.cpp:108] [control__parse_identify_results] firmware_version is: 4.20.0
[2025-09-12 14:22:25.924] [7935] [HailoRT] [info] [vdevice.cpp:651] [create] VDevice Infos: 0001:01:00.0
[2025-09-12 14:22:26.025] [7935] [HailoRT] [info] [hef.cpp:1929] [get_network_group_and_network_name] No name was given. Addressing all networks of default network_group: yolov8m_pose
[2025-09-12 14:22:26.025] [7935] [HailoRT] [info] [hef.cpp:1929] [get_network_group_and_network_name] No name was given. Addressing all networks of default network_group: yolov8m_pose
[2025-09-12 14:22:26.164] [7987] [HailoRT] [info] [internal_buffer_manager.cpp:204] [print_execution_results] Planned internal buffer memory: CMA memory 0, user memory 7300608. memory to edge layer usage factor is 1
[2025-09-12 14:22:26.164] [7987] [HailoRT] [info] [internal_buffer_manager.cpp:212] [print_execution_results] Default Internal buffer planner executed successfully
[2025-09-12 14:22:26.247] [7987] [HailoRT] [info] [device_internal.cpp:57] [configure] Configuring HEF took 99.895832 milliseconds
[2025-09-12 14:22:26.247] [7987] [HailoRT] [info] [vdevice.cpp:749] [configure] Configuring HEF on VDevice took 100.346333 milliseconds
[2025-09-12 14:22:26.247] [7987] [HailoRT] [info] [infer_model.cpp:436] [configure] Configuring network group 'yolov8m_pose' with params: batch size: 2, power mode: PERFORMANCE, latency: NONE
[2025-09-12 14:22:26.247] [7987] [HailoRT] [info] [multi_io_elements.cpp:756] [create] Created (AsyncHwEl)
[2025-09-12 14:22:26.247] [7987] [HailoRT] [info] [queue_elements.cpp:450] [create] Created (EntryPushQEl0yolov8m_pose/input_layer1 | timeout: 10s)
[2025-09-12 14:22:26.247] [7987] [HailoRT] [info] [filter_elements.cpp:101] [create] Created (PreInferEl1yolov8m_pose/input_layer1 | Reorder - src_order: RGB4, src_shape: (640, 640, 3), dst_order: NHWC, dst_shape: (640, 640, 3))
[2025-09-12 14:22:26.247] [7987] [HailoRT] [info] [queue_elements.cpp:450] [create] Created (PushQEl1yolov8m_pose/input_layer1 | timeout: 10s)
[2025-09-12 14:22:26.247] [7987] [HailoRT] [info] [edge_elements.cpp:187] [create] Created (LastAsyncEl4AsyncHwEl)
[2025-09-12 14:22:26.248] [7987] [HailoRT] [info] [queue_elements.cpp:450] [create] Created (PushQEl5AsyncHwEl | timeout: 10s)
[2025-09-12 14:22:26.248] [7987] [HailoRT] [info] [filter_elements.cpp:375] [create] Created (PostInferEl5AsyncHwEl | Reorder - src_order: FCR, src_shape: (40, 40, 56), dst_order: FCR, dst_shape: (40, 40, 51))
[2025-09-12 14:22:26.248] [7987] [HailoRT] [info] [edge_elements.cpp:187] [create] Created (LastAsyncEl0PostInferEl5AsyncHwEl)
[2025-09-12 14:22:26.248] [7987] [HailoRT] [info] [edge_elements.cpp:187] [create] Created (LastAsyncEl1AsyncHwEl)
[2025-09-12 14:22:26.248] [7987] [HailoRT] [info] [queue_elements.cpp:450] [create] Created (PushQEl2AsyncHwEl | timeout: 10s)
[2025-09-12 14:22:26.248] [7987] [HailoRT] [info] [filter_elements.cpp:375] [create] Created (PostInferEl2AsyncHwEl | Reorder - src_order: FCR, src_shape: (20, 20, 56), dst_order: FCR, dst_shape: (20, 20, 51))
[2025-09-12 14:22:26.248] [7987] [HailoRT] [info] [edge_elements.cpp:187] [create] Created (LastAsyncEl0PostInferEl2AsyncHwEl)
[2025-09-12 14:22:26.248] [7987] [HailoRT] [info] [edge_elements.cpp:187] [create] Created (LastAsyncEl3AsyncHwEl)
[2025-09-12 14:22:26.248] [7987] [HailoRT] [info] [edge_elements.cpp:187] [create] Created (LastAsyncEl0AsyncHwEl)
[2025-09-12 14:22:26.248] [7987] [HailoRT] [info] [edge_elements.cpp:187] [create] Created (LastAsyncEl8AsyncHwEl)
[2025-09-12 14:22:26.248] [7987] [HailoRT] [info] [edge_elements.cpp:187] [create] Created (LastAsyncEl6AsyncHwEl)
[2025-09-12 14:22:26.248] [7987] [HailoRT] [info] [queue_elements.cpp:450] [create] Created (PushQEl7AsyncHwEl | timeout: 10s)
[2025-09-12 14:22:26.248] [7987] [HailoRT] [info] [filter_elements.cpp:375] [create] Created (PostInferEl7AsyncHwEl | Reorder - src_order: FCR, src_shape: (80, 80, 56), dst_order: FCR, dst_shape: (80, 80, 51))
[2025-09-12 14:22:26.248] [7987] [HailoRT] [info] [edge_elements.cpp:187] [create] Created (LastAsyncEl0PostInferEl7AsyncHwEl)
[2025-09-12 14:22:26.248] [7987] [HailoRT] [info] [pipeline.cpp:891] [print_deep_description] EntryPushQEl0yolov8m_pose/input_layer1 | inputs: user | outputs: PreInferEl1yolov8m_pose/input_layer1(running in thread_id: 8009)
[2025-09-12 14:22:26.248] [7987] [HailoRT] [info] [pipeline.cpp:891] [print_deep_description] PreInferEl1yolov8m_pose/input_layer1 | inputs: EntryPushQEl0yolov8m_pose/input_layer1[0] | outputs: PushQEl1yolov8m_pose/input_layer1
[2025-09-12 14:22:26.248] [7987] [HailoRT] [info] [pipeline.cpp:891] [print_deep_description] PushQEl1yolov8m_pose/input_layer1 | inputs: PreInferEl1yolov8m_pose/input_layer1[0] | outputs: AsyncHwEl(running in thread_id: 8010)
[2025-09-12 14:22:26.248] [7987] [HailoRT] [info] [pipeline.cpp:891] [print_deep_description] AsyncHwEl | inputs: PushQEl1yolov8m_pose/input_layer1[0] | outputs: LastAsyncEl0AsyncHwEl LastAsyncEl1AsyncHwEl PushQEl2AsyncHwEl LastAsyncEl3AsyncHwEl LastAsyncEl4AsyncHwEl PushQEl5AsyncHwEl LastAsyncEl6AsyncHwEl PushQEl7AsyncHwEl LastAsyncEl8AsyncHwEl
[2025-09-12 14:22:26.248] [7987] [HailoRT] [info] [pipeline.cpp:891] [print_deep_description] LastAsyncEl0AsyncHwEl | inputs: AsyncHwEl[0] | outputs: user
[2025-09-12 14:22:26.248] [7987] [HailoRT] [info] [pipeline.cpp:891] [print_deep_description] LastAsyncEl1AsyncHwEl | inputs: AsyncHwEl[0] | outputs: user
[2025-09-12 14:22:26.248] [7987] [HailoRT] [info] [pipeline.cpp:891] [print_deep_description] PushQEl2AsyncHwEl | inputs: AsyncHwEl[0] | outputs: PostInferEl2AsyncHwEl(running in thread_id: 8012)
[2025-09-12 14:22:26.248] [7987] [HailoRT] [info] [pipeline.cpp:891] [print_deep_description] PostInferEl2AsyncHwEl | inputs: PushQEl2AsyncHwEl[0] | outputs: LastAsyncEl0PostInferEl2AsyncHwEl
[2025-09-12 14:22:26.248] [7987] [HailoRT] [info] [pipeline.cpp:891] [print_deep_description] LastAsyncEl0PostInferEl2AsyncHwEl | inputs: PostInferEl2AsyncHwEl[0] | outputs: user
[2025-09-12 14:22:26.248] [7987] [HailoRT] [info] [pipeline.cpp:891] [print_deep_description] LastAsyncEl3AsyncHwEl | inputs: AsyncHwEl[0] | outputs: user
[2025-09-12 14:22:26.248] [7987] [HailoRT] [info] [pipeline.cpp:891] [print_deep_description] LastAsyncEl4AsyncHwEl | inputs: AsyncHwEl[0] | outputs: user
[2025-09-12 14:22:26.248] [7987] [HailoRT] [info] [pipeline.cpp:891] [print_deep_description] PushQEl5AsyncHwEl | inputs: AsyncHwEl[0] | outputs: PostInferEl5AsyncHwEl(running in thread_id: 8011)
[2025-09-12 14:22:26.248] [7987] [HailoRT] [info] [pipeline.cpp:891] [print_deep_description] PostInferEl5AsyncHwEl | inputs: PushQEl5AsyncHwEl[0] | outputs: LastAsyncEl0PostInferEl5AsyncHwEl
[2025-09-12 14:22:26.248] [7987] [HailoRT] [info] [pipeline.cpp:891] [print_deep_description] LastAsyncEl0PostInferEl5AsyncHwEl | inputs: PostInferEl5AsyncHwEl[0] | outputs: user
[2025-09-12 14:22:26.248] [7987] [HailoRT] [info] [pipeline.cpp:891] [print_deep_description] LastAsyncEl6AsyncHwEl | inputs: AsyncHwEl[0] | outputs: user
[2025-09-12 14:22:26.248] [7987] [HailoRT] [info] [pipeline.cpp:891] [print_deep_description] PushQEl7AsyncHwEl | inputs: AsyncHwEl[0] | outputs: PostInferEl7AsyncHwEl(running in thread_id: 8013)
[2025-09-12 14:22:26.248] [7987] [HailoRT] [info] [pipeline.cpp:891] [print_deep_description] PostInferEl7AsyncHwEl | inputs: PushQEl7AsyncHwEl[0] | outputs: LastAsyncEl0PostInferEl7AsyncHwEl
[2025-09-12 14:22:26.248] [7987] [HailoRT] [info] [pipeline.cpp:891] [print_deep_description] LastAsyncEl0PostInferEl7AsyncHwEl | inputs: PostInferEl7AsyncHwEl[0] | outputs: user
[2025-09-12 14:22:26.248] [7987] [HailoRT] [info] [pipeline.cpp:891] [print_deep_description] LastAsyncEl8AsyncHwEl | inputs: AsyncHwEl[0] | outputs: user
[2025-09-12 14:22:26.253] [7987] [HailoRT] [info] [hef.cpp:1929] [get_network_group_and_network_name] No name was given. Addressing all networks of default network_group: yolov8m_pose
[2025-09-12 14:23:01.692] [8019] [HailoRT] [info] [device.cpp:49] [Device] OS Version: Linux 6.12.34+rpt-rpi-2712 #1 SMP PREEMPT Debian 1:6.12.34-1+rpt1~bookworm (2025-06-26) aarch64
[2025-09-12 14:23:01.693] [8019] [HailoRT] [info] [control.cpp:108] [control__parse_identify_results] firmware_version is: 4.20.0
[2025-09-12 14:23:01.694] [8019] [HailoRT] [info] [control.cpp:108] [control__parse_identify_results] firmware_version is: 4.20.0
[2025-09-12 14:23:01.748] [8027] [HailoRT] [info] [device.cpp:49] [Device] OS Version: Linux 6.12.34+rpt-rpi-2712 #1 SMP PREEMPT Debian 1:6.12.34-1+rpt1~bookworm (2025-06-26) aarch64
[2025-09-12 14:23:01.749] [8027] [HailoRT] [info] [control.cpp:108] [control__parse_identify_results] firmware_version is: 4.20.0
[2025-09-12 14:23:01.750] [8027] [HailoRT] [info] [control.cpp:108] [control__parse_identify_results] firmware_version is: 4.20.0
[2025-09-12 14:23:01.800] [8035] [HailoRT] [info] [device.cpp:49] [Device] OS Version: Linux 6.12.34+rpt-rpi-2712 #1 SMP PREEMPT Debian 1:6.12.34-1+rpt1~bookworm (2025-06-26) aarch64
[2025-09-12 14:23:01.801] [8035] [HailoRT] [info] [control.cpp:108] [control__parse_identify_results] firmware_version is: 4.20.0
[2025-09-12 14:23:01.802] [8035] [HailoRT] [info] [control.cpp:108] [control__parse_identify_results] firmware_version is: 4.20.0
[2025-09-12 14:23:01.551] [7935] [HailoRT] [info] [async_infer_runner.cpp:86] [shutdown] Pipeline was aborted. Shutting it down
[2025-09-12 14:23:01.552] [7935] [HailoRT] [info] [queue_elements.cpp:570] [execute_deactivate] enqueue() in element PushQEl2AsyncHwEl was aborted, got status = HAILO_SHUTDOWN_EVENT_SIGNALED(57)
[2025-09-12 14:23:01.552] [7935] [HailoRT] [info] [queue_elements.cpp:570] [execute_deactivate] enqueue() in element PushQEl5AsyncHwEl was aborted, got status = HAILO_SHUTDOWN_EVENT_SIGNALED(57)
[2025-09-12 14:23:01.552] [7935] [HailoRT] [info] [queue_elements.cpp:570] [execute_deactivate] enqueue() in element PushQEl7AsyncHwEl was aborted, got status = HAILO_SHUTDOWN_EVENT_SIGNALED(57)
[2025-09-12 14:23:01.552] [7935] [HailoRT] [info] [queue_elements.cpp:570] [execute_deactivate] enqueue() in element PushQEl1yolov8m_pose/input_layer1 was aborted, got status = HAILO_SHUTDOWN_EVENT_SIGNALED(57)
[2025-09-12 14:23:01.552] [7935] [HailoRT] [info] [queue_elements.cpp:570] [execute_deactivate] enqueue() in element EntryPushQEl0yolov8m_pose/input_layer1 was aborted, got status = HAILO_SHUTDOWN_EVENT_SIGNALED(57)
[2025-09-12 14:23:01.552] [7935] [HailoRT] [info] [queue_elements.cpp:46] [~BaseQueueElement] Queue element EntryPushQEl0yolov8m_pose/input_layer1 has 0 frames in his Queue on destruction
[2025-09-12 14:23:01.552] [7935] [HailoRT] [info] [queue_elements.cpp:46] [~BaseQueueElement] Queue element PushQEl1yolov8m_pose/input_layer1 has 0 frames in his Queue on destruction
[2025-09-12 14:23:01.552] [7935] [HailoRT] [info] [queue_elements.cpp:46] [~BaseQueueElement] Queue element PushQEl5AsyncHwEl has 0 frames in his Queue on destruction
[2025-09-12 14:23:01.552] [7935] [HailoRT] [info] [queue_elements.cpp:46] [~BaseQueueElement] Queue element PushQEl2AsyncHwEl has 0 frames in his Queue on destruction
[2025-09-12 14:23:01.553] [7935] [HailoRT] [info] [queue_elements.cpp:46] [~BaseQueueElement] Queue element PushQEl7AsyncHwEl has 0 frames in his Queue on destruction
[2025-09-12 14:23:01.845] [7935] [HailoRT] [info] [vdevice.cpp:523] [create] Creating vdevice with params: device_count: 1, scheduling_algorithm: ROUND_ROBIN, multi_process_service: false
[2025-09-12 14:23:01.856] [7935] [HailoRT] [info] [device.cpp:49] [Device] OS Version: Linux 6.12.34+rpt-rpi-2712 #1 SMP PREEMPT Debian 1:6.12.34-1+rpt1~bookworm (2025-06-26) aarch64
[2025-09-12 14:23:01.857] [7935] [HailoRT] [info] [control.cpp:108] [control__parse_identify_results] firmware_version is: 4.20.0
[2025-09-12 14:23:01.857] [7935] [HailoRT] [info] [vdevice.cpp:651] [create] VDevice Infos: 0001:01:00.0
[2025-09-12 14:23:01.980] [7935] [HailoRT] [info] [hef.cpp:1929] [get_network_group_and_network_name] No name was given. Addressing all networks of default network_group: yolov8m_pose
[2025-09-12 14:23:01.980] [7935] [HailoRT] [info] [hef.cpp:1929] [get_network_group_and_network_name] No name was given. Addressing all networks of default network_group: yolov8m_pose
[2025-09-12 14:23:02.100] [7987] [HailoRT] [info] [internal_buffer_manager.cpp:204] [print_execution_results] Planned internal buffer memory: CMA memory 0, user memory 7300608. memory to edge layer usage factor is 1
[2025-09-12 14:23:02.100] [7987] [HailoRT] [info] [internal_buffer_manager.cpp:212] [print_execution_results] Default Internal buffer planner executed successfully
[2025-09-12 14:23:02.170] [7987] [HailoRT] [info] [device_internal.cpp:57] [configure] Configuring HEF took 83.127507 milliseconds
[2025-09-12 14:23:02.170] [7987] [HailoRT] [info] [vdevice.cpp:749] [configure] Configuring HEF on VDevice took 83.653935 milliseconds
[2025-09-12 14:23:02.170] [7987] [HailoRT] [info] [infer_model.cpp:436] [configure] Configuring network group 'yolov8m_pose' with params: batch size: 2, power mode: PERFORMANCE, latency: NONE
[2025-09-12 14:23:02.170] [7987] [HailoRT] [info] [multi_io_elements.cpp:756] [create] Created (AsyncHwEl)
[2025-09-12 14:23:02.171] [7987] [HailoRT] [info] [queue_elements.cpp:450] [create] Created (EntryPushQEl0yolov8m_pose/input_layer1 | timeout: 10s)
[2025-09-12 14:23:02.171] [7987] [HailoRT] [info] [filter_elements.cpp:101] [create] Created (PreInferEl1yolov8m_pose/input_layer1 | Reorder - src_order: RGB4, src_shape: (640, 640, 3), dst_order: NHWC, dst_shape: (640, 640, 3))
[2025-09-12 14:23:02.172] [7987] [HailoRT] [info] [queue_elements.cpp:450] [create] Created (PushQEl1yolov8m_pose/input_layer1 | timeout: 10s)
[2025-09-12 14:23:02.172] [7987] [HailoRT] [info] [edge_elements.cpp:187] [create] Created (LastAsyncEl4AsyncHwEl)
[2025-09-12 14:23:02.173] [7987] [HailoRT] [info] [queue_elements.cpp:450] [create] Created (PushQEl5AsyncHwEl | timeout: 10s)
[2025-09-12 14:23:02.173] [7987] [HailoRT] [info] [filter_elements.cpp:375] [create] Created (PostInferEl5AsyncHwEl | Reorder - src_order: FCR, src_shape: (40, 40, 56), dst_order: FCR, dst_shape: (40, 40, 51))
[2025-09-12 14:23:02.173] [7987] [HailoRT] [info] [edge_elements.cpp:187] [create] Created (LastAsyncEl0PostInferEl5AsyncHwEl)
[2025-09-12 14:23:02.173] [7987] [HailoRT] [info] [edge_elements.cpp:187] [create] Created (LastAsyncEl1AsyncHwEl)
[2025-09-12 14:23:02.173] [7987] [HailoRT] [info] [queue_elements.cpp:450] [create] Created (PushQEl2AsyncHwEl | timeout: 10s)
[2025-09-12 14:23:02.173] [7987] [HailoRT] [info] [filter_elements.cpp:375] [create] Created (PostInferEl2AsyncHwEl | Reorder - src_order: FCR, src_shape: (20, 20, 56), dst_order: FCR, dst_shape: (20, 20, 51))
[2025-09-12 14:23:02.173] [7987] [HailoRT] [info] [edge_elements.cpp:187] [create] Created (LastAsyncEl0PostInferEl2AsyncHwEl)
[2025-09-12 14:23:02.173] [7987] [HailoRT] [info] [edge_elements.cpp:187] [create] Created (LastAsyncEl3AsyncHwEl)
[2025-09-12 14:23:02.173] [7987] [HailoRT] [info] [edge_elements.cpp:187] [create] Created (LastAsyncEl0AsyncHwEl)
[2025-09-12 14:23:02.173] [7987] [HailoRT] [info] [edge_elements.cpp:187] [create] Created (LastAsyncEl8AsyncHwEl)
[2025-09-12 14:23:02.173] [7987] [HailoRT] [info] [edge_elements.cpp:187] [create] Created (LastAsyncEl6AsyncHwEl)
[2025-09-12 14:23:02.173] [7987] [HailoRT] [info] [queue_elements.cpp:450] [create] Created (PushQEl7AsyncHwEl | timeout: 10s)
[2025-09-12 14:23:02.173] [7987] [HailoRT] [info] [filter_elements.cpp:375] [create] Created (PostInferEl7AsyncHwEl | Reorder - src_order: FCR, src_shape: (80, 80, 56), dst_order: FCR, dst_shape: (80, 80, 51))
[2025-09-12 14:23:02.173] [7987] [HailoRT] [info] [edge_elements.cpp:187] [create] Created (LastAsyncEl0PostInferEl7AsyncHwEl)
[2025-09-12 14:23:02.173] [7987] [HailoRT] [info] [pipeline.cpp:891] [print_deep_description] EntryPushQEl0yolov8m_pose/input_layer1 | inputs: user | outputs: PreInferEl1yolov8m_pose/input_layer1(running in thread_id: 8059)
[2025-09-12 14:23:02.173] [7987] [HailoRT] [info] [pipeline.cpp:891] [print_deep_description] PreInferEl1yolov8m_pose/input_layer1 | inputs: EntryPushQEl0yolov8m_pose/input_layer1[0] | outputs: PushQEl1yolov8m_pose/input_layer1
[2025-09-12 14:23:02.173] [7987] [HailoRT] [info] [pipeline.cpp:891] [print_deep_description] PushQEl1yolov8m_pose/input_layer1 | inputs: PreInferEl1yolov8m_pose/input_layer1[0] | outputs: AsyncHwEl(running in thread_id: 8060)
[2025-09-12 14:23:02.173] [7987] [HailoRT] [info] [pipeline.cpp:891] [print_deep_description] AsyncHwEl | inputs: PushQEl1yolov8m_pose/input_layer1[0] | outputs: LastAsyncEl0AsyncHwEl LastAsyncEl1AsyncHwEl PushQEl2AsyncHwEl LastAsyncEl3AsyncHwEl LastAsyncEl4AsyncHwEl PushQEl5AsyncHwEl LastAsyncEl6AsyncHwEl PushQEl7AsyncHwEl LastAsyncEl8AsyncHwEl
[2025-09-12 14:23:02.173] [7987] [HailoRT] [info] [pipeline.cpp:891] [print_deep_description] LastAsyncEl0AsyncHwEl | inputs: AsyncHwEl[0] | outputs: user
[2025-09-12 14:23:02.173] [7987] [HailoRT] [info] [pipeline.cpp:891] [print_deep_description] LastAsyncEl1AsyncHwEl | inputs: AsyncHwEl[0] | outputs: user
[2025-09-12 14:23:02.173] [7987] [HailoRT] [info] [pipeline.cpp:891] [print_deep_description] PushQEl2AsyncHwEl | inputs: AsyncHwEl[0] | outputs: PostInferEl2AsyncHwEl(running in thread_id: 8062)
[2025-09-12 14:23:02.173] [7987] [HailoRT] [info] [pipeline.cpp:891] [print_deep_description] PostInferEl2AsyncHwEl | inputs: PushQEl2AsyncHwEl[0] | outputs: LastAsyncEl0PostInferEl2AsyncHwEl
[2025-09-12 14:23:02.173] [7987] [HailoRT] [info] [pipeline.cpp:891] [print_deep_description] LastAsyncEl0PostInferEl2AsyncHwEl | inputs: PostInferEl2AsyncHwEl[0] | outputs: user
[2025-09-12 14:23:02.173] [7987] [HailoRT] [info] [pipeline.cpp:891] [print_deep_description] LastAsyncEl3AsyncHwEl | inputs: AsyncHwEl[0] | outputs: user
[2025-09-12 14:23:02.173] [7987] [HailoRT] [info] [pipeline.cpp:891] [print_deep_description] LastAsyncEl4AsyncHwEl | inputs: AsyncHwEl[0] | outputs: user
[2025-09-12 14:23:02.173] [7987] [HailoRT] [info] [pipeline.cpp:891] [print_deep_description] PushQEl5AsyncHwEl | inputs: AsyncHwEl[0] | outputs: PostInferEl5AsyncHwEl(running in thread_id: 8061)
[2025-09-12 14:23:02.173] [7987] [HailoRT] [info] [pipeline.cpp:891] [print_deep_description] PostInferEl5AsyncHwEl | inputs: PushQEl5AsyncHwEl[0] | outputs: LastAsyncEl0PostInferEl5AsyncHwEl
[2025-09-12 14:23:02.173] [7987] [HailoRT] [info] [pipeline.cpp:891] [print_deep_description] LastAsyncEl0PostInferEl5AsyncHwEl | inputs: PostInferEl5AsyncHwEl[0] | outputs: user
[2025-09-12 14:23:02.173] [7987] [HailoRT] [info] [pipeline.cpp:891] [print_deep_description] LastAsyncEl6AsyncHwEl | inputs: AsyncHwEl[0] | outputs: user
[2025-09-12 14:23:02.173] [7987] [HailoRT] [info] [pipeline.cpp:891] [print_deep_description] PushQEl7AsyncHwEl | inputs: AsyncHwEl[0] | outputs: PostInferEl7AsyncHwEl(running in thread_id: 8063)
[2025-09-12 14:23:02.173] [7987] [HailoRT] [info] [pipeline.cpp:891] [print_deep_description] PostInferEl7AsyncHwEl | inputs: PushQEl7AsyncHwEl[0] | outputs: LastAsyncEl0PostInferEl7AsyncHwEl
[2025-09-12 14:23:02.173] [7987] [HailoRT] [info] [pipeline.cpp:891] [print_deep_description] LastAsyncEl0PostInferEl7AsyncHwEl | inputs: PostInferEl7AsyncHwEl[0] | outputs: user
[2025-09-12 14:23:02.173] [7987] [HailoRT] [info] [pipeline.cpp:891] [print_deep_description] LastAsyncEl8AsyncHwEl | inputs: AsyncHwEl[0] | outputs: user
[2025-09-12 14:23:02.182] [7987] [HailoRT] [info] [hef.cpp:1929] [get_network_group_and_network_name] No name was given. Addressing all networks of default network_group: yolov8m_pose
[2025-09-12 14:33:45.787] [8119] [HailoRT] [info] [device.cpp:49] [Device] OS Version: Linux 6.12.34+rpt-rpi-2712 #1 SMP PREEMPT Debian 1:6.12.34-1+rpt1~bookworm (2025-06-26) aarch64
[2025-09-12 14:33:45.789] [8119] [HailoRT] [info] [control.cpp:108] [control__parse_identify_results] firmware_version is: 4.20.0
[2025-09-12 14:33:45.790] [8119] [HailoRT] [info] [control.cpp:108] [control__parse_identify_results] firmware_version is: 4.20.0
[2025-09-12 14:33:45.848] [8127] [HailoRT] [info] [device.cpp:49] [Device] OS Version: Linux 6.12.34+rpt-rpi-2712 #1 SMP PREEMPT Debian 1:6.12.34-1+rpt1~bookworm (2025-06-26) aarch64
[2025-09-12 14:33:45.849] [8127] [HailoRT] [info] [control.cpp:108] [control__parse_identify_results] firmware_version is: 4.20.0
[2025-09-12 14:33:45.850] [8127] [HailoRT] [info] [control.cpp:108] [control__parse_identify_results] firmware_version is: 4.20.0
[2025-09-12 14:33:45.900] [8135] [HailoRT] [info] [device.cpp:49] [Device] OS Version: Linux 6.12.34+rpt-rpi-2712 #1 SMP PREEMPT Debian 1:6.12.34-1+rpt1~bookworm (2025-06-26) aarch64
[2025-09-12 14:33:45.901] [8135] [HailoRT] [info] [control.cpp:108] [control__parse_identify_results] firmware_version is: 4.20.0
[2025-09-12 14:33:45.902] [8135] [HailoRT] [info] [control.cpp:108] [control__parse_identify_results] firmware_version is: 4.20.0
[2025-09-12 14:33:45.978] [8108] [HailoRT] [info] [vdevice.cpp:523] [create] Creating vdevice with params: device_count: 1, scheduling_algorithm: ROUND_ROBIN, multi_process_service: false
[2025-09-12 14:33:45.991] [8108] [HailoRT] [info] [device.cpp:49] [Device] OS Version: Linux 6.12.34+rpt-rpi-2712 #1 SMP PREEMPT Debian 1:6.12.34-1+rpt1~bookworm (2025-06-26) aarch64
[2025-09-12 14:33:45.992] [8108] [HailoRT] [info] [control.cpp:108] [control__parse_identify_results] firmware_version is: 4.20.0
[2025-09-12 14:33:45.992] [8108] [HailoRT] [info] [vdevice.cpp:651] [create] VDevice Infos: 0001:01:00.0
[2025-09-12 14:33:46.092] [8108] [HailoRT] [info] [hef.cpp:1929] [get_network_group_and_network_name] No name was given. Addressing all networks of default network_group: yolov8m_pose
[2025-09-12 14:33:46.092] [8108] [HailoRT] [info] [hef.cpp:1929] [get_network_group_and_network_name] No name was given. Addressing all networks of default network_group: yolov8m_pose
[2025-09-12 14:33:46.225] [8161] [HailoRT] [info] [internal_buffer_manager.cpp:204] [print_execution_results] Planned internal buffer memory: CMA memory 0, user memory 7300608. memory to edge layer usage factor is 1
[2025-09-12 14:33:46.225] [8161] [HailoRT] [info] [internal_buffer_manager.cpp:212] [print_execution_results] Default Internal buffer planner executed successfully
[2025-09-12 14:33:46.299] [8161] [HailoRT] [info] [device_internal.cpp:57] [configure] Configuring HEF took 85.726141 milliseconds
[2025-09-12 14:33:46.299] [8161] [HailoRT] [info] [vdevice.cpp:749] [configure] Configuring HEF on VDevice took 89.853847 milliseconds
[2025-09-12 14:33:46.299] [8161] [HailoRT] [info] [infer_model.cpp:436] [configure] Configuring network group 'yolov8m_pose' with params: batch size: 2, power mode: PERFORMANCE, latency: NONE
[2025-09-12 14:33:46.299] [8161] [HailoRT] [info] [multi_io_elements.cpp:756] [create] Created (AsyncHwEl)
[2025-09-12 14:33:46.300] [8161] [HailoRT] [info] [queue_elements.cpp:450] [create] Created (EntryPushQEl0yolov8m_pose/input_layer1 | timeout: 10s)
[2025-09-12 14:33:46.300] [8161] [HailoRT] [info] [filter_elements.cpp:101] [create] Created (PreInferEl1yolov8m_pose/input_layer1 | Reorder - src_order: RGB4, src_shape: (640, 640, 3), dst_order: NHWC, dst_shape: (640, 640, 3))
[2025-09-12 14:33:46.300] [8161] [HailoRT] [info] [queue_elements.cpp:450] [create] Created (PushQEl1yolov8m_pose/input_layer1 | timeout: 10s)
[2025-09-12 14:33:46.300] [8161] [HailoRT] [info] [edge_elements.cpp:187] [create] Created (LastAsyncEl4AsyncHwEl)
[2025-09-12 14:33:46.300] [8161] [HailoRT] [info] [queue_elements.cpp:450] [create] Created (PushQEl5AsyncHwEl | timeout: 10s)
[2025-09-12 14:33:46.300] [8161] [HailoRT] [info] [filter_elements.cpp:375] [create] Created (PostInferEl5AsyncHwEl | Reorder - src_order: FCR, src_shape: (40, 40, 56), dst_order: FCR, dst_shape: (40, 40, 51))
[2025-09-12 14:33:46.300] [8161] [HailoRT] [info] [edge_elements.cpp:187] [create] Created (LastAsyncEl0PostInferEl5AsyncHwEl)
[2025-09-12 14:33:46.301] [8161] [HailoRT] [info] [edge_elements.cpp:187] [create] Created (LastAsyncEl1AsyncHwEl)
[2025-09-12 14:33:46.301] [8161] [HailoRT] [info] [queue_elements.cpp:450] [create] Created (PushQEl2AsyncHwEl | timeout: 10s)
[2025-09-12 14:33:46.301] [8161] [HailoRT] [info] [filter_elements.cpp:375] [create] Created (PostInferEl2AsyncHwEl | Reorder - src_order: FCR, src_shape: (20, 20, 56), dst_order: FCR, dst_shape: (20, 20, 51))
[2025-09-12 14:33:46.301] [8161] [HailoRT] [info] [edge_elements.cpp:187] [create] Created (LastAsyncEl0PostInferEl2AsyncHwEl)
[2025-09-12 14:33:46.301] [8161] [HailoRT] [info] [edge_elements.cpp:187] [create] Created (LastAsyncEl3AsyncHwEl)
[2025-09-12 14:33:46.301] [8161] [HailoRT] [info] [edge_elements.cpp:187] [create] Created (LastAsyncEl0AsyncHwEl)
[2025-09-12 14:33:46.301] [8161] [HailoRT] [info] [edge_elements.cpp:187] [create] Created (LastAsyncEl8AsyncHwEl)
[2025-09-12 14:33:46.301] [8161] [HailoRT] [info] [edge_elements.cpp:187] [create] Created (LastAsyncEl6AsyncHwEl)
[2025-09-12 14:33:46.301] [8161] [HailoRT] [info] [queue_elements.cpp:450] [create] Created (PushQEl7AsyncHwEl | timeout: 10s)
[2025-09-12 14:33:46.301] [8161] [HailoRT] [info] [filter_elements.cpp:375] [create] Created (PostInferEl7AsyncHwEl | Reorder - src_order: FCR, src_shape: (80, 80, 56), dst_order: FCR, dst_shape: (80, 80, 51))
[2025-09-12 14:33:46.302] [8161] [HailoRT] [info] [edge_elements.cpp:187] [create] Created (LastAsyncEl0PostInferEl7AsyncHwEl)
[2025-09-12 14:33:46.302] [8161] [HailoRT] [info] [pipeline.cpp:891] [print_deep_description] EntryPushQEl0yolov8m_pose/input_layer1 | inputs: user | outputs: PreInferEl1yolov8m_pose/input_layer1(running in thread_id: 8183)
[2025-09-12 14:33:46.302] [8161] [HailoRT] [info] [pipeline.cpp:891] [print_deep_description] PreInferEl1yolov8m_pose/input_layer1 | inputs: EntryPushQEl0yolov8m_pose/input_layer1[0] | outputs: PushQEl1yolov8m_pose/input_layer1
[2025-09-12 14:33:46.302] [8161] [HailoRT] [info] [pipeline.cpp:891] [print_deep_description] PushQEl1yolov8m_pose/input_layer1 | inputs: PreInferEl1yolov8m_pose/input_layer1[0] | outputs: AsyncHwEl(running in thread_id: 8184)
[2025-09-12 14:33:46.302] [8161] [HailoRT] [info] [pipeline.cpp:891] [print_deep_description] AsyncHwEl | inputs: PushQEl1yolov8m_pose/input_layer1[0] | outputs: LastAsyncEl0AsyncHwEl LastAsyncEl1AsyncHwEl PushQEl2AsyncHwEl LastAsyncEl3AsyncHwEl LastAsyncEl4AsyncHwEl PushQEl5AsyncHwEl LastAsyncEl6AsyncHwEl PushQEl7AsyncHwEl LastAsyncEl8AsyncHwEl
[2025-09-12 14:33:46.302] [8161] [HailoRT] [info] [pipeline.cpp:891] [print_deep_description] LastAsyncEl0AsyncHwEl | inputs: AsyncHwEl[0] | outputs: user
[2025-09-12 14:33:46.302] [8161] [HailoRT] [info] [pipeline.cpp:891] [print_deep_description] LastAsyncEl1AsyncHwEl | inputs: AsyncHwEl[0] | outputs: user
[2025-09-12 14:33:46.302] [8161] [HailoRT] [info] [pipeline.cpp:891] [print_deep_description] PushQEl2AsyncHwEl | inputs: AsyncHwEl[0] | outputs: PostInferEl2AsyncHwEl(running in thread_id: 8186)
[2025-09-12 14:33:46.302] [8161] [HailoRT] [info] [pipeline.cpp:891] [print_deep_description] PostInferEl2AsyncHwEl | inputs: PushQEl2AsyncHwEl[0] | outputs: LastAsyncEl0PostInferEl2AsyncHwEl
[2025-09-12 14:33:46.302] [8161] [HailoRT] [info] [pipeline.cpp:891] [print_deep_description] LastAsyncEl0PostInferEl2AsyncHwEl | inputs: PostInferEl2AsyncHwEl[0] | outputs: user
[2025-09-12 14:33:46.302] [8161] [HailoRT] [info] [pipeline.cpp:891] [print_deep_description] LastAsyncEl3AsyncHwEl | inputs: AsyncHwEl[0] | outputs: user
[2025-09-12 14:33:46.302] [8161] [HailoRT] [info] [pipeline.cpp:891] [print_deep_description] LastAsyncEl4AsyncHwEl | inputs: AsyncHwEl[0] | outputs: user
[2025-09-12 14:33:46.302] [8161] [HailoRT] [info] [pipeline.cpp:891] [print_deep_description] PushQEl5AsyncHwEl | inputs: AsyncHwEl[0] | outputs: PostInferEl5AsyncHwEl(running in thread_id: 8185)
[2025-09-12 14:33:46.302] [8161] [HailoRT] [info] [pipeline.cpp:891] [print_deep_description] PostInferEl5AsyncHwEl | inputs: PushQEl5AsyncHwEl[0] | outputs: LastAsyncEl0PostInferEl5AsyncHwEl
[2025-09-12 14:33:46.302] [8161] [HailoRT] [info] [pipeline.cpp:891] [print_deep_description] LastAsyncEl0PostInferEl5AsyncHwEl | inputs: PostInferEl5AsyncHwEl[0] | outputs: user
[2025-09-12 14:33:46.302] [8161] [HailoRT] [info] [pipeline.cpp:891] [print_deep_description] LastAsyncEl6AsyncHwEl | inputs: AsyncHwEl[0] | outputs: user
[2025-09-12 14:33:46.302] [8161] [HailoRT] [info] [pipeline.cpp:891] [print_deep_description] PushQEl7AsyncHwEl | inputs: AsyncHwEl[0] | outputs: PostInferEl7AsyncHwEl(running in thread_id: 8187)
[2025-09-12 14:33:46.302] [8161] [HailoRT] [info] [pipeline.cpp:891] [print_deep_description] PostInferEl7AsyncHwEl | inputs: PushQEl7AsyncHwEl[0] | outputs: LastAsyncEl0PostInferEl7AsyncHwEl
[2025-09-12 14:33:46.302] [8161] [HailoRT] [info] [pipeline.cpp:891] [print_deep_description] LastAsyncEl0PostInferEl7AsyncHwEl | inputs: PostInferEl7AsyncHwEl[0] | outputs: user
[2025-09-12 14:33:46.302] [8161] [HailoRT] [info] [pipeline.cpp:891] [print_deep_description] LastAsyncEl8AsyncHwEl | inputs: AsyncHwEl[0] | outputs: user
[2025-09-12 14:33:46.310] [8161] [HailoRT] [info] [hef.cpp:1929] [get_network_group_and_network_name] No name was given. Addressing all networks of default network_group: yolov8m_pose
[2025-09-12 14:33:53.849] [8108] [HailoRT] [info] [async_infer_runner.cpp:86] [shutdown] Pipeline was aborted. Shutting it down
[2025-09-12 14:33:53.851] [8148] [HailoRT] [info] [network_group.cpp:857] [operator()] Infer request was aborted by user
[2025-09-12 14:33:53.851] [8108] [HailoRT] [info] [queue_elements.cpp:570] [execute_deactivate] enqueue() in element PushQEl2AsyncHwEl was aborted, got status = HAILO_SHUTDOWN_EVENT_SIGNALED(57)
[2025-09-12 14:33:53.851] [8108] [HailoRT] [info] [queue_elements.cpp:570] [execute_deactivate] enqueue() in element PushQEl5AsyncHwEl was aborted, got status = HAILO_SHUTDOWN_EVENT_SIGNALED(57)
[2025-09-12 14:33:53.851] [8108] [HailoRT] [info] [queue_elements.cpp:570] [execute_deactivate] enqueue() in element PushQEl7AsyncHwEl was aborted, got status = HAILO_SHUTDOWN_EVENT_SIGNALED(57)
[2025-09-12 14:33:53.851] [8108] [HailoRT] [info] [queue_elements.cpp:570] [execute_deactivate] enqueue() in element PushQEl1yolov8m_pose/input_layer1 was aborted, got status = HAILO_SHUTDOWN_EVENT_SIGNALED(57)
[2025-09-12 14:33:53.851] [8108] [HailoRT] [info] [queue_elements.cpp:570] [execute_deactivate] enqueue() in element EntryPushQEl0yolov8m_pose/input_layer1 was aborted, got status = HAILO_SHUTDOWN_EVENT_SIGNALED(57)
[2025-09-12 14:33:53.851] [8108] [HailoRT] [info] [queue_elements.cpp:46] [~BaseQueueElement] Queue element EntryPushQEl0yolov8m_pose/input_layer1 has 0 frames in his Queue on destruction
[2025-09-12 14:33:53.851] [8108] [HailoRT] [info] [queue_elements.cpp:46] [~BaseQueueElement] Queue element PushQEl1yolov8m_pose/input_layer1 has 0 frames in his Queue on destruction
[2025-09-12 14:33:53.852] [8108] [HailoRT] [info] [queue_elements.cpp:46] [~BaseQueueElement] Queue element PushQEl5AsyncHwEl has 0 frames in his Queue on destruction
[2025-09-12 14:33:53.852] [8108] [HailoRT] [info] [queue_elements.cpp:46] [~BaseQueueElement] Queue element PushQEl2AsyncHwEl has 0 frames in his Queue on destruction
[2025-09-12 14:33:53.852] [8108] [HailoRT] [info] [queue_elements.cpp:46] [~BaseQueueElement] Queue element PushQEl7AsyncHwEl has 0 frames in his Queue on destruction
[2025-09-12 14:34:09.103] [8209] [HailoRT] [info] [device.cpp:49] [Device] OS Version: Linux 6.12.34+rpt-rpi-2712 #1 SMP PREEMPT Debian 1:6.12.34-1+rpt1~bookworm (2025-06-26) aarch64
[2025-09-12 14:34:09.105] [8209] [HailoRT] [info] [control.cpp:108] [control__parse_identify_results] firmware_version is: 4.20.0
[2025-09-12 14:34:09.106] [8209] [HailoRT] [info] [control.cpp:108] [control__parse_identify_results] firmware_version is: 4.20.0
[2025-09-12 14:34:09.156] [8217] [HailoRT] [info] [device.cpp:49] [Device] OS Version: Linux 6.12.34+rpt-rpi-2712 #1 SMP PREEMPT Debian 1:6.12.34-1+rpt1~bookworm (2025-06-26) aarch64
[2025-09-12 14:34:09.157] [8217] [HailoRT] [info] [control.cpp:108] [control__parse_identify_results] firmware_version is: 4.20.0
[2025-09-12 14:34:09.158] [8217] [HailoRT] [info] [control.cpp:108] [control__parse_identify_results] firmware_version is: 4.20.0
[2025-09-12 14:34:09.204] [8225] [HailoRT] [info] [device.cpp:49] [Device] OS Version: Linux 6.12.34+rpt-rpi-2712 #1 SMP PREEMPT Debian 1:6.12.34-1+rpt1~bookworm (2025-06-26) aarch64
[2025-09-12 14:34:09.205] [8225] [HailoRT] [info] [control.cpp:108] [control__parse_identify_results] firmware_version is: 4.20.0
[2025-09-12 14:34:09.206] [8225] [HailoRT] [info] [control.cpp:108] [control__parse_identify_results] firmware_version is: 4.20.0
[2025-09-12 14:34:09.283] [8198] [HailoRT] [info] [vdevice.cpp:523] [create] Creating vdevice with params: device_count: 1, scheduling_algorithm: ROUND_ROBIN, multi_process_service: false
[2025-09-12 14:34:09.295] [8198] [HailoRT] [info] [device.cpp:49] [Device] OS Version: Linux 6.12.34+rpt-rpi-2712 #1 SMP PREEMPT Debian 1:6.12.34-1+rpt1~bookworm (2025-06-26) aarch64
[2025-09-12 14:34:09.296] [8198] [HailoRT] [info] [control.cpp:108] [control__parse_identify_results] firmware_version is: 4.20.0
[2025-09-12 14:34:09.296] [8198] [HailoRT] [info] [vdevice.cpp:651] [create] VDevice Infos: 0001:01:00.0
[2025-09-12 14:34:09.397] [8198] [HailoRT] [info] [hef.cpp:1929] [get_network_group_and_network_name] No name was given. Addressing all networks of default network_group: yolov8m_pose
[2025-09-12 14:34:09.397] [8198] [HailoRT] [info] [hef.cpp:1929] [get_network_group_and_network_name] No name was given. Addressing all networks of default network_group: yolov8m_pose
[2025-09-12 14:34:09.552] [8250] [HailoRT] [info] [internal_buffer_manager.cpp:204] [print_execution_results] Planned internal buffer memory: CMA memory 0, user memory 7300608. memory to edge layer usage factor is 1
[2025-09-12 14:34:09.552] [8250] [HailoRT] [info] [internal_buffer_manager.cpp:212] [print_execution_results] Default Internal buffer planner executed successfully
[2025-09-12 14:34:09.645] [8250] [HailoRT] [info] [device_internal.cpp:57] [configure] Configuring HEF took 110.295806 milliseconds
[2025-09-12 14:34:09.645] [8250] [HailoRT] [info] [vdevice.cpp:749] [configure] Configuring HEF on VDevice took 110.942272 milliseconds
[2025-09-12 14:34:09.645] [8250] [HailoRT] [info] [infer_model.cpp:436] [configure] Configuring network group 'yolov8m_pose' with params: batch size: 2, power mode: PERFORMANCE, latency: NONE
[2025-09-12 14:34:09.645] [8250] [HailoRT] [info] [multi_io_elements.cpp:756] [create] Created (AsyncHwEl)
[2025-09-12 14:34:09.645] [8250] [HailoRT] [info] [queue_elements.cpp:450] [create] Created (EntryPushQEl0yolov8m_pose/input_layer1 | timeout: 10s)
[2025-09-12 14:34:09.645] [8250] [HailoRT] [info] [filter_elements.cpp:101] [create] Created (PreInferEl1yolov8m_pose/input_layer1 | Reorder - src_order: RGB4, src_shape: (640, 640, 3), dst_order: NHWC, dst_shape: (640, 640, 3))
[2025-09-12 14:34:09.646] [8250] [HailoRT] [info] [queue_elements.cpp:450] [create] Created (PushQEl1yolov8m_pose/input_layer1 | timeout: 10s)
[2025-09-12 14:34:09.646] [8250] [HailoRT] [info] [edge_elements.cpp:187] [create] Created (LastAsyncEl4AsyncHwEl)
[2025-09-12 14:34:09.646] [8250] [HailoRT] [info] [queue_elements.cpp:450] [create] Created (PushQEl5AsyncHwEl | timeout: 10s)
[2025-09-12 14:34:09.646] [8250] [HailoRT] [info] [filter_elements.cpp:375] [create] Created (PostInferEl5AsyncHwEl | Reorder - src_order: FCR, src_shape: (40, 40, 56), dst_order: FCR, dst_shape: (40, 40, 51))
[2025-09-12 14:34:09.646] [8250] [HailoRT] [info] [edge_elements.cpp:187] [create] Created (LastAsyncEl0PostInferEl5AsyncHwEl)
[2025-09-12 14:34:09.646] [8250] [HailoRT] [info] [edge_elements.cpp:187] [create] Created (LastAsyncEl1AsyncHwEl)
[2025-09-12 14:34:09.646] [8250] [HailoRT] [info] [queue_elements.cpp:450] [create] Created (PushQEl2AsyncHwEl | timeout: 10s)
[2025-09-12 14:34:09.646] [8250] [HailoRT] [info] [filter_elements.cpp:375] [create] Created (PostInferEl2AsyncHwEl | Reorder - src_order: FCR, src_shape: (20, 20, 56), dst_order: FCR, dst_shape: (20, 20, 51))
[2025-09-12 14:34:09.646] [8250] [HailoRT] [info] [edge_elements.cpp:187] [create] Created (LastAsyncEl0PostInferEl2AsyncHwEl)
[2025-09-12 14:34:09.646] [8250] [HailoRT] [info] [edge_elements.cpp:187] [create] Created (LastAsyncEl3AsyncHwEl)
[2025-09-12 14:34:09.646] [8250] [HailoRT] [info] [edge_elements.cpp:187] [create] Created (LastAsyncEl0AsyncHwEl)
[2025-09-12 14:34:09.646] [8250] [HailoRT] [info] [edge_elements.cpp:187] [create] Created (LastAsyncEl8AsyncHwEl)
[2025-09-12 14:34:09.646] [8250] [HailoRT] [info] [edge_elements.cpp:187] [create] Created (LastAsyncEl6AsyncHwEl)
[2025-09-12 14:34:09.646] [8250] [HailoRT] [info] [queue_elements.cpp:450] [create] Created (PushQEl7AsyncHwEl | timeout: 10s)
[2025-09-12 14:34:09.646] [8250] [HailoRT] [info] [filter_elements.cpp:375] [create] Created (PostInferEl7AsyncHwEl | Reorder - src_order: FCR, src_shape: (80, 80, 56), dst_order: FCR, dst_shape: (80, 80, 51))
[2025-09-12 14:34:09.646] [8250] [HailoRT] [info] [edge_elements.cpp:187] [create] Created (LastAsyncEl0PostInferEl7AsyncHwEl)
[2025-09-12 14:34:09.646] [8250] [HailoRT] [info] [pipeline.cpp:891] [print_deep_description] EntryPushQEl0yolov8m_pose/input_layer1 | inputs: user | outputs: PreInferEl1yolov8m_pose/input_layer1(running in thread_id: 8273)
[2025-09-12 14:34:09.646] [8250] [HailoRT] [info] [pipeline.cpp:891] [print_deep_description] PreInferEl1yolov8m_pose/input_layer1 | inputs: EntryPushQEl0yolov8m_pose/input_layer1[0] | outputs: PushQEl1yolov8m_pose/input_layer1
[2025-09-12 14:34:09.646] [8250] [HailoRT] [info] [pipeline.cpp:891] [print_deep_description] PushQEl1yolov8m_pose/input_layer1 | inputs: PreInferEl1yolov8m_pose/input_layer1[0] | outputs: AsyncHwEl(running in thread_id: 8274)
[2025-09-12 14:34:09.646] [8250] [HailoRT] [info] [pipeline.cpp:891] [print_deep_description] AsyncHwEl | inputs: PushQEl1yolov8m_pose/input_layer1[0] | outputs: LastAsyncEl0AsyncHwEl LastAsyncEl1AsyncHwEl PushQEl2AsyncHwEl LastAsyncEl3AsyncHwEl LastAsyncEl4AsyncHwEl PushQEl5AsyncHwEl LastAsyncEl6AsyncHwEl PushQEl7AsyncHwEl LastAsyncEl8AsyncHwEl
[2025-09-12 14:34:09.646] [8250] [HailoRT] [info] [pipeline.cpp:891] [print_deep_description] LastAsyncEl0AsyncHwEl | inputs: AsyncHwEl[0] | outputs: user
[2025-09-12 14:34:09.646] [8250] [HailoRT] [info] [pipeline.cpp:891] [print_deep_description] LastAsyncEl1AsyncHwEl | inputs: AsyncHwEl[0] | outputs: user
[2025-09-12 14:34:09.646] [8250] [HailoRT] [info] [pipeline.cpp:891] [print_deep_description] PushQEl2AsyncHwEl | inputs: AsyncHwEl[0] | outputs: PostInferEl2AsyncHwEl(running in thread_id: 8276)
[2025-09-12 14:34:09.646] [8250] [HailoRT] [info] [pipeline.cpp:891] [print_deep_description] PostInferEl2AsyncHwEl | inputs: PushQEl2AsyncHwEl[0] | outputs: LastAsyncEl0PostInferEl2AsyncHwEl
[2025-09-12 14:34:09.646] [8250] [HailoRT] [info] [pipeline.cpp:891] [print_deep_description] LastAsyncEl0PostInferEl2AsyncHwEl | inputs: PostInferEl2AsyncHwEl[0] | outputs: user
[2025-09-12 14:34:09.646] [8250] [HailoRT] [info] [pipeline.cpp:891] [print_deep_description] LastAsyncEl3AsyncHwEl | inputs: AsyncHwEl[0] | outputs: user
[2025-09-12 14:34:09.646] [8250] [HailoRT] [info] [pipeline.cpp:891] [print_deep_description] LastAsyncEl4AsyncHwEl | inputs: AsyncHwEl[0] | outputs: user
[2025-09-12 14:34:09.646] [8250] [HailoRT] [info] [pipeline.cpp:891] [print_deep_description] PushQEl5AsyncHwEl | inputs: AsyncHwEl[0] | outputs: PostInferEl5AsyncHwEl(running in thread_id: 8275)
[2025-09-12 14:34:09.646] [8250] [HailoRT] [info] [pipeline.cpp:891] [print_deep_description] PostInferEl5AsyncHwEl | inputs: PushQEl5AsyncHwEl[0] | outputs: LastAsyncEl0PostInferEl5AsyncHwEl
[2025-09-12 14:34:09.646] [8250] [HailoRT] [info] [pipeline.cpp:891] [print_deep_description] LastAsyncEl0PostInferEl5AsyncHwEl | inputs: PostInferEl5AsyncHwEl[0] | outputs: user
[2025-09-12 14:34:09.646] [8250] [HailoRT] [info] [pipeline.cpp:891] [print_deep_description] LastAsyncEl6AsyncHwEl | inputs: AsyncHwEl[0] | outputs: user
[2025-09-12 14:34:09.646] [8250] [HailoRT] [info] [pipeline.cpp:891] [print_deep_description] PushQEl7AsyncHwEl | inputs: AsyncHwEl[0] | outputs: PostInferEl7AsyncHwEl(running in thread_id: 8277)
[2025-09-12 14:34:09.646] [8250] [HailoRT] [info] [pipeline.cpp:891] [print_deep_description] PostInferEl7AsyncHwEl | inputs: PushQEl7AsyncHwEl[0] | outputs: LastAsyncEl0PostInferEl7AsyncHwEl
[2025-09-12 14:34:09.646] [8250] [HailoRT] [info] [pipeline.cpp:891] [print_deep_description] LastAsyncEl0PostInferEl7AsyncHwEl | inputs: PostInferEl7AsyncHwEl[0] | outputs: user
[2025-09-12 14:34:09.646] [8250] [HailoRT] [info] [pipeline.cpp:891] [print_deep_description] LastAsyncEl8AsyncHwEl | inputs: AsyncHwEl[0] | outputs: user
[2025-09-12 14:34:09.651] [8250] [HailoRT] [info] [hef.cpp:1929] [get_network_group_and_network_name] No name was given. Addressing all networks of default network_group: yolov8m_pose
[2025-09-12 14:42:15.612] [8313] [HailoRT] [info] [device.cpp:49] [Device] OS Version: Linux 6.12.34+rpt-rpi-2712 #1 SMP PREEMPT Debian 1:6.12.34-1+rpt1~bookworm (2025-06-26) aarch64
[2025-09-12 14:42:15.613] [8313] [HailoRT] [info] [control.cpp:108] [control__parse_identify_results] firmware_version is: 4.20.0
[2025-09-12 14:42:15.614] [8313] [HailoRT] [info] [control.cpp:108] [control__parse_identify_results] firmware_version is: 4.20.0
[2025-09-12 14:42:15.656] [8321] [HailoRT] [info] [device.cpp:49] [Device] OS Version: Linux 6.12.34+rpt-rpi-2712 #1 SMP PREEMPT Debian 1:6.12.34-1+rpt1~bookworm (2025-06-26) aarch64
[2025-09-12 14:42:15.657] [8321] [HailoRT] [info] [control.cpp:108] [control__parse_identify_results] firmware_version is: 4.20.0
[2025-09-12 14:42:15.658] [8321] [HailoRT] [info] [control.cpp:108] [control__parse_identify_results] firmware_version is: 4.20.0
[2025-09-12 14:42:15.708] [8329] [HailoRT] [info] [device.cpp:49] [Device] OS Version: Linux 6.12.34+rpt-rpi-2712 #1 SMP PREEMPT Debian 1:6.12.34-1+rpt1~bookworm (2025-06-26) aarch64
[2025-09-12 14:42:15.709] [8329] [HailoRT] [info] [control.cpp:108] [control__parse_identify_results] firmware_version is: 4.20.0
[2025-09-12 14:42:15.710] [8329] [HailoRT] [info] [control.cpp:108] [control__parse_identify_results] firmware_version is: 4.20.0
[2025-09-12 14:42:15.794] [8302] [HailoRT] [info] [vdevice.cpp:523] [create] Creating vdevice with params: device_count: 1, scheduling_algorithm: ROUND_ROBIN, multi_process_service: false
[2025-09-12 14:42:15.807] [8302] [HailoRT] [info] [device.cpp:49] [Device] OS Version: Linux 6.12.34+rpt-rpi-2712 #1 SMP PREEMPT Debian 1:6.12.34-1+rpt1~bookworm (2025-06-26) aarch64
[2025-09-12 14:42:15.808] [8302] [HailoRT] [info] [control.cpp:108] [control__parse_identify_results] firmware_version is: 4.20.0
[2025-09-12 14:42:15.808] [8302] [HailoRT] [info] [vdevice.cpp:651] [create] VDevice Infos: 0001:01:00.0
[2025-09-12 14:42:15.908] [8302] [HailoRT] [info] [hef.cpp:1929] [get_network_group_and_network_name] No name was given. Addressing all networks of default network_group: yolov8m_pose
[2025-09-12 14:42:15.908] [8302] [HailoRT] [info] [hef.cpp:1929] [get_network_group_and_network_name] No name was given. Addressing all networks of default network_group: yolov8m_pose
[2025-09-12 14:42:16.065] [8354] [HailoRT] [info] [internal_buffer_manager.cpp:204] [print_execution_results] Planned internal buffer memory: CMA memory 0, user memory 7300608. memory to edge layer usage factor is 1
[2025-09-12 14:42:16.065] [8354] [HailoRT] [info] [internal_buffer_manager.cpp:212] [print_execution_results] Default Internal buffer planner executed successfully
[2025-09-12 14:42:16.149] [8354] [HailoRT] [info] [device_internal.cpp:57] [configure] Configuring HEF took 97.040771 milliseconds
[2025-09-12 14:42:16.149] [8354] [HailoRT] [info] [vdevice.cpp:749] [configure] Configuring HEF on VDevice took 97.443236 milliseconds
[2025-09-12 14:42:16.149] [8354] [HailoRT] [info] [infer_model.cpp:436] [configure] Configuring network group 'yolov8m_pose' with params: batch size: 2, power mode: PERFORMANCE, latency: NONE
[2025-09-12 14:42:16.149] [8354] [HailoRT] [info] [multi_io_elements.cpp:756] [create] Created (AsyncHwEl)
[2025-09-12 14:42:16.149] [8354] [HailoRT] [info] [queue_elements.cpp:450] [create] Created (EntryPushQEl0yolov8m_pose/input_layer1 | timeout: 10s)
[2025-09-12 14:42:16.149] [8354] [HailoRT] [info] [filter_elements.cpp:101] [create] Created (PreInferEl1yolov8m_pose/input_layer1 | Reorder - src_order: RGB4, src_shape: (640, 640, 3), dst_order: NHWC, dst_shape: (640, 640, 3))
[2025-09-12 14:42:16.150] [8354] [HailoRT] [info] [queue_elements.cpp:450] [create] Created (PushQEl1yolov8m_pose/input_layer1 | timeout: 10s)
[2025-09-12 14:42:16.150] [8354] [HailoRT] [info] [edge_elements.cpp:187] [create] Created (LastAsyncEl4AsyncHwEl)
[2025-09-12 14:42:16.150] [8354] [HailoRT] [info] [queue_elements.cpp:450] [create] Created (PushQEl5AsyncHwEl | timeout: 10s)
[2025-09-12 14:42:16.150] [8354] [HailoRT] [info] [filter_elements.cpp:375] [create] Created (PostInferEl5AsyncHwEl | Reorder - src_order: FCR, src_shape: (40, 40, 56), dst_order: FCR, dst_shape: (40, 40, 51))
[2025-09-12 14:42:16.150] [8354] [HailoRT] [info] [edge_elements.cpp:187] [create] Created (LastAsyncEl0PostInferEl5AsyncHwEl)
[2025-09-12 14:42:16.150] [8354] [HailoRT] [info] [edge_elements.cpp:187] [create] Created (LastAsyncEl1AsyncHwEl)
[2025-09-12 14:42:16.150] [8354] [HailoRT] [info] [queue_elements.cpp:450] [create] Created (PushQEl2AsyncHwEl | timeout: 10s)
[2025-09-12 14:42:16.150] [8354] [HailoRT] [info] [filter_elements.cpp:375] [create] Created (PostInferEl2AsyncHwEl | Reorder - src_order: FCR, src_shape: (20, 20, 56), dst_order: FCR, dst_shape: (20, 20, 51))
[2025-09-12 14:42:16.150] [8354] [HailoRT] [info] [edge_elements.cpp:187] [create] Created (LastAsyncEl0PostInferEl2AsyncHwEl)
[2025-09-12 14:42:16.150] [8354] [HailoRT] [info] [edge_elements.cpp:187] [create] Created (LastAsyncEl3AsyncHwEl)
[2025-09-12 14:42:16.150] [8354] [HailoRT] [info] [edge_elements.cpp:187] [create] Created (LastAsyncEl0AsyncHwEl)
[2025-09-12 14:42:16.150] [8354] [HailoRT] [info] [edge_elements.cpp:187] [create] Created (LastAsyncEl8AsyncHwEl)
[2025-09-12 14:42:16.150] [8354] [HailoRT] [info] [edge_elements.cpp:187] [create] Created (LastAsyncEl6AsyncHwEl)
[2025-09-12 14:42:16.150] [8354] [HailoRT] [info] [queue_elements.cpp:450] [create] Created (PushQEl7AsyncHwEl | timeout: 10s)
[2025-09-12 14:42:16.150] [8354] [HailoRT] [info] [filter_elements.cpp:375] [create] Created (PostInferEl7AsyncHwEl | Reorder - src_order: FCR, src_shape: (80, 80, 56), dst_order: FCR, dst_shape: (80, 80, 51))
[2025-09-12 14:42:16.150] [8354] [HailoRT] [info] [edge_elements.cpp:187] [create] Created (LastAsyncEl0PostInferEl7AsyncHwEl)
[2025-09-12 14:42:16.150] [8354] [HailoRT] [info] [pipeline.cpp:891] [print_deep_description] EntryPushQEl0yolov8m_pose/input_layer1 | inputs: user | outputs: PreInferEl1yolov8m_pose/input_layer1(running in thread_id: 8378)
[2025-09-12 14:42:16.150] [8354] [HailoRT] [info] [pipeline.cpp:891] [print_deep_description] PreInferEl1yolov8m_pose/input_layer1 | inputs: EntryPushQEl0yolov8m_pose/input_layer1[0] | outputs: PushQEl1yolov8m_pose/input_layer1
[2025-09-12 14:42:16.150] [8354] [HailoRT] [info] [pipeline.cpp:891] [print_deep_description] PushQEl1yolov8m_pose/input_layer1 | inputs: PreInferEl1yolov8m_pose/input_layer1[0] | outputs: AsyncHwEl(running in thread_id: 8379)
[2025-09-12 14:42:16.150] [8354] [HailoRT] [info] [pipeline.cpp:891] [print_deep_description] AsyncHwEl | inputs: PushQEl1yolov8m_pose/input_layer1[0] | outputs: LastAsyncEl0AsyncHwEl LastAsyncEl1AsyncHwEl PushQEl2AsyncHwEl LastAsyncEl3AsyncHwEl LastAsyncEl4AsyncHwEl PushQEl5AsyncHwEl LastAsyncEl6AsyncHwEl PushQEl7AsyncHwEl LastAsyncEl8AsyncHwEl
[2025-09-12 14:42:16.150] [8354] [HailoRT] [info] [pipeline.cpp:891] [print_deep_description] LastAsyncEl0AsyncHwEl | inputs: AsyncHwEl[0] | outputs: user
[2025-09-12 14:42:16.150] [8354] [HailoRT] [info] [pipeline.cpp:891] [print_deep_description] LastAsyncEl1AsyncHwEl | inputs: AsyncHwEl[0] | outputs: user
[2025-09-12 14:42:16.150] [8354] [HailoRT] [info] [pipeline.cpp:891] [print_deep_description] PushQEl2AsyncHwEl | inputs: AsyncHwEl[0] | outputs: PostInferEl2AsyncHwEl(running in thread_id: 8381)
[2025-09-12 14:42:16.150] [8354] [HailoRT] [info] [pipeline.cpp:891] [print_deep_description] PostInferEl2AsyncHwEl | inputs: PushQEl2AsyncHwEl[0] | outputs: LastAsyncEl0PostInferEl2AsyncHwEl
[2025-09-12 14:42:16.150] [8354] [HailoRT] [info] [pipeline.cpp:891] [print_deep_description] LastAsyncEl0PostInferEl2AsyncHwEl | inputs: PostInferEl2AsyncHwEl[0] | outputs: user
[2025-09-12 14:42:16.150] [8354] [HailoRT] [info] [pipeline.cpp:891] [print_deep_description] LastAsyncEl3AsyncHwEl | inputs: AsyncHwEl[0] | outputs: user
[2025-09-12 14:42:16.150] [8354] [HailoRT] [info] [pipeline.cpp:891] [print_deep_description] LastAsyncEl4AsyncHwEl | inputs: AsyncHwEl[0] | outputs: user
[2025-09-12 14:42:16.150] [8354] [HailoRT] [info] [pipeline.cpp:891] [print_deep_description] PushQEl5AsyncHwEl | inputs: AsyncHwEl[0] | outputs: PostInferEl5AsyncHwEl(running in thread_id: 8380)
[2025-09-12 14:42:16.150] [8354] [HailoRT] [info] [pipeline.cpp:891] [print_deep_description] PostInferEl5AsyncHwEl | inputs: PushQEl5AsyncHwEl[0] | outputs: LastAsyncEl0PostInferEl5AsyncHwEl
[2025-09-12 14:42:16.150] [8354] [HailoRT] [info] [pipeline.cpp:891] [print_deep_description] LastAsyncEl0PostInferEl5AsyncHwEl | inputs: PostInferEl5AsyncHwEl[0] | outputs: user
[2025-09-12 14:42:16.150] [8354] [HailoRT] [info] [pipeline.cpp:891] [print_deep_description] LastAsyncEl6AsyncHwEl | inputs: AsyncHwEl[0] | outputs: user
[2025-09-12 14:42:16.150] [8354] [HailoRT] [info] [pipeline.cpp:891] [print_deep_description] PushQEl7AsyncHwEl | inputs: AsyncHwEl[0] | outputs: PostInferEl7AsyncHwEl(running in thread_id: 8382)
[2025-09-12 14:42:16.150] [8354] [HailoRT] [info] [pipeline.cpp:891] [print_deep_description] PostInferEl7AsyncHwEl | inputs: PushQEl7AsyncHwEl[0] | outputs: LastAsyncEl0PostInferEl7AsyncHwEl
[2025-09-12 14:42:16.150] [8354] [HailoRT] [info] [pipeline.cpp:891] [print_deep_description] LastAsyncEl0PostInferEl7AsyncHwEl | inputs: PostInferEl7AsyncHwEl[0] | outputs: user
[2025-09-12 14:42:16.150] [8354] [HailoRT] [info] [pipeline.cpp:891] [print_deep_description] LastAsyncEl8AsyncHwEl | inputs: AsyncHwEl[0] | outputs: user
[2025-09-12 1[2025-09-12 14:42:26.280] [8398] [HailoRT] [info] [device.cpp:49] [Device] OS Version: Linux 6.12.34+rpt-rpi-2712 #1 SMP PREEMPT Debian 1:6.12.34-1+rpt1~bookworm (2025-06-26) aarch64
[2025-09-12 14:42:26.281] [8398] [HailoRT] [info] [control.cpp:108] [control__parse_identify_results] firmware_version is: 4.20.0
[2025-09-12 14:42:26.282] [8398] [HailoRT] [info] [control.cpp:108] [control__parse_identify_results] firmware_version is: 4.20.0
[2025-09-12 14:42:26.336] [8406] [HailoRT] [info] [device.cpp:49] [Device] OS Version: Linux 6.12.34+rpt-rpi-2712 #1 SMP PREEMPT Debian 1:6.12.34-1+rpt1~bookworm (2025-06-26) aarch64
[2025-09-12 14:42:26.337] [8406] [HailoRT] [info] [control.cpp:108] [control__parse_identify_results] firmware_version is: 4.20.0
[2025-09-12 14:42:26.338] [8406] [HailoRT] [info] [control.cpp:108] [control__parse_identify_results] firmware_version is: 4.20.0
[2025-09-12 14:42:26.384] [8414] [HailoRT] [info] [device.cpp:49] [Device] OS Version: Linux 6.12.34+rpt-rpi-2712 #1 SMP PREEMPT Debian 1:6.12.34-1+rpt1~bookworm (2025-06-26) aarch64
[2025-09-12 14:42:26.385] [8414] [HailoRT] [info] [control.cpp:108] [control__parse_identify_results] firmware_version is: 4.20.0
[2025-09-12 14:42:26.386] [8414] [HailoRT] [info] [control.cpp:108] [control__parse_identify_results] firmware_version is: 4.20.0
[2025-09-12 14:42:26.450] [8387] [HailoRT] [info] [vdevice.cpp:523] [create] Creating vdevice with params: device_count: 1, scheduling_algorithm: ROUND_ROBIN, multi_process_service: false
[2025-09-12 14:42:26.463] [8387] [HailoRT] [info] [device.cpp:49] [Device] OS Version: Linux 6.12.34+rpt-rpi-2712 #1 SMP PREEMPT Debian 1:6.12.34-1+rpt1~bookworm (2025-06-26) aarch64
[2025-09-12 14:42:26.464] [8387] [HailoRT] [info] [control.cpp:108] [control__parse_identify_results] firmware_version is: 4.20.0
[2025-09-12 14:42:26.464] [8387] [HailoRT] [info] [vdevice.cpp:651] [create] VDevice Infos: 0001:01:00.0
[2025-09-12 14:42:26.565] [8387] [HailoRT] [info] [hef.cpp:1929] [get_network_group_and_network_name] No name was given. Addressing all networks of default network_group: yolov8m_pose
[2025-09-12 14:42:26.565] [8387] [HailoRT] [info] [hef.cpp:1929] [get_network_group_and_network_name] No name was given. Addressing all networks of default network_group: yolov8m_pose
[2025-09-12 14:42:26.702] [8439] [HailoRT] [info] [internal_buffer_manager.cpp:204] [print_execution_results] Planned internal buffer memory: CMA memory 0, user memory 7300608. memory to edge layer usage factor is 1
[2025-09-12 14:42:26.702] [8439] [HailoRT] [info] [internal_buffer_manager.cpp:212] [print_execution_results] Default Internal buffer planner executed successfully
[2025-09-12 14:42:26.782] [8439] [HailoRT] [info] [device_internal.cpp:57] [configure] Configuring HEF took 101.313887 milliseconds
[2025-09-12 14:42:26.782] [8439] [HailoRT] [info] [vdevice.cpp:749] [configure] Configuring HEF on VDevice took 101.727982 milliseconds
[2025-09-12 14:42:26.782] [8439] [HailoRT] [info] [infer_model.cpp:436] [configure] Configuring network group 'yolov8m_pose' with params: batch size: 2, power mode: PERFORMANCE, latency: NONE
[2025-09-12 14:42:26.783] [8439] [HailoRT] [info] [multi_io_elements.cpp:756] [create] Created (AsyncHwEl)
[2025-09-12 14:42:26.783] [8439] [HailoRT] [info] [queue_elements.cpp:450] [create] Created (EntryPushQEl0yolov8m_pose/input_layer1 | timeout: 10s)
[2025-09-12 14:42:26.783] [8439] [HailoRT] [info] [filter_elements.cpp:101] [create] Created (PreInferEl1yolov8m_pose/input_layer1 | Reorder - src_order: RGB4, src_shape: (640, 640, 3), dst_order: NHWC, dst_shape: (640, 640, 3))
[2025-09-12 14:42:26.783] [8439] [HailoRT] [info] [queue_elements.cpp:450] [create] Created (PushQEl1yolov8m_pose/input_layer1 | timeout: 10s)
[2025-09-12 14:42:26.783] [8439] [HailoRT] [info] [edge_elements.cpp:187] [create] Created (LastAsyncEl4AsyncHwEl)
[2025-09-12 14:42:26.783] [8439] [HailoRT] [info] [queue_elements.cpp:450] [create] Created (PushQEl5AsyncHwEl | timeout: 10s)
[2025-09-12 14:42:26.783] [8439] [HailoRT] [info] [filter_elements.cpp:375] [create] Created (PostInferEl5AsyncHwEl | Reorder - src_order: FCR, src_shape: (40, 40, 56), dst_order: FCR, dst_shape: (40, 40, 51))
[2025-09-12 14:42:26.783] [8439] [HailoRT] [info] [edge_elements.cpp:187] [create] Created (LastAsyncEl0PostInferEl5AsyncHwEl)
[2025-09-12 14:42:26.783] [8439] [HailoRT] [info] [edge_elements.cpp:187] [create] Created (LastAsyncEl1AsyncHwEl)
[2025-09-12 14:42:26.783] [8439] [HailoRT] [info] [queue_elements.cpp:450] [create] Created (PushQEl2AsyncHwEl | timeout: 10s)
[2025-09-12 14:42:26.783] [8439] [HailoRT] [info] [filter_elements.cpp:375] [create] Created (PostInferEl2AsyncHwEl | Reorder - src_order: FCR, src_shape: (20, 20, 56), dst_order: FCR, dst_shape: (20, 20, 51))
[2025-09-12 14:42:26.783] [8439] [HailoRT] [info] [edge_elements.cpp:187] [create] Created (LastAsyncEl0PostInferEl2AsyncHwEl)
[2025-09-12 14:42:26.783] [8439] [HailoRT] [info] [edge_elements.cpp:187] [create] Created (LastAsyncEl3AsyncHwEl)
[2025-09-12 14:42:26.783] [8439] [HailoRT] [info] [edge_elements.cpp:187] [create] Created (LastAsyncEl0AsyncHwEl)
[2025-09-12 14:42:26.783] [8439] [HailoRT] [info] [edge_elements.cpp:187] [create] Created (LastAsyncEl8AsyncHwEl)
[2025-09-12 14:42:26.783] [8439] [HailoRT] [info] [edge_elements.cpp:187] [create] Created (LastAsyncEl6AsyncHwEl)
[2025-09-12 14:42:26.783] [8439] [HailoRT] [info] [queue_elements.cpp:450] [create] Created (PushQEl7AsyncHwEl | timeout: 10s)
[2025-09-12 14:42:26.783] [8439] [HailoRT] [info] [filter_elements.cpp:375] [create] Created (PostInferEl7AsyncHwEl | Reorder - src_order: FCR, src_shape: (80, 80, 56), dst_order: FCR, dst_shape: (80, 80, 51))
[2025-09-12 14:42:26.783] [8439] [HailoRT] [info] [edge_elements.cpp:187] [create] Created (LastAsyncEl0PostInferEl7AsyncHwEl)
[2025-09-12 14:42:26.783] [8439] [HailoRT] [info] [pipeline.cpp:891] [print_deep_description] EntryPushQEl0yolov8m_pose/input_layer1 | inputs: user | outputs: PreInferEl1yolov8m_pose/input_layer1(running in thread_id: 8463)
[2025-09-12 14:42:26.783] [8439] [HailoRT] [info] [pipeline.cpp:891] [print_deep_description] PreInferEl1yolov8m_pose/input_layer1 | inputs: EntryPushQEl0yolov8m_pose/input_layer1[0] | outputs: PushQEl1yolov8m_pose/input_layer1
[2025-09-12 14:42:26.783] [8439] [HailoRT] [info] [pipeline.cpp:891] [print_deep_description] PushQEl1yolov8m_pose/input_layer1 | inputs: PreInferEl1yolov8m_pose/input_layer1[0] | outputs: AsyncHwEl(running in thread_id: 8464)
[2025-09-12 14:42:26.783] [8439] [HailoRT] [info] [pipeline.cpp:891] [print_deep_description] AsyncHwEl | inputs: PushQEl1yolov8m_pose/input_layer1[0] | outputs: LastAsyncEl0AsyncHwEl LastAsyncEl1AsyncHwEl PushQEl2AsyncHwEl LastAsyncEl3AsyncHwEl LastAsyncEl4AsyncHwEl PushQEl5AsyncHwEl LastAsyncEl6AsyncHwEl PushQEl7AsyncHwEl LastAsyncEl8AsyncHwEl
[2025-09-12 14:42:26.784] [8439] [HailoRT] [info] [pipeline.cpp:891] [print_deep_description] LastAsyncEl0AsyncHwEl | inputs: AsyncHwEl[0] | outputs: user
[2025-09-12 14:42:26.784] [8439] [HailoRT] [info] [pipeline.cpp:891] [print_deep_description] LastAsyncEl1AsyncHwEl | inputs: AsyncHwEl[0] | outputs: user
[2025-09-12 14:42:26.784] [8439] [HailoRT] [info] [pipeline.cpp:891] [print_deep_description] PushQEl2AsyncHwEl | inputs: AsyncHwEl[0] | outputs: PostInferEl2AsyncHwEl(running in thread_id: 8466)
[2025-09-12 14:42:26.784] [8439] [HailoRT] [info] [pipeline.cpp:891] [print_deep_description] PostInferEl2AsyncHwEl | inputs: PushQEl2AsyncHwEl[0] | outputs: LastAsyncEl0PostInferEl2AsyncHwEl
[2025-09-12 14:42:26.784] [8439] [HailoRT] [info] [pipeline.cpp:891] [print_deep_description] LastAsyncEl0PostInferEl2AsyncHwEl | inputs: PostInferEl2AsyncHwEl[0] | outputs: user
[2025-09-12 14:42:26.784] [8439] [HailoRT] [info] [pipeline.cpp:891] [print_deep_description] LastAsyncEl3AsyncHwEl | inputs: AsyncHwEl[0] | outputs: user
[2025-09-12 14:42:26.784] [8439] [HailoRT] [info] [pipeline.cpp:891] [print_deep_description] LastAsyncEl4AsyncHwEl | inputs: AsyncHwEl[0] | outputs: user
[2025-09-12 14:42:26.784] [8439] [HailoRT] [info] [pipeline.cpp:891] [print_deep_description] PushQEl5AsyncHwEl | inputs: AsyncHwEl[0] | outputs: PostInferEl5AsyncHwEl(running in thread_id: 8465)
[2025-09-12 14:42:26.784] [8439] [HailoRT] [info] [pipeline.cpp:891] [print_deep_description] PostInferEl5AsyncHwEl | inputs: PushQEl5AsyncHwEl[0] | outputs: LastAsyncEl0PostInferEl5AsyncHwEl
[2025-09-12 14:42:26.784] [8439] [HailoRT] [info] [pipeline.cpp:891] [print_deep_description] LastAsyncEl0PostInferEl5AsyncHwEl | inputs: PostInferEl5AsyncHwEl[0] | outputs: user
[2025-09-12 14:42:26.784] [8439] [HailoRT] [info] [pipeline.cpp:891] [print_deep_description] LastAsyncEl6AsyncHwEl | inputs: AsyncHwEl[0] | outputs: user
[2025-09-12 14:42:26.784] [8439] [HailoRT] [info] [pipeline.cpp:891] [print_deep_description] PushQEl7AsyncHwEl | inputs: AsyncHwEl[0] | outputs: PostInferEl7AsyncHwEl(running in thread_id: 8467)
[2025-09-12 14:42:26.784] [8439] [HailoRT] [info] [pipeline.cpp:891] [print_deep_description] PostInferEl7AsyncHwEl | inputs: PushQEl7AsyncHwEl[0] | outputs: LastAsyncEl0PostInferEl7AsyncHwEl
[2025-09-12 14:42:26.784] [8439] [HailoRT] [info] [pipeline.cpp:891] [print_deep_description] LastAsyncEl0PostInferEl7AsyncHwEl | inputs: PostInferEl7AsyncHwEl[0] | outputs: user
[2025-09-12 14:42:26.784] [8439] [HailoRT] [info] [pipeline.cpp:891] [print_deep_description] LastAsyncEl8AsyncHwEl | inputs: AsyncHwEl[0] | outputs: user
[2025-09-12 14:42:26.789] [8439] [HailoRT] [info] [hef.cpp:1929] [get_network_group_and_network_name] No name was given. Addressing all networks of default network_group: yolov8m_pose
[2025-09-12 14:43:26.204] [8486] [HailoRT] [info] [device.cpp:49] [Device] OS Version: Linux 6.12.34+rpt-rpi-2712 #1 SMP PREEMPT Debian 1:6.12.34-1+rpt1~bookworm (2025-06-26) aarch64
[2025-09-12 14:43:26.205] [8486] [HailoRT] [info] [control.cpp:108] [control__parse_identify_results] firmware_version is: 4.20.0
[2025-09-12 14:43:26.206] [8486] [HailoRT] [info] [control.cpp:108] [control__parse_identify_results] firmware_version is: 4.20.0
[2025-09-12 14:43:26.248] [8494] [HailoRT] [info] [device.cpp:49] [Device] OS Version: Linux 6.12.34+rpt-rpi-2712 #1 SMP PREEMPT Debian 1:6.12.34-1+rpt1~bookworm (2025-06-26) aarch64
[2025-09-12 14:43:26.249] [8494] [HailoRT] [info] [control.cpp:108] [control__parse_identify_results] firmware_version is: 4.20.0
[2025-09-12 14:43:26.250] [8494] [HailoRT] [info] [control.cpp:108] [control__parse_identify_results] firmware_version is: 4.20.0
[2025-09-12 14:43:26.292] [8502] [HailoRT] [info] [device.cpp:49] [Device] OS Version: Linux 6.12.34+rpt-rpi-2712 #1 SMP PREEMPT Debian 1:6.12.34-1+rpt1~bookworm (2025-06-26) aarch64
[2025-09-12 14:43:26.293] [8502] [HailoRT] [info] [control.cpp:108] [control__parse_identify_results] firmware_version is: 4.20.0
[2025-09-12 14:43:26.294] [8502] [HailoRT] [info] [control.cpp:108] [control__parse_identify_results] firmware_version is: 4.20.0
[2025-09-12 14:43:26.370] [8475] [HailoRT] [info] [vdevice.cpp:523] [create] Creating vdevice with params: device_count: 1, scheduling_algorithm: ROUND_ROBIN, multi_process_service: false
[2025-09-12 14:43:26.383] [8475] [HailoRT] [info] [device.cpp:49] [Device] OS Version: Linux 6.12.34+rpt-rpi-2712 #1 SMP PREEMPT Debian 1:6.12.34-1+rpt1~bookworm (2025-06-26) aarch64
[2025-09-12 14:43:26.384] [8475] [HailoRT] [info] [control.cpp:108] [control__parse_identify_results] firmware_version is: 4.20.0
[2025-09-12 14:43:26.384] [8475] [HailoRT] [info] [vdevice.cpp:651] [create] VDevice Infos: 0001:01:00.0
[2025-09-12 14:43:26.485] [8475] [HailoRT] [info] [hef.cpp:1929] [get_network_group_and_network_name] No name was given. Addressing all networks of default network_group: yolov8m_pose
[2025-09-12 14:43:26.485] [8475] [HailoRT] [info] [hef.cpp:1929] [get_network_group_and_network_name] No name was given. Addressing all networks of default network_group: yolov8m_pose
[2025-09-12 14:43:26.629] [8527] [HailoRT] [info] [internal_buffer_manager.cpp:204] [print_execution_results] Planned internal buffer memory: CMA memory 0, user memory 7300608. memory to edge layer usage factor is 1
[2025-09-12 14:43:26.629] [8527] [HailoRT] [info] [internal_buffer_manager.cpp:212] [print_execution_results] Default Internal buffer planner executed successfully
[2025-09-12 14:43:26.709] [8527] [HailoRT] [info] [device_internal.cpp:57] [configure] Configuring HEF took 103.602957 milliseconds
[2025-09-12 14:43:26.709] [8527] [HailoRT] [info] [vdevice.cpp:749] [configure] Configuring HEF on VDevice took 103.977255 milliseconds
[2025-09-12 14:43:26.709] [8527] [HailoRT] [info] [infer_model.cpp:436] [configure] Configuring network group 'yolov8m_pose' with params: batch size: 2, power mode: PERFORMANCE, latency: NONE
[2025-09-12 14:43:26.710] [8527] [HailoRT] [info] [multi_io_elements.cpp:756] [create] Created (AsyncHwEl)
[2025-09-12 14:43:26.710] [8527] [HailoRT] [info] [queue_elements.cpp:450] [create] Created (EntryPushQEl0yolov8m_pose/input_layer1 | timeout: 10s)
[2025-09-12 14:43:26.710] [8527] [HailoRT] [info] [filter_elements.cpp:101] [create] Created (PreInferEl1yolov8m_pose/input_layer1 | Reorder - src_order: RGB4, src_shape: (640, 640, 3), dst_order: NHWC, dst_shape: (640, 640, 3))
[2025-09-12 14:43:26.710] [8527] [HailoRT] [info] [queue_elements.cpp:450] [create] Created (PushQEl1yolov8m_pose/input_layer1 | timeout: 10s)
[2025-09-12 14:43:26.710] [8527] [HailoRT] [info] [edge_elements.cpp:187] [create] Created (LastAsyncEl4AsyncHwEl)
[2025-09-12 14:43:26.710] [8527] [HailoRT] [info] [queue_elements.cpp:450] [create] Created (PushQEl5AsyncHwEl | timeout: 10s)
[2025-09-12 14:43:26.710] [8527] [HailoRT] [info] [filter_elements.cpp:375] [create] Created (PostInferEl5AsyncHwEl | Reorder - src_order: FCR, src_shape: (40, 40, 56), dst_order: FCR, dst_shape: (40, 40, 51))
[2025-09-12 14:43:26.710] [8527] [HailoRT] [info] [edge_elements.cpp:187] [create] Created (LastAsyncEl0PostInferEl5AsyncHwEl)
[2025-09-12 14:43:26.710] [8527] [HailoRT] [info] [edge_elements.cpp:187] [create] Created (LastAsyncEl1AsyncHwEl)
[2025-09-12 14:43:26.710] [8527] [HailoRT] [info] [queue_elements.cpp:450] [create] Created (PushQEl2AsyncHwEl | timeout: 10s)
[2025-09-12 14:43:26.710] [8527] [HailoRT] [info] [filter_elements.cpp:375] [create] Created (PostInferEl2AsyncHwEl | Reorder - src_order: FCR, src_shape: (20, 20, 56), dst_order: FCR, dst_shape: (20, 20, 51))
[2025-09-12 14:43:26.710] [8527] [HailoRT] [info] [edge_elements.cpp:187] [create] Created (LastAsyncEl0PostInferEl2AsyncHwEl)
[2025-09-12 14:43:26.710] [8527] [HailoRT] [info] [edge_elements.cpp:187] [create] Created (LastAsyncEl3AsyncHwEl)
[2025-09-12 14:43:26.710] [8527] [HailoRT] [info] [edge_elements.cpp:187] [create] Created (LastAsyncEl0AsyncHwEl)
[2025-09-12 14:43:26.710] [8527] [HailoRT] [info] [edge_elements.cpp:187] [create] Created (LastAsyncEl8AsyncHwEl)
[2025-09-12 14:43:26.710] [8527] [HailoRT] [info] [edge_elements.cpp:187] [create] Created (LastAsyncEl6AsyncHwEl)
[2025-09-12 14:43:26.710] [8527] [HailoRT] [info] [queue_elements.cpp:450] [create] Created (PushQEl7AsyncHwEl | timeout: 10s)
[2025-09-12 14:43:26.710] [8527] [HailoRT] [info] [filter_elements.cpp:375] [create] Created (PostInferEl7AsyncHwEl | Reorder - src_order: FCR, src_shape: (80, 80, 56), dst_order: FCR, dst_shape: (80, 80, 51))
[2025-09-12 14:43:26.710] [8527] [HailoRT] [info] [edge_elements.cpp:187] [create] Created (LastAsyncEl0PostInferEl7AsyncHwEl)
[2025-09-12 14:43:26.710] [8527] [HailoRT] [info] [pipeline.cpp:891] [print_deep_description] EntryPushQEl0yolov8m_pose/input_layer1 | inputs: user | outputs: PreInferEl1yolov8m_pose/input_layer1(running in thread_id: 8550)
[2025-09-12 14:43:26.710] [8527] [HailoRT] [info] [pipeline.cpp:891] [print_deep_description] PreInferEl1yolov8m_pose/input_layer1 | inputs: EntryPushQEl0yolov8m_pose/input_layer1[0] | outputs: PushQEl1yolov8m_pose/input_layer1
[2025-09-12 14:43:26.710] [8527] [HailoRT] [info] [pipeline.cpp:891] [print_deep_description] PushQEl1yolov8m_pose/input_layer1 | inputs: PreInferEl1yolov8m_pose/input_layer1[0] | outputs: AsyncHwEl(running in thread_id: 8551)
[2025-09-12 14:43:26.710] [8527] [HailoRT] [info] [pipeline.cpp:891] [print_deep_description] AsyncHwEl | inputs: PushQEl1yolov8m_pose/input_layer1[0] | outputs: LastAsyncEl0AsyncHwEl LastAsyncEl1AsyncHwEl PushQEl2AsyncHwEl LastAsyncEl3AsyncHwEl LastAsyncEl4AsyncHwEl PushQEl5AsyncHwEl LastAsyncEl6AsyncHwEl PushQEl7AsyncHwEl LastAsyncEl8AsyncHwEl
[2025-09-12 14:43:26.710] [8527] [HailoRT] [info] [pipeline.cpp:891] [print_deep_description] LastAsyncEl0AsyncHwEl | inputs: AsyncHwEl[0] | outputs: user
[2025-09-12 14:43:26.710] [8527] [HailoRT] [info] [pipeline.cpp:891] [print_deep_description] LastAsyncEl1AsyncHwEl | inputs: AsyncHwEl[0] | outputs: user
[2025-09-12 14:43:26.710] [8527] [HailoRT] [info] [pipeline.cpp:891] [print_deep_description] PushQEl2AsyncHwEl | inputs: AsyncHwEl[0] | outputs: PostInferEl2AsyncHwEl(running in thread_id: 8553)
[2025-09-12 14:43:26.710] [8527] [HailoRT] [info] [pipeline.cpp:891] [print_deep_description] PostInferEl2AsyncHwEl | inputs: PushQEl2AsyncHwEl[0] | outputs: LastAsyncEl0PostInferEl2AsyncHwEl
[2025-09-12 14:43:26.710] [8527] [HailoRT] [info] [pipeline.cpp:891] [print_deep_description] LastAsyncEl0PostInferEl2AsyncHwEl | inputs: PostInferEl2AsyncHwEl[0] | outputs: user
[2025-09-12 14:43:26.710] [8527] [HailoRT] [info] [pipeline.cpp:891] [print_deep_description] LastAsyncEl3AsyncHwEl | inputs: AsyncHwEl[0] | outputs: user
[2025-09-12 14:43:26.710] [8527] [HailoRT] [info] [pipeline.cpp:891] [print_deep_description] LastAsyncEl4AsyncHwEl | inputs: AsyncHwEl[0] | outputs: user
[2025-09-12 14:43:26.710] [8527] [HailoRT] [info] [pipeline.cpp:891] [print_deep_description] PushQEl5AsyncHwEl | inputs: AsyncHwEl[0] | outputs: PostInferEl5AsyncHwEl(running in thread_id: 8552)
[2025-09-12 14:43:26.710] [8527] [HailoRT] [info] [pipeline.cpp:891] [print_deep_description] PostInferEl5AsyncHwEl | inputs: PushQEl5AsyncHwEl[0] | outputs: LastAsyncEl0PostInferEl5AsyncHwEl
[2025-09-12 14:43:26.710] [8527] [HailoRT] [info] [pipeline.cpp:891] [print_deep_description] LastAsyncEl0PostInferEl5AsyncHwEl | inputs: PostInferEl5AsyncHwEl[0] | outputs: user
[2025-09-12 14:43:26.710] [8527] [HailoRT] [info] [pipeline.cpp:891] [print_deep_description] LastAsyncEl6AsyncHwEl | inputs: AsyncHwEl[0] | outputs: user
[2025-09-12 14:43:26.711] [8527] [HailoRT] [info] [pipeline.cpp:891] [print_deep_description] PushQEl7AsyncHwEl | inputs: AsyncHwEl[0] | outputs: PostInferEl7AsyncHwEl(running in thread_id: 8554)
[2025-09-12 14:43:26.711] [8527] [HailoRT] [info] [pipeline.cpp:891] [print_deep_description] PostInferEl7AsyncHwEl | inputs: PushQEl7AsyncHwEl[0] | outputs: LastAsyncEl0PostInferEl7AsyncHwEl
[2025-09-12 14:43:26.711] [8527] [HailoRT] [info] [pipeline.cpp:891] [print_deep_description] LastAsyncEl0PostInferEl7AsyncHwEl | inputs: PostInferEl7AsyncHwEl[0] | outputs: user
[2025-09-12 14:43:26.711] [8527] [HailoRT] [info] [pipeline.cpp:891] [print_deep_description] LastAsyncEl8AsyncHwEl | inputs: AsyncHwEl[0] | outputs: user
[2025-09-12[2025-09-12 14:43:30.071] [8568] [HailoRT] [info] [device.cpp:49] [Device] OS Version: Linux 6.12.34+rpt-rpi-2712 #1 SMP PREEMPT Debian 1:6.12.34-1+rpt1~bookworm (2025-06-26) aarch64
[2025-09-12 14:43:30.072] [8568] [HailoRT] [info] [control.cpp:108] [control__parse_identify_results] firmware_version is: 4.20.0
[2025-09-12 14:43:30.073] [8568] [HailoRT] [info] [control.cpp:108] [control__parse_identify_results] firmware_version is: 4.20.0
[2025-09-12 14:43:30.120] [8576] [HailoRT] [info] [device.cpp:49] [Device] OS Version: Linux 6.12.34+rpt-rpi-2712 #1 SMP PREEMPT Debian 1:6.12.34-1+rpt1~bookworm (2025-06-26) aarch64
[2025-09-12 14:43:30.121] [8576] [HailoRT] [info] [control.cpp:108] [control__parse_identify_results] firmware_version is: 4.20.0
[2025-09-12 14:43:30.122] [8576] [HailoRT] [info] [control.cpp:108] [control__parse_identify_results] firmware_version is: 4.20.0
[2025-09-12 14:43:30.176] [8584] [HailoRT] [info] [device.cpp:49] [Device] OS Version: Linux 6.12.34+rpt-rpi-2712 #1 SMP PREEMPT Debian 1:6.12.34-1+rpt1~bookworm (2025-06-26) aarch64
[2025-09-12 14:43:30.177] [8584] [HailoRT] [info] [control.cpp:108] [control__parse_identify_results] firmware_version is: 4.20.0
[2025-09-12 14:43:30.178] [8584] [HailoRT] [info] [control.cpp:108] [control__parse_identify_results] firmware_version is: 4.20.0
[2025-09-12 14:43:30.250] [8557] [HailoRT] [info] [vdevice.cpp:523] [create] Creating vdevice with params: device_count: 1, scheduling_algorithm: ROUND_ROBIN, multi_process_service: false
[2025-09-12 14:43:30.263] [8557] [HailoRT] [info] [device.cpp:49] [Device] OS Version: Linux 6.12.34+rpt-rpi-2712 #1 SMP PREEMPT Debian 1:6.12.34-1+rpt1~bookworm (2025-06-26) aarch64
[2025-09-12 14:43:30.264] [8557] [HailoRT] [info] [control.cpp:108] [control__parse_identify_results] firmware_version is: 4.20.0
[2025-09-12 14:43:30.264] [8557] [HailoRT] [info] [vdevice.cpp:651] [create] VDevice Infos: 0001:01:00.0
[2025-09-12 14:43:30.364] [8557] [HailoRT] [info] [hef.cpp:1929] [get_network_group_and_network_name] No name was given. Addressing all networks of default network_group: yolov8m_pose
[2025-09-12 14:43:30.364] [8557] [HailoRT] [info] [hef.cpp:1929] [get_network_group_and_network_name] No name was given. Addressing all networks of default network_group: yolov8m_pose
[2025-09-12 14:43:30.512] [8609] [HailoRT] [info] [internal_buffer_manager.cpp:204] [print_execution_results] Planned internal buffer memory: CMA memory 0, user memory 7300608. memory to edge layer usage factor is 1
[2025-09-12 14:43:30.512] [8609] [HailoRT] [info] [internal_buffer_manager.cpp:212] [print_execution_results] Default Internal buffer planner executed successfully
[2025-09-12 14:43:30.588] [8609] [HailoRT] [info] [device_internal.cpp:57] [configure] Configuring HEF took 96.344973 milliseconds
[2025-09-12 14:43:30.588] [8609] [HailoRT] [info] [vdevice.cpp:749] [configure] Configuring HEF on VDevice took 98.244446 milliseconds
[2025-09-12 14:43:30.588] [8609] [HailoRT] [info] [infer_model.cpp:436] [configure] Configuring network group 'yolov8m_pose' with params: batch size: 2, power mode: PERFORMANCE, latency: NONE
[2025-09-12 14:43:30.588] [8609] [HailoRT] [info] [multi_io_elements.cpp:756] [create] Created (AsyncHwEl)
[2025-09-12 14:43:30.588] [8609] [HailoRT] [info] [queue_elements.cpp:450] [create] Created (EntryPushQEl0yolov8m_pose/input_layer1 | timeout: 10s)
[2025-09-12 14:43:30.588] [8609] [HailoRT] [info] [filter_elements.cpp:101] [create] Created (PreInferEl1yolov8m_pose/input_layer1 | Reorder - src_order: RGB4, src_shape: (640, 640, 3), dst_order: NHWC, dst_shape: (640, 640, 3))
[2025-09-12 14:43:30.588] [8609] [HailoRT] [info] [queue_elements.cpp:450] [create] Created (PushQEl1yolov8m_pose/input_layer1 | timeout: 10s)
[2025-09-12 14:43:30.588] [8609] [HailoRT] [info] [edge_elements.cpp:187] [create] Created (LastAsyncEl4AsyncHwEl)
[2025-09-12 14:43:30.588] [8609] [HailoRT] [info] [queue_elements.cpp:450] [create] Created (PushQEl5AsyncHwEl | timeout: 10s)
[2025-09-12 14:43:30.588] [8609] [HailoRT] [info] [filter_elements.cpp:375] [create] Created (PostInferEl5AsyncHwEl | Reorder - src_order: FCR, src_shape: (40, 40, 56), dst_order: FCR, dst_shape: (40, 40, 51))
[2025-09-12 14:43:30.588] [8609] [HailoRT] [info] [edge_elements.cpp:187] [create] Created (LastAsyncEl0PostInferEl5AsyncHwEl)
[2025-09-12 14:43:30.588] [8609] [HailoRT] [info] [edge_elements.cpp:187] [create] Created (LastAsyncEl1AsyncHwEl)
[2025-09-12 14:43:30.588] [8609] [HailoRT] [info] [queue_elements.cpp:450] [create] Created (PushQEl2AsyncHwEl | timeout: 10s)
[2025-09-12 14:43:30.588] [8609] [HailoRT] [info] [filter_elements.cpp:375] [create] Created (PostInferEl2AsyncHwEl | Reorder - src_order: FCR, src_shape: (20, 20, 56), dst_order: FCR, dst_shape: (20, 20, 51))
[2025-09-12 14:43:30.588] [8609] [HailoRT] [info] [edge_elements.cpp:187] [create] Created (LastAsyncEl0PostInferEl2AsyncHwEl)
[2025-09-12 14:43:30.589] [8609] [HailoRT] [info] [edge_elements.cpp:187] [create] Created (LastAsyncEl3AsyncHwEl)
[2025-09-12 14:43:30.589] [8609] [HailoRT] [info] [edge_elements.cpp:187] [create] Created (LastAsyncEl0AsyncHwEl)
[2025-09-12 14:43:30.589] [8609] [HailoRT] [info] [edge_elements.cpp:187] [create] Created (LastAsyncEl8AsyncHwEl)
[2025-09-12 14:43:30.589] [8609] [HailoRT] [info] [edge_elements.cpp:187] [create] Created (LastAsyncEl6AsyncHwEl)
[2025-09-12 14:43:30.589] [8609] [HailoRT] [info] [queue_elements.cpp:450] [create] Created (PushQEl7AsyncHwEl | timeout: 10s)
[2025-09-12 14:43:30.589] [8609] [HailoRT] [info] [filter_elements.cpp:375] [create] Created (PostInferEl7AsyncHwEl | Reorder - src_order: FCR, src_shape: (80, 80, 56), dst_order: FCR, dst_shape: (80, 80, 51))
[2025-09-12 14:43:30.589] [8609] [HailoRT] [info] [edge_elements.cpp:187] [create] Created (LastAsyncEl0PostInferEl7AsyncHwEl)
[2025-09-12 14:43:30.589] [8609] [HailoRT] [info] [pipeline.cpp:891] [print_deep_description] EntryPushQEl0yolov8m_pose/input_layer1 | inputs: user | outputs: PreInferEl1yolov8m_pose/input_layer1(running in thread_id: 8633)
[2025-09-12 14:43:30.589] [8609] [HailoRT] [info] [pipeline.cpp:891] [print_deep_description] PreInferEl1yolov8m_pose/input_layer1 | inputs: EntryPushQEl0yolov8m_pose/input_layer1[0] | outputs: PushQEl1yolov8m_pose/input_layer1
[2025-09-12 14:43:30.589] [8609] [HailoRT] [info] [pipeline.cpp:891] [print_deep_description] PushQEl1yolov8m_pose/input_layer1 | inputs: PreInferEl1yolov8m_pose/input_layer1[0] | outputs: AsyncHwEl(running in thread_id: 8634)
[2025-09-12 14:43:30.589] [8609] [HailoRT] [info] [pipeline.cpp:891] [print_deep_description] AsyncHwEl | inputs: PushQEl1yolov8m_pose/input_layer1[0] | outputs: LastAsyncEl0AsyncHwEl LastAsyncEl1AsyncHwEl PushQEl2AsyncHwEl LastAsyncEl3AsyncHwEl LastAsyncEl4AsyncHwEl PushQEl5AsyncHwEl LastAsyncEl6AsyncHwEl PushQEl7AsyncHwEl LastAsyncEl8AsyncHwEl
[2025-09-12 14:43:30.589] [8609] [HailoRT] [info] [pipeline.cpp:891] [print_deep_description] LastAsyncEl0AsyncHwEl | inputs: AsyncHwEl[0] | outputs: user
[2025-09-12 14:43:30.589] [8609] [HailoRT] [info] [pipeline.cpp:891] [print_deep_description] LastAsyncEl1AsyncHwEl | inputs: AsyncHwEl[0] | outputs: user
[2025-09-12 14:43:30.589] [8609] [HailoRT] [info] [pipeline.cpp:891] [print_deep_description] PushQEl2AsyncHwEl | inputs: AsyncHwEl[0] | outputs: PostInferEl2AsyncHwEl(running in thread_id: 8636)
[2025-09-12 14:43:30.589] [8609] [HailoRT] [info] [pipeline.cpp:891] [print_deep_description] PostInferEl2AsyncHwEl | inputs: PushQEl2AsyncHwEl[0] | outputs: LastAsyncEl0PostInferEl2AsyncHwEl
[2025-09-12 14:43:30.589] [8609] [HailoRT] [info] [pipeline.cpp:891] [print_deep_description] LastAsyncEl0PostInferEl2AsyncHwEl | inputs: PostInferEl2AsyncHwEl[0] | outputs: user
[2025-09-12 14:43:30.589] [8609] [HailoRT] [info] [pipeline.cpp:891] [print_deep_description] LastAsyncEl3AsyncHwEl | inputs: AsyncHwEl[0] | outputs: user
[2025-09-12 14:43:30.589] [8609] [HailoRT] [info] [pipeline.cpp:891] [print_deep_description] LastAsyncEl4AsyncHwEl | inputs: AsyncHwEl[0] | outputs: user
[2025-09-12 14:43:30.589] [8609] [HailoRT] [info] [pipeline.cpp:891] [print_deep_description] PushQEl5AsyncHwEl | inputs: AsyncHwEl[0] | outputs: PostInferEl5AsyncHwEl(running in thread_id: 8635)
[2025-09-12 14:43:30.589] [8609] [HailoRT] [info] [pipeline.cpp:891] [print_deep_description] PostInferEl5AsyncHwEl | inputs: PushQEl5AsyncHwEl[0] | outputs: LastAsyncEl0PostInferEl5AsyncHwEl
[2025-09-12 14:43:30.589] [8609] [HailoRT] [info] [pipeline.cpp:891] [print_deep_description] LastAsyncEl0PostInferEl5AsyncHwEl | inputs: PostInferEl5AsyncHwEl[0] | outputs: user
[2025-09-12 14:43:30.589] [8609] [HailoRT] [info] [pipeline.cpp:891] [print_deep_description] LastAsyncEl6AsyncHwEl | inputs: AsyncHwEl[0] | outputs: user
[2025-09-12 14:43:30.589] [8609] [HailoRT] [info] [pipeline.cpp:891] [print_deep_description] PushQEl7AsyncHwEl | inputs: AsyncHwEl[0] | outputs: PostInferEl7AsyncHwEl(running in thread_id: 8637)
[2025-09-12 14:43:30.589] [8609] [HailoRT] [info] [pipeline.cpp:891] [print_deep_description] PostInferEl7AsyncHwEl | inputs: PushQEl7AsyncHwEl[0] | outputs: LastAsyncEl0PostInferEl7AsyncHwEl
[2025-09-12 14:43:30.589] [8609] [HailoRT] [info] [pipeline.cpp:891] [print_deep_description] LastAsyncEl0PostInferEl7AsyncHwEl | inputs: PostInferEl7AsyncHwEl[0] | outputs: user
[2025-09-12 14:43:30.589] [8609] [HailoRT] [info] [pipeline.cpp:891] [print_deep_description] LastAsyncEl8AsyncHwEl | inputs: AsyncHwEl[0] | outputs: user
[2025-09-12 1[2025-09-12 14:43:33.876] [8654] [HailoRT] [info] [device.cpp:49] [Device] OS Version: Linux 6.12.34+rpt-rpi-2712 #1 SMP PREEMPT Debian 1:6.12.34-1+rpt1~bookworm (2025-06-26) aarch64
[2025-09-12 14:43:33.877] [8654] [HailoRT] [info] [control.cpp:108] [control__parse_identify_results] firmware_version is: 4.20.0
[2025-09-12 14:43:33.878] [8654] [HailoRT] [info] [control.cpp:108] [control__parse_identify_results] firmware_version is: 4.20.0
[2025-09-12 14:43:33.936] [8662] [HailoRT] [info] [device.cpp:49] [Device] OS Version: Linux 6.12.34+rpt-rpi-2712 #1 SMP PREEMPT Debian 1:6.12.34-1+rpt1~bookworm (2025-06-26) aarch64
[2025-09-12 14:43:33.937] [8662] [HailoRT] [info] [control.cpp:108] [control__parse_identify_results] firmware_version is: 4.20.0
[2025-09-12 14:43:33.938] [8662] [HailoRT] [info] [control.cpp:108] [control__parse_identify_results] firmware_version is: 4.20.0
[2025-09-12 14:43:33.980] [8670] [HailoRT] [info] [device.cpp:49] [Device] OS Version: Linux 6.12.34+rpt-rpi-2712 #1 SMP PREEMPT Debian 1:6.12.34-1+rpt1~bookworm (2025-06-26) aarch64
[2025-09-12 14:43:33.981] [8670] [HailoRT] [info] [control.cpp:108] [control__parse_identify_results] firmware_version is: 4.20.0
[2025-09-12 14:43:33.982] [8670] [HailoRT] [info] [control.cpp:108] [control__parse_identify_results] firmware_version is: 4.20.0
[2025-09-12 14:43:34.058] [8643] [HailoRT] [info] [vdevice.cpp:523] [create] Creating vdevice with params: device_count: 1, scheduling_algorithm: ROUND_ROBIN, multi_process_service: false
[2025-09-12 14:43:34.070] [8643] [HailoRT] [info] [device.cpp:49] [Device] OS Version: Linux 6.12.34+rpt-rpi-2712 #1 SMP PREEMPT Debian 1:6.12.34-1+rpt1~bookworm (2025-06-26) aarch64
[2025-09-12 14:43:34.071] [8643] [HailoRT] [info] [control.cpp:108] [control__parse_identify_results] firmware_version is: 4.20.0
[2025-09-12 14:43:34.071] [8643] [HailoRT] [info] [vdevice.cpp:651] [create] VDevice Infos: 0001:01:00.0
[2025-09-12 14:43:34.172] [8643] [HailoRT] [info] [hef.cpp:1929] [get_network_group_and_network_name] No name was given. Addressing all networks of default network_group: yolov8m_pose
[2025-09-12 14:43:34.172] [8643] [HailoRT] [info] [hef.cpp:1929] [get_network_group_and_network_name] No name was given. Addressing all networks of default network_group: yolov8m_pose
[2025-09-12 14:43:34.322] [8695] [HailoRT] [info] [internal_buffer_manager.cpp:204] [print_execution_results] Planned internal buffer memory: CMA memory 0, user memory 7300608. memory to edge layer usage factor is 1
[2025-09-12 14:43:34.322] [8695] [HailoRT] [info] [internal_buffer_manager.cpp:212] [print_execution_results] Default Internal buffer planner executed successfully
[2025-09-12 14:43:34.392] [8695] [HailoRT] [info] [device_internal.cpp:57] [configure] Configuring HEF took 98.299539 milliseconds
[2025-09-12 14:43:34.392] [8695] [HailoRT] [info] [vdevice.cpp:749] [configure] Configuring HEF on VDevice took 100.624293 milliseconds
[2025-09-12 14:43:34.392] [8695] [HailoRT] [info] [infer_model.cpp:436] [configure] Configuring network group 'yolov8m_pose' with params: batch size: 2, power mode: PERFORMANCE, latency: NONE
[2025-09-12 14:43:34.392] [8695] [HailoRT] [info] [multi_io_elements.cpp:756] [create] Created (AsyncHwEl)
[2025-09-12 14:43:34.393] [8695] [HailoRT] [info] [queue_elements.cpp:450] [create] Created (EntryPushQEl0yolov8m_pose/input_layer1 | timeout: 10s)
[2025-09-12 14:43:34.393] [8695] [HailoRT] [info] [filter_elements.cpp:101] [create] Created (PreInferEl1yolov8m_pose/input_layer1 | Reorder - src_order: RGB4, src_shape: (640, 640, 3), dst_order: NHWC, dst_shape: (640, 640, 3))
[2025-09-12 14:43:34.393] [8695] [HailoRT] [info] [queue_elements.cpp:450] [create] Created (PushQEl1yolov8m_pose/input_layer1 | timeout: 10s)
[2025-09-12 14:43:34.393] [8695] [HailoRT] [info] [edge_elements.cpp:187] [create] Created (LastAsyncEl4AsyncHwEl)
[2025-09-12 14:43:34.393] [8695] [HailoRT] [info] [queue_elements.cpp:450] [create] Created (PushQEl5AsyncHwEl | timeout: 10s)
[2025-09-12 14:43:34.393] [8695] [HailoRT] [info] [filter_elements.cpp:375] [create] Created (PostInferEl5AsyncHwEl | Reorder - src_order: FCR, src_shape: (40, 40, 56), dst_order: FCR, dst_shape: (40, 40, 51))
[2025-09-12 14:43:34.393] [8695] [HailoRT] [info] [edge_elements.cpp:187] [create] Created (LastAsyncEl0PostInferEl5AsyncHwEl)
[2025-09-12 14:43:34.393] [8695] [HailoRT] [info] [edge_elements.cpp:187] [create] Created (LastAsyncEl1AsyncHwEl)
[2025-09-12 14:43:34.393] [8695] [HailoRT] [info] [queue_elements.cpp:450] [create] Created (PushQEl2AsyncHwEl | timeout: 10s)
[2025-09-12 14:43:34.393] [8695] [HailoRT] [info] [filter_elements.cpp:375] [create] Created (PostInferEl2AsyncHwEl | Reorder - src_order: FCR, src_shape: (20, 20, 56), dst_order: FCR, dst_shape: (20, 20, 51))
[2025-09-12 14:43:34.393] [8695] [HailoRT] [info] [edge_elements.cpp:187] [create] Created (LastAsyncEl0PostInferEl2AsyncHwEl)
[2025-09-12 14:43:34.393] [8695] [HailoRT] [info] [edge_elements.cpp:187] [create] Created (LastAsyncEl3AsyncHwEl)
[2025-09-12 14:43:34.393] [8695] [HailoRT] [info] [edge_elements.cpp:187] [create] Created (LastAsyncEl0AsyncHwEl)
[2025-09-12 14:43:34.393] [8695] [HailoRT] [info] [edge_elements.cpp:187] [create] Created (LastAsyncEl8AsyncHwEl)
[2025-09-12 14:43:34.393] [8695] [HailoRT] [info] [edge_elements.cpp:187] [create] Created (LastAsyncEl6AsyncHwEl)
[2025-09-12 14:43:34.393] [8695] [HailoRT] [info] [queue_elements.cpp:450] [create] Created (PushQEl7AsyncHwEl | timeout: 10s)
[2025-09-12 14:43:34.393] [8695] [HailoRT] [info] [filter_elements.cpp:375] [create] Created (PostInferEl7AsyncHwEl | Reorder - src_order: FCR, src_shape: (80, 80, 56), dst_order: FCR, dst_shape: (80, 80, 51))
[2025-09-12 14:43:34.393] [8695] [HailoRT] [info] [edge_elements.cpp:187] [create] Created (LastAsyncEl0PostInferEl7AsyncHwEl)
[2025-09-12 14:43:34.393] [8695] [HailoRT] [info] [pipeline.cpp:891] [print_deep_description] EntryPushQEl0yolov8m_pose/input_layer1 | inputs: user | outputs: PreInferEl1yolov8m_pose/input_layer1(running in thread_id: 8719)
[2025-09-12 14:43:34.393] [8695] [HailoRT] [info] [pipeline.cpp:891] [print_deep_description] PreInferEl1yolov8m_pose/input_layer1 | inputs: EntryPushQEl0yolov8m_pose/input_layer1[0] | outputs: PushQEl1yolov8m_pose/input_layer1
[2025-09-12 14:43:34.393] [8695] [HailoRT] [info] [pipeline.cpp:891] [print_deep_description] PushQEl1yolov8m_pose/input_layer1 | inputs: PreInferEl1yolov8m_pose/input_layer1[0] | outputs: AsyncHwEl(running in thread_id: 8720)
[2025-09-12 14:43:34.393] [8695] [HailoRT] [info] [pipeline.cpp:891] [print_deep_description] AsyncHwEl | inputs: PushQEl1yolov8m_pose/input_layer1[0] | outputs: LastAsyncEl0AsyncHwEl LastAsyncEl1AsyncHwEl PushQEl2AsyncHwEl LastAsyncEl3AsyncHwEl LastAsyncEl4AsyncHwEl PushQEl5AsyncHwEl LastAsyncEl6AsyncHwEl PushQEl7AsyncHwEl LastAsyncEl8AsyncHwEl
[2025-09-12 14:43:34.393] [8695] [HailoRT] [info] [pipeline.cpp:891] [print_deep_description] LastAsyncEl0AsyncHwEl | inputs: AsyncHwEl[0] | outputs: user
[2025-09-12 14:43:34.393] [8695] [HailoRT] [info] [pipeline.cpp:891] [print_deep_description] LastAsyncEl1AsyncHwEl | inputs: AsyncHwEl[0] | outputs: user
[2025-09-12 14:43:34.393] [8695] [HailoRT] [info] [pipeline.cpp:891] [print_deep_description] PushQEl2AsyncHwEl | inputs: AsyncHwEl[0] | outputs: PostInferEl2AsyncHwEl(running in thread_id: 8722)
[2025-09-12 14:43:34.393] [8695] [HailoRT] [info] [pipeline.cpp:891] [print_deep_description] PostInferEl2AsyncHwEl | inputs: PushQEl2AsyncHwEl[0] | outputs: LastAsyncEl0PostInferEl2AsyncHwEl
[2025-09-12 14:43:34.393] [8695] [HailoRT] [info] [pipeline.cpp:891] [print_deep_description] LastAsyncEl0PostInferEl2AsyncHwEl | inputs: PostInferEl2AsyncHwEl[0] | outputs: user
[2025-09-12 14:43:34.393] [8695] [HailoRT] [info] [pipeline.cpp:891] [print_deep_description] LastAsyncEl3AsyncHwEl | inputs: AsyncHwEl[0] | outputs: user
[2025-09-12 14:43:34.393] [8695] [HailoRT] [info] [pipeline.cpp:891] [print_deep_description] LastAsyncEl4AsyncHwEl | inputs: AsyncHwEl[0] | outputs: user
[2025-09-12 14:43:34.393] [8695] [HailoRT] [info] [pipeline.cpp:891] [print_deep_description] PushQEl5AsyncHwEl | inputs: AsyncHwEl[0] | outputs: PostInferEl5AsyncHwEl(running in thread_id: 8721)
[2025-09-12 14:43:34.393] [8695] [HailoRT] [info] [pipeline.cpp:891] [print_deep_description] PostInferEl5AsyncHwEl | inputs: PushQEl5AsyncHwEl[0] | outputs: LastAsyncEl0PostInferEl5AsyncHwEl
[2025-09-12 14:43:34.393] [8695] [HailoRT] [info] [pipeline.cpp:891] [print_deep_description] LastAsyncEl0PostInferEl5AsyncHwEl | inputs: PostInferEl5AsyncHwEl[0] | outputs: user
[2025-09-12 14:43:34.393] [8695] [HailoRT] [info] [pipeline.cpp:891] [print_deep_description] LastAsyncEl6AsyncHwEl | inputs: AsyncHwEl[0] | outputs: user
[2025-09-12 14:43:34.393] [8695] [HailoRT] [info] [pipeline.cpp:891] [print_deep_description] PushQEl7AsyncHwEl | inputs: AsyncHwEl[0] | outputs: PostInferEl7AsyncHwEl(running in thread_id: 8723)
[2025-09-12 14:43:34.393] [8695] [HailoRT] [info] [pipeline.cpp:891] [print_deep_description] PostInferEl7AsyncHwEl | inputs: PushQEl7AsyncHwEl[0] | outputs: LastAsyncEl0PostInferEl7AsyncHwEl
[2025-09-12 14:43:34.393] [8695] [HailoRT] [info] [pipeline.cpp:891] [print_deep_description] LastAsyncEl0PostInferEl7AsyncHwEl | inputs: PostInferEl7AsyncHwEl[0] | outputs: user
[2025-09-12 14:43:34.393] [8695] [HailoRT] [info] [pipeline.cpp:891] [print_deep_description] LastAsyncEl8AsyncHwEl | inputs: AsyncHwEl[0] | outputs: user
[2025-09-12 14:43:34.398] [8695] [HailoRT] [info] [hef.cpp:1929] [get_network_group_and_network_name] No name was given. Addressing all networks of default network_group: yolov8m_pose
[2025-09-12 14:50:47.704] [8764] [HailoRT] [info] [device.cpp:49] [Device] OS Version: Linux 6.12.34+rpt-rpi-2712 #1 SMP PREEMPT Debian 1:6.12.34-1+rpt1~bookworm (2025-06-26) aarch64
[2025-09-12 14:50:47.705] [8764] [HailoRT] [info] [control.cpp:108] [control__parse_identify_results] firmware_version is: 4.20.0
[2025-09-12 14:50:47.706] [8764] [HailoRT] [info] [control.cpp:108] [control__parse_identify_results] firmware_version is: 4.20.0
[2025-09-12 14:50:47.756] [8772] [HailoRT] [info] [device.cpp:49] [Device] OS Version: Linux 6.12.34+rpt-rpi-2712 #1 SMP PREEMPT Debian 1:6.12.34-1+rpt1~bookworm (2025-06-26) aarch64
[2025-09-12 14:50:47.757] [8772] [HailoRT] [info] [control.cpp:108] [control__parse_identify_results] firmware_version is: 4.20.0
[2025-09-12 14:50:47.758] [8772] [HailoRT] [info] [control.cpp:108] [control__parse_identify_results] firmware_version is: 4.20.0
[2025-09-12 14:50:47.812] [8780] [HailoRT] [info] [device.cpp:49] [Device] OS Version: Linux 6.12.34+rpt-rpi-2712 #1 SMP PREEMPT Debian 1:6.12.34-1+rpt1~bookworm (2025-06-26) aarch64
[2025-09-12 14:50:47.813] [8780] [HailoRT] [info] [control.cpp:108] [control__parse_identify_results] firmware_version is: 4.20.0
[2025-09-12 14:50:47.814] [8780] [HailoRT] [info] [control.cpp:108] [control__parse_identify_results] firmware_version is: 4.20.0
[2025-09-12 14:50:47.886] [8753] [HailoRT] [info] [vdevice.cpp:523] [create] Creating vdevice with params: device_count: 1, scheduling_algorithm: ROUND_ROBIN, multi_process_service: false
[2025-09-12 14:50:47.899] [8753] [HailoRT] [info] [device.cpp:49] [Device] OS Version: Linux 6.12.34+rpt-rpi-2712 #1 SMP PREEMPT Debian 1:6.12.34-1+rpt1~bookworm (2025-06-26) aarch64
[2025-09-12 14:50:47.900] [8753] [HailoRT] [info] [control.cpp:108] [control__parse_identify_results] firmware_version is: 4.20.0
[2025-09-12 14:50:47.900] [8753] [HailoRT] [info] [vdevice.cpp:651] [create] VDevice Infos: 0001:01:00.0
[2025-09-12 14:50:48.001] [8753] [HailoRT] [info] [hef.cpp:1929] [get_network_group_and_network_name] No name was given. Addressing all networks of default network_group: yolov8m_pose
[2025-09-12 14:50:48.001] [8753] [HailoRT] [info] [hef.cpp:1929] [get_network_group_and_network_name] No name was given. Addressing all networks of default network_group: yolov8m_pose
[2025-09-12 14:50:48.157] [8805] [HailoRT] [info] [internal_buffer_manager.cpp:204] [print_execution_results] Planned internal buffer memory: CMA memory 0, user memory 7300608. memory to edge layer usage factor is 1
[2025-09-12 14:50:48.157] [8805] [HailoRT] [info] [internal_buffer_manager.cpp:212] [print_execution_results] Default Internal buffer planner executed successfully
[2025-09-12 14:50:48.224] [8805] [HailoRT] [info] [device_internal.cpp:57] [configure] Configuring HEF took 76.527094 milliseconds
[2025-09-12 14:50:48.224] [8805] [HailoRT] [info] [vdevice.cpp:749] [configure] Configuring HEF on VDevice took 77.732139 milliseconds
[2025-09-12 14:50:48.224] [8805] [HailoRT] [info] [infer_model.cpp:436] [configure] Configuring network group 'yolov8m_pose' with params: batch size: 2, power mode: PERFORMANCE, latency: NONE
[2025-09-12 14:50:48.224] [8805] [HailoRT] [info] [multi_io_elements.cpp:756] [create] Created (AsyncHwEl)
[2025-09-12 14:50:48.224] [8805] [HailoRT] [info] [queue_elements.cpp:450] [create] Created (EntryPushQEl0yolov8m_pose/input_layer1 | timeout: 10s)
[2025-09-12 14:50:48.224] [8805] [HailoRT] [info] [filter_elements.cpp:101] [create] Created (PreInferEl1yolov8m_pose/input_layer1 | Reorder - src_order: RGB4, src_shape: (640, 640, 3), dst_order: NHWC, dst_shape: (640, 640, 3))
[2025-09-12 14:50:48.224] [8805] [HailoRT] [info] [queue_elements.cpp:450] [create] Created (PushQEl1yolov8m_pose/input_layer1 | timeout: 10s)
[2025-09-12 14:50:48.224] [8805] [HailoRT] [info] [edge_elements.cpp:187] [create] Created (LastAsyncEl4AsyncHwEl)
[2025-09-12 14:50:48.225] [8805] [HailoRT] [info] [queue_elements.cpp:450] [create] Created (PushQEl5AsyncHwEl | timeout: 10s)
[2025-09-12 14:50:48.225] [8805] [HailoRT] [info] [filter_elements.cpp:375] [create] Created (PostInferEl5AsyncHwEl | Reorder - src_order: FCR, src_shape: (40, 40, 56), dst_order: FCR, dst_shape: (40, 40, 51))
[2025-09-12 14:50:48.225] [8805] [HailoRT] [info] [edge_elements.cpp:187] [create] Created (LastAsyncEl0PostInferEl5AsyncHwEl)
[2025-09-12 14:50:48.225] [8805] [HailoRT] [info] [edge_elements.cpp:187] [create] Created (LastAsyncEl1AsyncHwEl)
[2025-09-12 14:50:48.225] [8805] [HailoRT] [info] [queue_elements.cpp:450] [create] Created (PushQEl2AsyncHwEl | timeout: 10s)
[2025-09-12 14:50:48.225] [8805] [HailoRT] [info] [filter_elements.cpp:375] [create] Created (PostInferEl2AsyncHwEl | Reorder - src_order: FCR, src_shape: (20, 20, 56), dst_order: FCR, dst_shape: (20, 20, 51))
[2025-09-12 14:50:48.225] [8805] [HailoRT] [info] [edge_elements.cpp:187] [create] Created (LastAsyncEl0PostInferEl2AsyncHwEl)
[2025-09-12 14:50:48.225] [8805] [HailoRT] [info] [edge_elements.cpp:187] [create] Created (LastAsyncEl3AsyncHwEl)
[2025-09-12 14:50:48.225] [8805] [HailoRT] [info] [edge_elements.cpp:187] [create] Created (LastAsyncEl0AsyncHwEl)
[2025-09-12 14:50:48.225] [8805] [HailoRT] [info] [edge_elements.cpp:187] [create] Created (LastAsyncEl8AsyncHwEl)
[2025-09-12 14:50:48.225] [8805] [HailoRT] [info] [edge_elements.cpp:187] [create] Created (LastAsyncEl6AsyncHwEl)
[2025-09-12 14:50:48.225] [8805] [HailoRT] [info] [queue_elements.cpp:450] [create] Created (PushQEl7AsyncHwEl | timeout: 10s)
[2025-09-12 14:50:48.227] [8805] [HailoRT] [info] [filter_elements.cpp:375] [create] Created (PostInferEl7AsyncHwEl | Reorder - src_order: FCR, src_shape: (80, 80, 56), dst_order: FCR, dst_shape: (80, 80, 51))
[2025-09-12 14:50:48.227] [8805] [HailoRT] [info] [edge_elements.cpp:187] [create] Created (LastAsyncEl0PostInferEl7AsyncHwEl)
[2025-09-12 14:50:48.227] [8805] [HailoRT] [info] [pipeline.cpp:891] [print_deep_description] EntryPushQEl0yolov8m_pose/input_layer1 | inputs: user | outputs: PreInferEl1yolov8m_pose/input_layer1(running in thread_id: 8830)
[2025-09-12 14:50:48.227] [8805] [HailoRT] [info] [pipeline.cpp:891] [print_deep_description] PreInferEl1yolov8m_pose/input_layer1 | inputs: EntryPushQEl0yolov8m_pose/input_layer1[0] | outputs: PushQEl1yolov8m_pose/input_layer1
[2025-09-12 14:50:48.227] [8805] [HailoRT] [info] [pipeline.cpp:891] [print_deep_description] PushQEl1yolov8m_pose/input_layer1 | inputs: PreInferEl1yolov8m_pose/input_layer1[0] | outputs: AsyncHwEl(running in thread_id: 8831)
[2025-09-12 14:50:48.227] [8805] [HailoRT] [info] [pipeline.cpp:891] [print_deep_description] AsyncHwEl | inputs: PushQEl1yolov8m_pose/input_layer1[0] | outputs: LastAsyncEl0AsyncHwEl LastAsyncEl1AsyncHwEl PushQEl2AsyncHwEl LastAsyncEl3AsyncHwEl LastAsyncEl4AsyncHwEl PushQEl5AsyncHwEl LastAsyncEl6AsyncHwEl PushQEl7AsyncHwEl LastAsyncEl8AsyncHwEl
[2025-09-12 14:50:48.227] [8805] [HailoRT] [info] [pipeline.cpp:891] [print_deep_description] LastAsyncEl0AsyncHwEl | inputs: AsyncHwEl[0] | outputs: user
[2025-09-12 14:50:48.227] [8805] [HailoRT] [info] [pipeline.cpp:891] [print_deep_description] LastAsyncEl1AsyncHwEl | inputs: AsyncHwEl[0] | outputs: user
[2025-09-12 14:50:48.227] [8805] [HailoRT] [info] [pipeline.cpp:891] [print_deep_description] PushQEl2AsyncHwEl | inputs: AsyncHwEl[0] | outputs: PostInferEl2AsyncHwEl(running in thread_id: 8833)
[2025-09-12 14:50:48.227] [8805] [HailoRT] [info] [pipeline.cpp:891] [print_deep_description] PostInferEl2AsyncHwEl | inputs: PushQEl2AsyncHwEl[0] | outputs: LastAsyncEl0PostInferEl2AsyncHwEl
[2025-09-12 14:50:48.227] [8805] [HailoRT] [info] [pipeline.cpp:891] [print_deep_description] LastAsyncEl0PostInferEl2AsyncHwEl | inputs: PostInferEl2AsyncHwEl[0] | outputs: user
[2025-09-12 14:50:48.227] [8805] [HailoRT] [info] [pipeline.cpp:891] [print_deep_description] LastAsyncEl3AsyncHwEl | inputs: AsyncHwEl[0] | outputs: user
[2025-09-12 14:50:48.227] [8805] [HailoRT] [info] [pipeline.cpp:891] [print_deep_description] LastAsyncEl4AsyncHwEl | inputs: AsyncHwEl[0] | outputs: user
[2025-09-12 14:50:48.227] [8805] [HailoRT] [info] [pipeline.cpp:891] [print_deep_description] PushQEl5AsyncHwEl | inputs: AsyncHwEl[0] | outputs: PostInferEl5AsyncHwEl(running in thread_id: 8832)
[2025-09-12 14:50:48.227] [8805] [HailoRT] [info] [pipeline.cpp:891] [print_deep_description] PostInferEl5AsyncHwEl | inputs: PushQEl5AsyncHwEl[0] | outputs: LastAsyncEl0PostInferEl5AsyncHwEl
[2025-09-12 14:50:48.227] [8805] [HailoRT] [info] [pipeline.cpp:891] [print_deep_description] LastAsyncEl0PostInferEl5AsyncHwEl | inputs: PostInferEl5AsyncHwEl[0] | outputs: user
[2025-09-12 14:50:48.227] [8805] [HailoRT] [info] [pipeline.cpp:891] [print_deep_description] LastAsyncEl6AsyncHwEl | inputs: AsyncHwEl[0] | outputs: user
[2025-09-12 14:50:48.227] [8805] [HailoRT] [info] [pipeline.cpp:891] [print_deep_description] PushQEl7AsyncHwEl | inputs: AsyncHwEl[0] | outputs: PostInferEl7AsyncHwEl(running in thread_id: 8834)
[2025-09-12 14:50:48.227] [8805] [HailoRT] [info] [pipeline.cpp:891] [print_deep_description] PostInferEl7AsyncHwEl | inputs: PushQEl7AsyncHwEl[0] | outputs: LastAsyncEl0PostInferEl7AsyncHwEl
[2025-09-12 14:50:48.227] [8805] [HailoRT] [info] [pipeline.cpp:891] [print_deep_description] LastAsyncEl0PostInferEl7AsyncHwEl | inputs: PostInferEl7AsyncHwEl[0] | outputs: user
[2025-09-12 14:50:48.227] [8805] [HailoRT] [info] [pipeline.cpp:891] [print_deep_description] LastAsyncEl8AsyncHwEl | inputs: AsyncHwEl[0] | outputs: user
[2025-09-12 1[2025-09-12 14:50:56.748] [8851] [HailoRT] [info] [device.cpp:49] [Device] OS Version: Linux 6.12.34+rpt-rpi-2712 #1 SMP PREEMPT Debian 1:6.12.34-1+rpt1~bookworm (2025-06-26) aarch64
[2025-09-12 14:50:56.749] [8851] [HailoRT] [info] [control.cpp:108] [control__parse_identify_results] firmware_version is: 4.20.0
[2025-09-12 14:50:56.750] [8851] [HailoRT] [info] [control.cpp:108] [control__parse_identify_results] firmware_version is: 4.20.0
[2025-09-12 14:50:56.796] [8859] [HailoRT] [info] [device.cpp:49] [Device] OS Version: Linux 6.12.34+rpt-rpi-2712 #1 SMP PREEMPT Debian 1:6.12.34-1+rpt1~bookworm (2025-06-26) aarch64
[2025-09-12 14:50:56.797] [8859] [HailoRT] [info] [control.cpp:108] [control__parse_identify_results] firmware_version is: 4.20.0
[2025-09-12 14:50:56.798] [8859] [HailoRT] [info] [control.cpp:108] [control__parse_identify_results] firmware_version is: 4.20.0
[2025-09-12 14:50:56.852] [8867] [HailoRT] [info] [device.cpp:49] [Device] OS Version: Linux 6.12.34+rpt-rpi-2712 #1 SMP PREEMPT Debian 1:6.12.34-1+rpt1~bookworm (2025-06-26) aarch64
[2025-09-12 14:50:56.853] [8867] [HailoRT] [info] [control.cpp:108] [control__parse_identify_results] firmware_version is: 4.20.0
[2025-09-12 14:50:56.854] [8867] [HailoRT] [info] [control.cpp:108] [control__parse_identify_results] firmware_version is: 4.20.0
[2025-09-12 14:50:56.922] [8840] [HailoRT] [info] [vdevice.cpp:523] [create] Creating vdevice with params: device_count: 1, scheduling_algorithm: ROUND_ROBIN, multi_process_service: false
[2025-09-12 14:50:56.935] [8840] [HailoRT] [info] [device.cpp:49] [Device] OS Version: Linux 6.12.34+rpt-rpi-2712 #1 SMP PREEMPT Debian 1:6.12.34-1+rpt1~bookworm (2025-06-26) aarch64
[2025-09-12 14:50:56.936] [8840] [HailoRT] [info] [control.cpp:108] [control__parse_identify_results] firmware_version is: 4.20.0
[2025-09-12 14:50:56.936] [8840] [HailoRT] [info] [vdevice.cpp:651] [create] VDevice Infos: 0001:01:00.0
[2025-09-12 14:50:57.037] [8840] [HailoRT] [info] [hef.cpp:1929] [get_network_group_and_network_name] No name was given. Addressing all networks of default network_group: yolov8m_pose
[2025-09-12 14:50:57.037] [8840] [HailoRT] [info] [hef.cpp:1929] [get_network_group_and_network_name] No name was given. Addressing all networks of default network_group: yolov8m_pose
[2025-09-12 14:50:57.180] [8892] [HailoRT] [info] [internal_buffer_manager.cpp:204] [print_execution_results] Planned internal buffer memory: CMA memory 0, user memory 7300608. memory to edge layer usage factor is 1
[2025-09-12 14:50:57.180] [8892] [HailoRT] [info] [internal_buffer_manager.cpp:212] [print_execution_results] Default Internal buffer planner executed successfully
[2025-09-12 14:50:57.261] [8892] [HailoRT] [info] [device_internal.cpp:57] [configure] Configuring HEF took 98.937979 milliseconds
[2025-09-12 14:50:57.261] [8892] [HailoRT] [info] [vdevice.cpp:749] [configure] Configuring HEF on VDevice took 99.833614 milliseconds
[2025-09-12 14:50:57.261] [8892] [HailoRT] [info] [infer_model.cpp:436] [configure] Configuring network group 'yolov8m_pose' with params: batch size: 2, power mode: PERFORMANCE, latency: NONE
[2025-09-12 14:50:57.261] [8892] [HailoRT] [info] [multi_io_elements.cpp:756] [create] Created (AsyncHwEl)
[2025-09-12 14:50:57.261] [8892] [HailoRT] [info] [queue_elements.cpp:450] [create] Created (EntryPushQEl0yolov8m_pose/input_layer1 | timeout: 10s)
[2025-09-12 14:50:57.261] [8892] [HailoRT] [info] [filter_elements.cpp:101] [create] Created (PreInferEl1yolov8m_pose/input_layer1 | Reorder - src_order: RGB4, src_shape: (640, 640, 3), dst_order: NHWC, dst_shape: (640, 640, 3))
[2025-09-12 14:50:57.261] [8892] [HailoRT] [info] [queue_elements.cpp:450] [create] Created (PushQEl1yolov8m_pose/input_layer1 | timeout: 10s)
[2025-09-12 14:50:57.261] [8892] [HailoRT] [info] [edge_elements.cpp:187] [create] Created (LastAsyncEl4AsyncHwEl)
[2025-09-12 14:50:57.261] [8892] [HailoRT] [info] [queue_elements.cpp:450] [create] Created (PushQEl5AsyncHwEl | timeout: 10s)
[2025-09-12 14:50:57.261] [8892] [HailoRT] [info] [filter_elements.cpp:375] [create] Created (PostInferEl5AsyncHwEl | Reorder - src_order: FCR, src_shape: (40, 40, 56), dst_order: FCR, dst_shape: (40, 40, 51))
[2025-09-12 14:50:57.261] [8892] [HailoRT] [info] [edge_elements.cpp:187] [create] Created (LastAsyncEl0PostInferEl5AsyncHwEl)
[2025-09-12 14:50:57.261] [8892] [HailoRT] [info] [edge_elements.cpp:187] [create] Created (LastAsyncEl1AsyncHwEl)
[2025-09-12 14:50:57.261] [8892] [HailoRT] [info] [queue_elements.cpp:450] [create] Created (PushQEl2AsyncHwEl | timeout: 10s)
[2025-09-12 14:50:57.261] [8892] [HailoRT] [info] [filter_elements.cpp:375] [create] Created (PostInferEl2AsyncHwEl | Reorder - src_order: FCR, src_shape: (20, 20, 56), dst_order: FCR, dst_shape: (20, 20, 51))
[2025-09-12 14:50:57.261] [8892] [HailoRT] [info] [edge_elements.cpp:187] [create] Created (LastAsyncEl0PostInferEl2AsyncHwEl)
[2025-09-12 14:50:57.262] [8892] [HailoRT] [info] [edge_elements.cpp:187] [create] Created (LastAsyncEl3AsyncHwEl)
[2025-09-12 14:50:57.262] [8892] [HailoRT] [info] [edge_elements.cpp:187] [create] Created (LastAsyncEl0AsyncHwEl)
[2025-09-12 14:50:57.262] [8892] [HailoRT] [info] [edge_elements.cpp:187] [create] Created (LastAsyncEl8AsyncHwEl)
[2025-09-12 14:50:57.262] [8892] [HailoRT] [info] [edge_elements.cpp:187] [create] Created (LastAsyncEl6AsyncHwEl)
[2025-09-12 14:50:57.262] [8892] [HailoRT] [info] [queue_elements.cpp:450] [create] Created (PushQEl7AsyncHwEl | timeout: 10s)
[2025-09-12 14:50:57.262] [8892] [HailoRT] [info] [filter_elements.cpp:375] [create] Created (PostInferEl7AsyncHwEl | Reorder - src_order: FCR, src_shape: (80, 80, 56), dst_order: FCR, dst_shape: (80, 80, 51))
[2025-09-12 14:50:57.262] [8892] [HailoRT] [info] [edge_elements.cpp:187] [create] Created (LastAsyncEl0PostInferEl7AsyncHwEl)
[2025-09-12 14:50:57.262] [8892] [HailoRT] [info] [pipeline.cpp:891] [print_deep_description] EntryPushQEl0yolov8m_pose/input_layer1 | inputs: user | outputs: PreInferEl1yolov8m_pose/input_layer1(running in thread_id: 8916)
[2025-09-12 14:50:57.262] [8892] [HailoRT] [info] [pipeline.cpp:891] [print_deep_description] PreInferEl1yolov8m_pose/input_layer1 | inputs: EntryPushQEl0yolov8m_pose/input_layer1[0] | outputs: PushQEl1yolov8m_pose/input_layer1
[2025-09-12 14:50:57.262] [8892] [HailoRT] [info] [pipeline.cpp:891] [print_deep_description] PushQEl1yolov8m_pose/input_layer1 | inputs: PreInferEl1yolov8m_pose/input_layer1[0] | outputs: AsyncHwEl(running in thread_id: 8917)
[2025-09-12 14:50:57.262] [8892] [HailoRT] [info] [pipeline.cpp:891] [print_deep_description] AsyncHwEl | inputs: PushQEl1yolov8m_pose/input_layer1[0] | outputs: LastAsyncEl0AsyncHwEl LastAsyncEl1AsyncHwEl PushQEl2AsyncHwEl LastAsyncEl3AsyncHwEl LastAsyncEl4AsyncHwEl PushQEl5AsyncHwEl LastAsyncEl6AsyncHwEl PushQEl7AsyncHwEl LastAsyncEl8AsyncHwEl
[2025-09-12 14:50:57.262] [8892] [HailoRT] [info] [pipeline.cpp:891] [print_deep_description] LastAsyncEl0AsyncHwEl | inputs: AsyncHwEl[0] | outputs: user
[2025-09-12 14:50:57.262] [8892] [HailoRT] [info] [pipeline.cpp:891] [print_deep_description] LastAsyncEl1AsyncHwEl | inputs: AsyncHwEl[0] | outputs: user
[2025-09-12 14:50:57.262] [8892] [HailoRT] [info] [pipeline.cpp:891] [print_deep_description] PushQEl2AsyncHwEl | inputs: AsyncHwEl[0] | outputs: PostInferEl2AsyncHwEl(running in thread_id: 8919)
[2025-09-12 14:50:57.262] [8892] [HailoRT] [info] [pipeline.cpp:891] [print_deep_description] PostInferEl2AsyncHwEl | inputs: PushQEl2AsyncHwEl[0] | outputs: LastAsyncEl0PostInferEl2AsyncHwEl
[2025-09-12 14:50:57.262] [8892] [HailoRT] [info] [pipeline.cpp:891] [print_deep_description] LastAsyncEl0PostInferEl2AsyncHwEl | inputs: PostInferEl2AsyncHwEl[0] | outputs: user
[2025-09-12 14:50:57.262] [8892] [HailoRT] [info] [pipeline.cpp:891] [print_deep_description] LastAsyncEl3AsyncHwEl | inputs: AsyncHwEl[0] | outputs: user
[2025-09-12 14:50:57.262] [8892] [HailoRT] [info] [pipeline.cpp:891] [print_deep_description] LastAsyncEl4AsyncHwEl | inputs: AsyncHwEl[0] | outputs: user
[2025-09-12 14:50:57.262] [8892] [HailoRT] [info] [pipeline.cpp:891] [print_deep_description] PushQEl5AsyncHwEl | inputs: AsyncHwEl[0] | outputs: PostInferEl5AsyncHwEl(running in thread_id: 8918)
[2025-09-12 14:50:57.262] [8892] [HailoRT] [info] [pipeline.cpp:891] [print_deep_description] PostInferEl5AsyncHwEl | inputs: PushQEl5AsyncHwEl[0] | outputs: LastAsyncEl0PostInferEl5AsyncHwEl
[2025-09-12 14:50:57.262] [8892] [HailoRT] [info] [pipeline.cpp:891] [print_deep_description] LastAsyncEl0PostInferEl5AsyncHwEl | inputs: PostInferEl5AsyncHwEl[0] | outputs: user
[2025-09-12 14:50:57.262] [8892] [HailoRT] [info] [pipeline.cpp:891] [print_deep_description] LastAsyncEl6AsyncHwEl | inputs: AsyncHwEl[0] | outputs: user
[2025-09-12 14:50:57.262] [8892] [HailoRT] [info] [pipeline.cpp:891] [print_deep_description] PushQEl7AsyncHwEl | inputs: AsyncHwEl[0] | outputs: PostInferEl7AsyncHwEl(running in thread_id: 8920)
[2025-09-12 14:50:57.262] [8892] [HailoRT] [info] [pipeline.cpp:891] [print_deep_description] PostInferEl7AsyncHwEl | inputs: PushQEl7AsyncHwEl[0] | outputs: LastAsyncEl0PostInferEl7AsyncHwEl
[2025-09-12 14:50:57.262] [8892] [HailoRT] [info] [pipeline.cpp:891] [print_deep_description] LastAsyncEl0PostInferEl7AsyncHwEl | inputs: PostInferEl7AsyncHwEl[0] | outputs: user
[2025-09-12 14:50:57.262] [8892] [HailoRT] [info] [pipeline.cpp:891] [print_deep_description] LastAsyncEl8AsyncHwEl | inputs: AsyncHwEl[0] | outputs: user
[2025-09-12 1[2025-09-12 14:51:02.596] [8937] [HailoRT] [info] [device.cpp:49] [Device] OS Version: Linux 6.12.34+rpt-rpi-2712 #1 SMP PREEMPT Debian 1:6.12.34-1+rpt1~bookworm (2025-06-26) aarch64
[2025-09-12 14:51:02.597] [8937] [HailoRT] [info] [control.cpp:108] [control__parse_identify_results] firmware_version is: 4.20.0
[2025-09-12 14:51:02.598] [8937] [HailoRT] [info] [control.cpp:108] [control__parse_identify_results] firmware_version is: 4.20.0
[2025-09-12 14:51:02.640] [8945] [HailoRT] [info] [device.cpp:49] [Device] OS Version: Linux 6.12.34+rpt-rpi-2712 #1 SMP PREEMPT Debian 1:6.12.34-1+rpt1~bookworm (2025-06-26) aarch64
[2025-09-12 14:51:02.641] [8945] [HailoRT] [info] [control.cpp:108] [control__parse_identify_results] firmware_version is: 4.20.0
[2025-09-12 14:51:02.642] [8945] [HailoRT] [info] [control.cpp:108] [control__parse_identify_results] firmware_version is: 4.20.0
[2025-09-12 14:51:02.688] [8953] [HailoRT] [info] [device.cpp:49] [Device] OS Version: Linux 6.12.34+rpt-rpi-2712 #1 SMP PREEMPT Debian 1:6.12.34-1+rpt1~bookworm (2025-06-26) aarch64
[2025-09-12 14:51:02.689] [8953] [HailoRT] [info] [control.cpp:108] [control__parse_identify_results] firmware_version is: 4.20.0
[2025-09-12 14:51:02.690] [8953] [HailoRT] [info] [control.cpp:108] [control__parse_identify_results] firmware_version is: 4.20.0
[2025-09-12 14:51:02.759] [8926] [HailoRT] [info] [vdevice.cpp:523] [create] Creating vdevice with params: device_count: 1, scheduling_algorithm: ROUND_ROBIN, multi_process_service: false
[2025-09-12 14:51:02.772] [8926] [HailoRT] [info] [device.cpp:49] [Device] OS Version: Linux 6.12.34+rpt-rpi-2712 #1 SMP PREEMPT Debian 1:6.12.34-1+rpt1~bookworm (2025-06-26) aarch64
[2025-09-12 14:51:02.773] [8926] [HailoRT] [info] [control.cpp:108] [control__parse_identify_results] firmware_version is: 4.20.0
[2025-09-12 14:51:02.773] [8926] [HailoRT] [info] [vdevice.cpp:651] [create] VDevice Infos: 0001:01:00.0
[2025-09-12 14:51:02.873] [8926] [HailoRT] [info] [hef.cpp:1929] [get_network_group_and_network_name] No name was given. Addressing all networks of default network_group: yolov8m_pose
[2025-09-12 14:51:02.873] [8926] [HailoRT] [info] [hef.cpp:1929] [get_network_group_and_network_name] No name was given. Addressing all networks of default network_group: yolov8m_pose
[2025-09-12 14:51:03.017] [8978] [HailoRT] [info] [internal_buffer_manager.cpp:204] [print_execution_results] Planned internal buffer memory: CMA memory 0, user memory 7300608. memory to edge layer usage factor is 1
[2025-09-12 14:51:03.017] [8978] [HailoRT] [info] [internal_buffer_manager.cpp:212] [print_execution_results] Default Internal buffer planner executed successfully
[2025-09-12 14:51:03.094] [8978] [HailoRT] [info] [device_internal.cpp:57] [configure] Configuring HEF took 98.878683 milliseconds
[2025-09-12 14:51:03.094] [8978] [HailoRT] [info] [vdevice.cpp:749] [configure] Configuring HEF on VDevice took 99.297297 milliseconds
[2025-09-12 14:51:03.094] [8978] [HailoRT] [info] [infer_model.cpp:436] [configure] Configuring network group 'yolov8m_pose' with params: batch size: 2, power mode: PERFORMANCE, latency: NONE
[2025-09-12 14:51:03.095] [8978] [HailoRT] [info] [multi_io_elements.cpp:756] [create] Created (AsyncHwEl)
[2025-09-12 14:51:03.095] [8978] [HailoRT] [info] [queue_elements.cpp:450] [create] Created (EntryPushQEl0yolov8m_pose/input_layer1 | timeout: 10s)
[2025-09-12 14:51:03.095] [8978] [HailoRT] [info] [filter_elements.cpp:101] [create] Created (PreInferEl1yolov8m_pose/input_layer1 | Reorder - src_order: RGB4, src_shape: (640, 640, 3), dst_order: NHWC, dst_shape: (640, 640, 3))
[2025-09-12 14:51:03.095] [8978] [HailoRT] [info] [queue_elements.cpp:450] [create] Created (PushQEl1yolov8m_pose/input_layer1 | timeout: 10s)
[2025-09-12 14:51:03.095] [8978] [HailoRT] [info] [edge_elements.cpp:187] [create] Created (LastAsyncEl4AsyncHwEl)
[2025-09-12 14:51:03.095] [8978] [HailoRT] [info] [queue_elements.cpp:450] [create] Created (PushQEl5AsyncHwEl | timeout: 10s)
[2025-09-12 14:51:03.095] [8978] [HailoRT] [info] [filter_elements.cpp:375] [create] Created (PostInferEl5AsyncHwEl | Reorder - src_order: FCR, src_shape: (40, 40, 56), dst_order: FCR, dst_shape: (40, 40, 51))
[2025-09-12 14:51:03.095] [8978] [HailoRT] [info] [edge_elements.cpp:187] [create] Created (LastAsyncEl0PostInferEl5AsyncHwEl)
[2025-09-12 14:51:03.095] [8978] [HailoRT] [info] [edge_elements.cpp:187] [create] Created (LastAsyncEl1AsyncHwEl)
[2025-09-12 14:51:03.095] [8978] [HailoRT] [info] [queue_elements.cpp:450] [create] Created (PushQEl2AsyncHwEl | timeout: 10s)
[2025-09-12 14:51:03.095] [8978] [HailoRT] [info] [filter_elements.cpp:375] [create] Created (PostInferEl2AsyncHwEl | Reorder - src_order: FCR, src_shape: (20, 20, 56), dst_order: FCR, dst_shape: (20, 20, 51))
[2025-09-12 14:51:03.095] [8978] [HailoRT] [info] [edge_elements.cpp:187] [create] Created (LastAsyncEl0PostInferEl2AsyncHwEl)
[2025-09-12 14:51:03.095] [8978] [HailoRT] [info] [edge_elements.cpp:187] [create] Created (LastAsyncEl3AsyncHwEl)
[2025-09-12 14:51:03.095] [8978] [HailoRT] [info] [edge_elements.cpp:187] [create] Created (LastAsyncEl0AsyncHwEl)
[2025-09-12 14:51:03.095] [8978] [HailoRT] [info] [edge_elements.cpp:187] [create] Created (LastAsyncEl8AsyncHwEl)
[2025-09-12 14:51:03.095] [8978] [HailoRT] [info] [edge_elements.cpp:187] [create] Created (LastAsyncEl6AsyncHwEl)
[2025-09-12 14:51:03.095] [8978] [HailoRT] [info] [queue_elements.cpp:450] [create] Created (PushQEl7AsyncHwEl | timeout: 10s)
[2025-09-12 14:51:03.095] [8978] [HailoRT] [info] [filter_elements.cpp:375] [create] Created (PostInferEl7AsyncHwEl | Reorder - src_order: FCR, src_shape: (80, 80, 56), dst_order: FCR, dst_shape: (80, 80, 51))
[2025-09-12 14:51:03.095] [8978] [HailoRT] [info] [edge_elements.cpp:187] [create] Created (LastAsyncEl0PostInferEl7AsyncHwEl)
[2025-09-12 14:51:03.095] [8978] [HailoRT] [info] [pipeline.cpp:891] [print_deep_description] EntryPushQEl0yolov8m_pose/input_layer1 | inputs: user | outputs: PreInferEl1yolov8m_pose/input_layer1(running in thread_id: 9002)
[2025-09-12 14:51:03.095] [8978] [HailoRT] [info] [pipeline.cpp:891] [print_deep_description] PreInferEl1yolov8m_pose/input_layer1 | inputs: EntryPushQEl0yolov8m_pose/input_layer1[0] | outputs: PushQEl1yolov8m_pose/input_layer1
[2025-09-12 14:51:03.095] [8978] [HailoRT] [info] [pipeline.cpp:891] [print_deep_description] PushQEl1yolov8m_pose/input_layer1 | inputs: PreInferEl1yolov8m_pose/input_layer1[0] | outputs: AsyncHwEl(running in thread_id: 9003)
[2025-09-12 14:51:03.095] [8978] [HailoRT] [info] [pipeline.cpp:891] [print_deep_description] AsyncHwEl | inputs: PushQEl1yolov8m_pose/input_layer1[0] | outputs: LastAsyncEl0AsyncHwEl LastAsyncEl1AsyncHwEl PushQEl2AsyncHwEl LastAsyncEl3AsyncHwEl LastAsyncEl4AsyncHwEl PushQEl5AsyncHwEl LastAsyncEl6AsyncHwEl PushQEl7AsyncHwEl LastAsyncEl8AsyncHwEl
[2025-09-12 14:51:03.095] [8978] [HailoRT] [info] [pipeline.cpp:891] [print_deep_description] LastAsyncEl0AsyncHwEl | inputs: AsyncHwEl[0] | outputs: user
[2025-09-12 14:51:03.095] [8978] [HailoRT] [info] [pipeline.cpp:891] [print_deep_description] LastAsyncEl1AsyncHwEl | inputs: AsyncHwEl[0] | outputs: user
[2025-09-12 14:51:03.095] [8978] [HailoRT] [info] [pipeline.cpp:891] [print_deep_description] PushQEl2AsyncHwEl | inputs: AsyncHwEl[0] | outputs: PostInferEl2AsyncHwEl(running in thread_id: 9005)
[2025-09-12 14:51:03.095] [8978] [HailoRT] [info] [pipeline.cpp:891] [print_deep_description] PostInferEl2AsyncHwEl | inputs: PushQEl2AsyncHwEl[0] | outputs: LastAsyncEl0PostInferEl2AsyncHwEl
[2025-09-12 14:51:03.095] [8978] [HailoRT] [info] [pipeline.cpp:891] [print_deep_description] LastAsyncEl0PostInferEl2AsyncHwEl | inputs: PostInferEl2AsyncHwEl[0] | outputs: user
[2025-09-12 14:51:03.095] [8978] [HailoRT] [info] [pipeline.cpp:891] [print_deep_description] LastAsyncEl3AsyncHwEl | inputs: AsyncHwEl[0] | outputs: user
[2025-09-12 14:51:03.095] [8978] [HailoRT] [info] [pipeline.cpp:891] [print_deep_description] LastAsyncEl4AsyncHwEl | inputs: AsyncHwEl[0] | outputs: user
[2025-09-12 14:51:03.095] [8978] [HailoRT] [info] [pipeline.cpp:891] [print_deep_description] PushQEl5AsyncHwEl | inputs: AsyncHwEl[0] | outputs: PostInferEl5AsyncHwEl(running in thread_id: 9004)
[2025-09-12 14:51:03.095] [8978] [HailoRT] [info] [pipeline.cpp:891] [print_deep_description] PostInferEl5AsyncHwEl | inputs: PushQEl5AsyncHwEl[0] | outputs: LastAsyncEl0PostInferEl5AsyncHwEl
[2025-09-12 14:51:03.095] [8978] [HailoRT] [info] [pipeline.cpp:891] [print_deep_description] LastAsyncEl0PostInferEl5AsyncHwEl | inputs: PostInferEl5AsyncHwEl[0] | outputs: user
[2025-09-12 14:51:03.095] [8978] [HailoRT] [info] [pipeline.cpp:891] [print_deep_description] LastAsyncEl6AsyncHwEl | inputs: AsyncHwEl[0] | outputs: user
[2025-09-12 14:51:03.095] [8978] [HailoRT] [info] [pipeline.cpp:891] [print_deep_description] PushQEl7AsyncHwEl | inputs: AsyncHwEl[0] | outputs: PostInferEl7AsyncHwEl(running in thread_id: 9006)
[2025-09-12 14:51:03.095] [8978] [HailoRT] [info] [pipeline.cpp:891] [print_deep_description] PostInferEl7AsyncHwEl | inputs: PushQEl7AsyncHwEl[0] | outputs: LastAsyncEl0PostInferEl7AsyncHwEl
[2025-09-12 14:51:03.096] [8978] [HailoRT] [info] [pipeline.cpp:891] [print_deep_description] LastAsyncEl0PostInferEl7AsyncHwEl | inputs: PostInferEl7AsyncHwEl[0] | outputs: user
[2025-09-12 14:51:03.096] [8978] [HailoRT] [info] [pipeline.cpp:891] [print_deep_description] LastAsyncEl8AsyncHwEl | inputs: AsyncHwEl[0] | outputs: user
[2025-09-12 14:51:03.101] [8978] [HailoRT] [info] [hef.cpp:1929] [get_network_group_and_network_name] No name was given. Addressing all networks of default network_group: yolov8m_pose
[2025-09-12 15:03:47.130] [9040] [HailoRT] [info] [device.cpp:49] [Device] OS Version: Linux 6.12.34+rpt-rpi-2712 #1 SMP PREEMPT Debian 1:6.12.34-1+rpt1~bookworm (2025-06-26) aarch64
[2025-09-12 15:03:47.131] [9040] [HailoRT] [info] [control.cpp:108] [control__parse_identify_results] firmware_version is: 4.20.0
[2025-09-12 15:03:47.132] [9040] [HailoRT] [info] [control.cpp:108] [control__parse_identify_results] firmware_version is: 4.20.0
[2025-09-12 15:03:47.192] [9048] [HailoRT] [info] [device.cpp:49] [Device] OS Version: Linux 6.12.34+rpt-rpi-2712 #1 SMP PREEMPT Debian 1:6.12.34-1+rpt1~bookworm (2025-06-26) aarch64
[2025-09-12 15:03:47.193] [9048] [HailoRT] [info] [control.cpp:108] [control__parse_identify_results] firmware_version is: 4.20.0
[2025-09-12 15:03:47.194] [9048] [HailoRT] [info] [control.cpp:108] [control__parse_identify_results] firmware_version is: 4.20.0
[2025-09-12 15:03:47.240] [9056] [HailoRT] [info] [device.cpp:49] [Device] OS Version: Linux 6.12.34+rpt-rpi-2712 #1 SMP PREEMPT Debian 1:6.12.34-1+rpt1~bookworm (2025-06-26) aarch64
[2025-09-12 15:03:47.241] [9056] [HailoRT] [info] [control.cpp:108] [control__parse_identify_results] firmware_version is: 4.20.0
[2025-09-12 15:03:47.242] [9056] [HailoRT] [info] [control.cpp:108] [control__parse_identify_results] firmware_version is: 4.20.0
[2025-09-12 15:03:47.315] [9028] [HailoRT] [info] [vdevice.cpp:523] [create] Creating vdevice with params: device_count: 1, scheduling_algorithm: ROUND_ROBIN, multi_process_service: false
[2025-09-12 15:03:47.327] [9028] [HailoRT] [info] [device.cpp:49] [Device] OS Version: Linux 6.12.34+rpt-rpi-2712 #1 SMP PREEMPT Debian 1:6.12.34-1+rpt1~bookworm (2025-06-26) aarch64
[2025-09-12 15:03:47.328] [9028] [HailoRT] [info] [control.cpp:108] [control__parse_identify_results] firmware_version is: 4.20.0
[2025-09-12 15:03:47.328] [9028] [HailoRT] [info] [vdevice.cpp:651] [create] VDevice Infos: 0001:01:00.0
[2025-09-12 15:03:47.429] [9028] [HailoRT] [info] [hef.cpp:1929] [get_network_group_and_network_name] No name was given. Addressing all networks of default network_group: yolov8m_pose
[2025-09-12 15:03:47.429] [9028] [HailoRT] [info] [hef.cpp:1929] [get_network_group_and_network_name] No name was given. Addressing all networks of default network_group: yolov8m_pose
[2025-09-12 15:03:47.566] [9081] [HailoRT] [info] [internal_buffer_manager.cpp:204] [print_execution_results] Planned internal buffer memory: CMA memory 0, user memory 7300608. memory to edge layer usage factor is 1
[2025-09-12 15:03:47.567] [9081] [HailoRT] [info] [internal_buffer_manager.cpp:212] [print_execution_results] Default Internal buffer planner executed successfully
[2025-09-12 15:03:47.652] [9081] [HailoRT] [info] [device_internal.cpp:57] [configure] Configuring HEF took 95.694265 milliseconds
[2025-09-12 15:03:47.652] [9081] [HailoRT] [info] [vdevice.cpp:749] [configure] Configuring HEF on VDevice took 96.13123 milliseconds
[2025-09-12 15:03:47.652] [9081] [HailoRT] [info] [infer_model.cpp:436] [configure] Configuring network group 'yolov8m_pose' with params: batch size: 2, power mode: PERFORMANCE, latency: NONE
[2025-09-12 15:03:47.652] [9081] [HailoRT] [info] [multi_io_elements.cpp:756] [create] Created (AsyncHwEl)
[2025-09-12 15:03:47.652] [9081] [HailoRT] [info] [queue_elements.cpp:450] [create] Created (EntryPushQEl0yolov8m_pose/input_layer1 | timeout: 10s)
[2025-09-12 15:03:47.652] [9081] [HailoRT] [info] [filter_elements.cpp:101] [create] Created (PreInferEl1yolov8m_pose/input_layer1 | Reorder - src_order: RGB4, src_shape: (640, 640, 3), dst_order: NHWC, dst_shape: (640, 640, 3))
[2025-09-12 15:03:47.652] [9081] [HailoRT] [info] [queue_elements.cpp:450] [create] Created (PushQEl1yolov8m_pose/input_layer1 | timeout: 10s)
[2025-09-12 15:03:47.652] [9081] [HailoRT] [info] [edge_elements.cpp:187] [create] Created (LastAsyncEl4AsyncHwEl)
[2025-09-12 15:03:47.653] [9081] [HailoRT] [info] [queue_elements.cpp:450] [create] Created (PushQEl5AsyncHwEl | timeout: 10s)
[2025-09-12 15:03:47.653] [9081] [HailoRT] [info] [filter_elements.cpp:375] [create] Created (PostInferEl5AsyncHwEl | Reorder - src_order: FCR, src_shape: (40, 40, 56), dst_order: FCR, dst_shape: (40, 40, 51))
[2025-09-12 15:03:47.653] [9081] [HailoRT] [info] [edge_elements.cpp:187] [create] Created (LastAsyncEl0PostInferEl5AsyncHwEl)
[2025-09-12 15:03:47.653] [9081] [HailoRT] [info] [edge_elements.cpp:187] [create] Created (LastAsyncEl1AsyncHwEl)
[2025-09-12 15:03:47.653] [9081] [HailoRT] [info] [queue_elements.cpp:450] [create] Created (PushQEl2AsyncHwEl | timeout: 10s)
[2025-09-12 15:03:47.653] [9081] [HailoRT] [info] [filter_elements.cpp:375] [create] Created (PostInferEl2AsyncHwEl | Reorder - src_order: FCR, src_shape: (20, 20, 56), dst_order: FCR, dst_shape: (20, 20, 51))
[2025-09-12 15:03:47.653] [9081] [HailoRT] [info] [edge_elements.cpp:187] [create] Created (LastAsyncEl0PostInferEl2AsyncHwEl)
[2025-09-12 15:03:47.653] [9081] [HailoRT] [info] [edge_elements.cpp:187] [create] Created (LastAsyncEl3AsyncHwEl)
[2025-09-12 15:03:47.653] [9081] [HailoRT] [info] [edge_elements.cpp:187] [create] Created (LastAsyncEl0AsyncHwEl)
[2025-09-12 15:03:47.653] [9081] [HailoRT] [info] [edge_elements.cpp:187] [create] Created (LastAsyncEl8AsyncHwEl)
[2025-09-12 15:03:47.653] [9081] [HailoRT] [info] [edge_elements.cpp:187] [create] Created (LastAsyncEl6AsyncHwEl)
[2025-09-12 15:03:47.653] [9081] [HailoRT] [info] [queue_elements.cpp:450] [create] Created (PushQEl7AsyncHwEl | timeout: 10s)
[2025-09-12 15:03:47.653] [9081] [HailoRT] [info] [filter_elements.cpp:375] [create] Created (PostInferEl7AsyncHwEl | Reorder - src_order: FCR, src_shape: (80, 80, 56), dst_order: FCR, dst_shape: (80, 80, 51))
[2025-09-12 15:03:47.653] [9081] [HailoRT] [info] [edge_elements.cpp:187] [create] Created (LastAsyncEl0PostInferEl7AsyncHwEl)
[2025-09-12 15:03:47.653] [9081] [HailoRT] [info] [pipeline.cpp:891] [print_deep_description] EntryPushQEl0yolov8m_pose/input_layer1 | inputs: user | outputs: PreInferEl1yolov8m_pose/input_layer1(running in thread_id: 9105)
[2025-09-12 15:03:47.653] [9081] [HailoRT] [info] [pipeline.cpp:891] [print_deep_description] PreInferEl1yolov8m_pose/input_layer1 | inputs: EntryPushQEl0yolov8m_pose/input_layer1[0] | outputs: PushQEl1yolov8m_pose/input_layer1
[2025-09-12 15:03:47.653] [9081] [HailoRT] [info] [pipeline.cpp:891] [print_deep_description] PushQEl1yolov8m_pose/input_layer1 | inputs: PreInferEl1yolov8m_pose/input_layer1[0] | outputs: AsyncHwEl(running in thread_id: 9106)
[2025-09-12 15:03:47.653] [9081] [HailoRT] [info] [pipeline.cpp:891] [print_deep_description] AsyncHwEl | inputs: PushQEl1yolov8m_pose/input_layer1[0] | outputs: LastAsyncEl0AsyncHwEl LastAsyncEl1AsyncHwEl PushQEl2AsyncHwEl LastAsyncEl3AsyncHwEl LastAsyncEl4AsyncHwEl PushQEl5AsyncHwEl LastAsyncEl6AsyncHwEl PushQEl7AsyncHwEl LastAsyncEl8AsyncHwEl
[2025-09-12 15:03:47.653] [9081] [HailoRT] [info] [pipeline.cpp:891] [print_deep_description] LastAsyncEl0AsyncHwEl | inputs: AsyncHwEl[0] | outputs: user
[2025-09-12 15:03:47.653] [9081] [HailoRT] [info] [pipeline.cpp:891] [print_deep_description] LastAsyncEl1AsyncHwEl | inputs: AsyncHwEl[0] | outputs: user
[2025-09-12 15:03:47.653] [9081] [HailoRT] [info] [pipeline.cpp:891] [print_deep_description] PushQEl2AsyncHwEl | inputs: AsyncHwEl[0] | outputs: PostInferEl2AsyncHwEl(running in thread_id: 9108)
[2025-09-12 15:03:47.653] [9081] [HailoRT] [info] [pipeline.cpp:891] [print_deep_description] PostInferEl2AsyncHwEl | inputs: PushQEl2AsyncHwEl[0] | outputs: LastAsyncEl0PostInferEl2AsyncHwEl
[2025-09-12 15:03:47.653] [9081] [HailoRT] [info] [pipeline.cpp:891] [print_deep_description] LastAsyncEl0PostInferEl2AsyncHwEl | inputs: PostInferEl2AsyncHwEl[0] | outputs: user
[2025-09-12 15:03:47.653] [9081] [HailoRT] [info] [pipeline.cpp:891] [print_deep_description] LastAsyncEl3AsyncHwEl | inputs: AsyncHwEl[0] | outputs: user
[2025-09-12 15:03:47.653] [9081] [HailoRT] [info] [pipeline.cpp:891] [print_deep_description] LastAsyncEl4AsyncHwEl | inputs: AsyncHwEl[0] | outputs: user
[2025-09-12 15:03:47.653] [9081] [HailoRT] [info] [pipeline.cpp:891] [print_deep_description] PushQEl5AsyncHwEl | inputs: AsyncHwEl[0] | outputs: PostInferEl5AsyncHwEl(running in thread_id: 9107)
[2025-09-12 15:03:47.653] [9081] [HailoRT] [info] [pipeline.cpp:891] [print_deep_description] PostInferEl5AsyncHwEl | inputs: PushQEl5AsyncHwEl[0] | outputs: LastAsyncEl0PostInferEl5AsyncHwEl
[2025-09-12 15:03:47.653] [9081] [HailoRT] [info] [pipeline.cpp:891] [print_deep_description] LastAsyncEl0PostInferEl5AsyncHwEl | inputs: PostInferEl5AsyncHwEl[0] | outputs: user
[2025-09-12 15:03:47.653] [9081] [HailoRT] [info] [pipeline.cpp:891] [print_deep_description] LastAsyncEl6AsyncHwEl | inputs: AsyncHwEl[0] | outputs: user
[2025-09-12 15:03:47.653] [9081] [HailoRT] [info] [pipeline.cpp:891] [print_deep_description] PushQEl7AsyncHwEl | inputs: AsyncHwEl[0] | outputs: PostInferEl7AsyncHwEl(running in thread_id: 9109)
[2025-09-12 15:03:47.653] [9081] [HailoRT] [info] [pipeline.cpp:891] [print_deep_description] PostInferEl7AsyncHwEl | inputs: PushQEl7AsyncHwEl[0] | outputs: LastAsyncEl0PostInferEl7AsyncHwEl
[2025-09-12 15:03:47.653] [9081] [HailoRT] [info] [pipeline.cpp:891] [print_deep_description] LastAsyncEl0PostInferEl7AsyncHwEl | inputs: PostInferEl7AsyncHwEl[0] | outputs: user
[2025-09-12 15:03:47.653] [9081] [HailoRT] [info] [pipeline.cpp:891] [print_deep_description] LastAsyncEl8AsyncHwEl | inputs: AsyncHwEl[0] | outputs: user
[2025-09-12 15[2025-09-12 15:03:53.414] [9125] [HailoRT] [info] [device.cpp:49] [Device] OS Version: Linux 6.12.34+rpt-rpi-2712 #1 SMP PREEMPT Debian 1:6.12.34-1+rpt1~bookworm (2025-06-26) aarch64
[2025-09-12 15:03:53.415] [9125] [HailoRT] [info] [control.cpp:108] [control__parse_identify_results] firmware_version is: 4.20.0
[2025-09-12 15:03:53.416] [9125] [HailoRT] [info] [control.cpp:108] [control__parse_identify_results] firmware_version is: 4.20.0
[2025-09-12 15:03:53.472] [9133] [HailoRT] [info] [device.cpp:49] [Device] OS Version: Linux 6.12.34+rpt-rpi-2712 #1 SMP PREEMPT Debian 1:6.12.34-1+rpt1~bookworm (2025-06-26) aarch64
[2025-09-12 15:03:53.473] [9133] [HailoRT] [info] [control.cpp:108] [control__parse_identify_results] firmware_version is: 4.20.0
[2025-09-12 15:03:53.474] [9133] [HailoRT] [info] [control.cpp:108] [control__parse_identify_results] firmware_version is: 4.20.0
[2025-09-12 15:03:53.516] [9141] [HailoRT] [info] [device.cpp:49] [Device] OS Version: Linux 6.12.34+rpt-rpi-2712 #1 SMP PREEMPT Debian 1:6.12.34-1+rpt1~bookworm (2025-06-26) aarch64
[2025-09-12 15:03:53.517] [9141] [HailoRT] [info] [control.cpp:108] [control__parse_identify_results] firmware_version is: 4.20.0
[2025-09-12 15:03:53.518] [9141] [HailoRT] [info] [control.cpp:108] [control__parse_identify_results] firmware_version is: 4.20.0
[2025-09-12 15:03:53.615] [9114] [HailoRT] [info] [vdevice.cpp:523] [create] Creating vdevice with params: device_count: 1, scheduling_algorithm: ROUND_ROBIN, multi_process_service: false
[2025-09-12 15:03:53.627] [9114] [HailoRT] [info] [device.cpp:49] [Device] OS Version: Linux 6.12.34+rpt-rpi-2712 #1 SMP PREEMPT Debian 1:6.12.34-1+rpt1~bookworm (2025-06-26) aarch64
[2025-09-12 15:03:53.628] [9114] [HailoRT] [info] [control.cpp:108] [control__parse_identify_results] firmware_version is: 4.20.0
[2025-09-12 15:03:53.628] [9114] [HailoRT] [info] [vdevice.cpp:651] [create] VDevice Infos: 0001:01:00.0
[2025-09-12 15:03:53.729] [9114] [HailoRT] [info] [hef.cpp:1929] [get_network_group_and_network_name] No name was given. Addressing all networks of default network_group: yolov8m_pose
[2025-09-12 15:03:53.729] [9114] [HailoRT] [info] [hef.cpp:1929] [get_network_group_and_network_name] No name was given. Addressing all networks of default network_group: yolov8m_pose
[2025-09-12 15:03:53.872] [9166] [HailoRT] [info] [internal_buffer_manager.cpp:204] [print_execution_results] Planned internal buffer memory: CMA memory 0, user memory 7300608. memory to edge layer usage factor is 1
[2025-09-12 15:03:53.872] [9166] [HailoRT] [info] [internal_buffer_manager.cpp:212] [print_execution_results] Default Internal buffer planner executed successfully
[2025-09-12 15:03:53.953] [9166] [HailoRT] [info] [device_internal.cpp:57] [configure] Configuring HEF took 104.032708 milliseconds
[2025-09-12 15:03:53.953] [9166] [HailoRT] [info] [vdevice.cpp:749] [configure] Configuring HEF on VDevice took 104.477766 milliseconds
[2025-09-12 15:03:53.953] [9166] [HailoRT] [info] [infer_model.cpp:436] [configure] Configuring network group 'yolov8m_pose' with params: batch size: 2, power mode: PERFORMANCE, latency: NONE
[2025-09-12 15:03:53.953] [9166] [HailoRT] [info] [multi_io_elements.cpp:756] [create] Created (AsyncHwEl)
[2025-09-12 15:03:53.954] [9166] [HailoRT] [info] [queue_elements.cpp:450] [create] Created (EntryPushQEl0yolov8m_pose/input_layer1 | timeout: 10s)
[2025-09-12 15:03:53.954] [9166] [HailoRT] [info] [filter_elements.cpp:101] [create] Created (PreInferEl1yolov8m_pose/input_layer1 | Reorder - src_order: RGB4, src_shape: (640, 640, 3), dst_order: NHWC, dst_shape: (640, 640, 3))
[2025-09-12 15:03:53.954] [9166] [HailoRT] [info] [queue_elements.cpp:450] [create] Created (PushQEl1yolov8m_pose/input_layer1 | timeout: 10s)
[2025-09-12 15:03:53.954] [9166] [HailoRT] [info] [edge_elements.cpp:187] [create] Created (LastAsyncEl4AsyncHwEl)
[2025-09-12 15:03:53.954] [9166] [HailoRT] [info] [queue_elements.cpp:450] [create] Created (PushQEl5AsyncHwEl | timeout: 10s)
[2025-09-12 15:03:53.954] [9166] [HailoRT] [info] [filter_elements.cpp:375] [create] Created (PostInferEl5AsyncHwEl | Reorder - src_order: FCR, src_shape: (40, 40, 56), dst_order: FCR, dst_shape: (40, 40, 51))
[2025-09-12 15:03:53.954] [9166] [HailoRT] [info] [edge_elements.cpp:187] [create] Created (LastAsyncEl0PostInferEl5AsyncHwEl)
[2025-09-12 15:03:53.954] [9166] [HailoRT] [info] [edge_elements.cpp:187] [create] Created (LastAsyncEl1AsyncHwEl)
[2025-09-12 15:03:53.954] [9166] [HailoRT] [info] [queue_elements.cpp:450] [create] Created (PushQEl2AsyncHwEl | timeout: 10s)
[2025-09-12 15:03:53.954] [9166] [HailoRT] [info] [filter_elements.cpp:375] [create] Created (PostInferEl2AsyncHwEl | Reorder - src_order: FCR, src_shape: (20, 20, 56), dst_order: FCR, dst_shape: (20, 20, 51))
[2025-09-12 15:03:53.954] [9166] [HailoRT] [info] [edge_elements.cpp:187] [create] Created (LastAsyncEl0PostInferEl2AsyncHwEl)
[2025-09-12 15:03:53.954] [9166] [HailoRT] [info] [edge_elements.cpp:187] [create] Created (LastAsyncEl3AsyncHwEl)
[2025-09-12 15:03:53.954] [9166] [HailoRT] [info] [edge_elements.cpp:187] [create] Created (LastAsyncEl0AsyncHwEl)
[2025-09-12 15:03:53.954] [9166] [HailoRT] [info] [edge_elements.cpp:187] [create] Created (LastAsyncEl8AsyncHwEl)
[2025-09-12 15:03:53.954] [9166] [HailoRT] [info] [edge_elements.cpp:187] [create] Created (LastAsyncEl6AsyncHwEl)
[2025-09-12 15:03:53.954] [9166] [HailoRT] [info] [queue_elements.cpp:450] [create] Created (PushQEl7AsyncHwEl | timeout: 10s)
[2025-09-12 15:03:53.954] [9166] [HailoRT] [info] [filter_elements.cpp:375] [create] Created (PostInferEl7AsyncHwEl | Reorder - src_order: FCR, src_shape: (80, 80, 56), dst_order: FCR, dst_shape: (80, 80, 51))
[2025-09-12 15:03:53.954] [9166] [HailoRT] [info] [edge_elements.cpp:187] [create] Created (LastAsyncEl0PostInferEl7AsyncHwEl)
[2025-09-12 15:03:53.954] [9166] [HailoRT] [info] [pipeline.cpp:891] [print_deep_description] EntryPushQEl0yolov8m_pose/input_layer1 | inputs: user | outputs: PreInferEl1yolov8m_pose/input_layer1(running in thread_id: 9190)
[2025-09-12 15:03:53.954] [9166] [HailoRT] [info] [pipeline.cpp:891] [print_deep_description] PreInferEl1yolov8m_pose/input_layer1 | inputs: EntryPushQEl0yolov8m_pose/input_layer1[0] | outputs: PushQEl1yolov8m_pose/input_layer1
[2025-09-12 15:03:53.954] [9166] [HailoRT] [info] [pipeline.cpp:891] [print_deep_description] PushQEl1yolov8m_pose/input_layer1 | inputs: PreInferEl1yolov8m_pose/input_layer1[0] | outputs: AsyncHwEl(running in thread_id: 9191)
[2025-09-12 15:03:53.954] [9166] [HailoRT] [info] [pipeline.cpp:891] [print_deep_description] AsyncHwEl | inputs: PushQEl1yolov8m_pose/input_layer1[0] | outputs: LastAsyncEl0AsyncHwEl LastAsyncEl1AsyncHwEl PushQEl2AsyncHwEl LastAsyncEl3AsyncHwEl LastAsyncEl4AsyncHwEl PushQEl5AsyncHwEl LastAsyncEl6AsyncHwEl PushQEl7AsyncHwEl LastAsyncEl8AsyncHwEl
[2025-09-12 15:03:53.954] [9166] [HailoRT] [info] [pipeline.cpp:891] [print_deep_description] LastAsyncEl0AsyncHwEl | inputs: AsyncHwEl[0] | outputs: user
[2025-09-12 15:03:53.954] [9166] [HailoRT] [info] [pipeline.cpp:891] [print_deep_description] LastAsyncEl1AsyncHwEl | inputs: AsyncHwEl[0] | outputs: user
[2025-09-12 15:03:53.954] [9166] [HailoRT] [info] [pipeline.cpp:891] [print_deep_description] PushQEl2AsyncHwEl | inputs: AsyncHwEl[0] | outputs: PostInferEl2AsyncHwEl(running in thread_id: 9193)
[2025-09-12 15:03:53.954] [9166] [HailoRT] [info] [pipeline.cpp:891] [print_deep_description] PostInferEl2AsyncHwEl | inputs: PushQEl2AsyncHwEl[0] | outputs: LastAsyncEl0PostInferEl2AsyncHwEl
[2025-09-12 15:03:53.954] [9166] [HailoRT] [info] [pipeline.cpp:891] [print_deep_description] LastAsyncEl0PostInferEl2AsyncHwEl | inputs: PostInferEl2AsyncHwEl[0] | outputs: user
[2025-09-12 15:03:53.954] [9166] [HailoRT] [info] [pipeline.cpp:891] [print_deep_description] LastAsyncEl3AsyncHwEl | inputs: AsyncHwEl[0] | outputs: user
[2025-09-12 15:03:53.954] [9166] [HailoRT] [info] [pipeline.cpp:891] [print_deep_description] LastAsyncEl4AsyncHwEl | inputs: AsyncHwEl[0] | outputs: user
[2025-09-12 15:03:53.954] [9166] [HailoRT] [info] [pipeline.cpp:891] [print_deep_description] PushQEl5AsyncHwEl | inputs: AsyncHwEl[0] | outputs: PostInferEl5AsyncHwEl(running in thread_id: 9192)
[2025-09-12 15:03:53.954] [9166] [HailoRT] [info] [pipeline.cpp:891] [print_deep_description] PostInferEl5AsyncHwEl | inputs: PushQEl5AsyncHwEl[0] | outputs: LastAsyncEl0PostInferEl5AsyncHwEl
[2025-09-12 15:03:53.954] [9166] [HailoRT] [info] [pipeline.cpp:891] [print_deep_description] LastAsyncEl0PostInferEl5AsyncHwEl | inputs: PostInferEl5AsyncHwEl[0] | outputs: user
[2025-09-12 15:03:53.954] [9166] [HailoRT] [info] [pipeline.cpp:891] [print_deep_description] LastAsyncEl6AsyncHwEl | inputs: AsyncHwEl[0] | outputs: user
[2025-09-12 15:03:53.954] [9166] [HailoRT] [info] [pipeline.cpp:891] [print_deep_description] PushQEl7AsyncHwEl | inputs: AsyncHwEl[0] | outputs: PostInferEl7AsyncHwEl(running in thread_id: 9194)
[2025-09-12 15:03:53.954] [9166] [HailoRT] [info] [pipeline.cpp:891] [print_deep_description] PostInferEl7AsyncHwEl | inputs: PushQEl7AsyncHwEl[0] | outputs: LastAsyncEl0PostInferEl7AsyncHwEl
[2025-09-12 15:03:53.954] [9166] [HailoRT] [info] [pipeline.cpp:891] [print_deep_description] LastAsyncEl0PostInferEl7AsyncHwEl | inputs: PostInferEl7AsyncHwEl[0] | outputs: user
[2025-09-12 15:03:53.954] [9166] [HailoRT] [info] [pipeline.cpp:891] [print_deep_description] LastAsyncEl8AsyncHwEl | inputs: AsyncHwEl[0] | outputs: user
[2025-09-12[2025-09-12 15:04:00.564] [9210] [HailoRT] [info] [device.cpp:49] [Device] OS Version: Linux 6.12.34+rpt-rpi-2712 #1 SMP PREEMPT Debian 1:6.12.34-1+rpt1~bookworm (2025-06-26) aarch64
[2025-09-12 15:04:00.565] [9210] [HailoRT] [info] [control.cpp:108] [control__parse_identify_results] firmware_version is: 4.20.0
[2025-09-12 15:04:00.566] [9210] [HailoRT] [info] [control.cpp:108] [control__parse_identify_results] firmware_version is: 4.20.0
[2025-09-12 15:04:00.620] [9218] [HailoRT] [info] [device.cpp:49] [Device] OS Version: Linux 6.12.34+rpt-rpi-2712 #1 SMP PREEMPT Debian 1:6.12.34-1+rpt1~bookworm (2025-06-26) aarch64
[2025-09-12 15:04:00.621] [9218] [HailoRT] [info] [control.cpp:108] [control__parse_identify_results] firmware_version is: 4.20.0
[2025-09-12 15:04:00.622] [9218] [HailoRT] [info] [control.cpp:108] [control__parse_identify_results] firmware_version is: 4.20.0
[2025-09-12 15:04:00.664] [9226] [HailoRT] [info] [device.cpp:49] [Device] OS Version: Linux 6.12.34+rpt-rpi-2712 #1 SMP PREEMPT Debian 1:6.12.34-1+rpt1~bookworm (2025-06-26) aarch64
[2025-09-12 15:04:00.665] [9226] [HailoRT] [info] [control.cpp:108] [control__parse_identify_results] firmware_version is: 4.20.0
[2025-09-12 15:04:00.666] [9226] [HailoRT] [info] [control.cpp:108] [control__parse_identify_results] firmware_version is: 4.20.0
[2025-09-12 15:04:00.743] [9199] [HailoRT] [info] [vdevice.cpp:523] [create] Creating vdevice with params: device_count: 1, scheduling_algorithm: ROUND_ROBIN, multi_process_service: false
[2025-09-12 15:04:00.755] [9199] [HailoRT] [info] [device.cpp:49] [Device] OS Version: Linux 6.12.34+rpt-rpi-2712 #1 SMP PREEMPT Debian 1:6.12.34-1+rpt1~bookworm (2025-06-26) aarch64
[2025-09-12 15:04:00.756] [9199] [HailoRT] [info] [control.cpp:108] [control__parse_identify_results] firmware_version is: 4.20.0
[2025-09-12 15:04:00.756] [9199] [HailoRT] [info] [vdevice.cpp:651] [create] VDevice Infos: 0001:01:00.0
[2025-09-12 15:04:00.857] [9199] [HailoRT] [info] [hef.cpp:1929] [get_network_group_and_network_name] No name was given. Addressing all networks of default network_group: yolov8m_pose
[2025-09-12 15:04:00.857] [9199] [HailoRT] [info] [hef.cpp:1929] [get_network_group_and_network_name] No name was given. Addressing all networks of default network_group: yolov8m_pose
[2025-09-12 15:04:01.014] [9251] [HailoRT] [info] [internal_buffer_manager.cpp:204] [print_execution_results] Planned internal buffer memory: CMA memory 0, user memory 7300608. memory to edge layer usage factor is 1
[2025-09-12 15:04:01.014] [9251] [HailoRT] [info] [internal_buffer_manager.cpp:212] [print_execution_results] Default Internal buffer planner executed successfully
[2025-09-12 15:04:01.078] [9251] [HailoRT] [info] [device_internal.cpp:57] [configure] Configuring HEF took 85.639782 milliseconds
[2025-09-12 15:04:01.079] [9251] [HailoRT] [info] [vdevice.cpp:749] [configure] Configuring HEF on VDevice took 86.106117 milliseconds
[2025-09-12 15:04:01.079] [9251] [HailoRT] [info] [infer_model.cpp:436] [configure] Configuring network group 'yolov8m_pose' with params: batch size: 2, power mode: PERFORMANCE, latency: NONE
[2025-09-12 15:04:01.079] [9251] [HailoRT] [info] [multi_io_elements.cpp:756] [create] Created (AsyncHwEl)
[2025-09-12 15:04:01.079] [9251] [HailoRT] [info] [queue_elements.cpp:450] [create] Created (EntryPushQEl0yolov8m_pose/input_layer1 | timeout: 10s)
[2025-09-12 15:04:01.079] [9251] [HailoRT] [info] [filter_elements.cpp:101] [create] Created (PreInferEl1yolov8m_pose/input_layer1 | Reorder - src_order: RGB4, src_shape: (640, 640, 3), dst_order: NHWC, dst_shape: (640, 640, 3))
[2025-09-12 15:04:01.079] [9251] [HailoRT] [info] [queue_elements.cpp:450] [create] Created (PushQEl1yolov8m_pose/input_layer1 | timeout: 10s)
[2025-09-12 15:04:01.079] [9251] [HailoRT] [info] [edge_elements.cpp:187] [create] Created (LastAsyncEl4AsyncHwEl)
[2025-09-12 15:04:01.079] [9251] [HailoRT] [info] [queue_elements.cpp:450] [create] Created (PushQEl5AsyncHwEl | timeout: 10s)
[2025-09-12 15:04:01.079] [9251] [HailoRT] [info] [filter_elements.cpp:375] [create] Created (PostInferEl5AsyncHwEl | Reorder - src_order: FCR, src_shape: (40, 40, 56), dst_order: FCR, dst_shape: (40, 40, 51))
[2025-09-12 15:04:01.079] [9251] [HailoRT] [info] [edge_elements.cpp:187] [create] Created (LastAsyncEl0PostInferEl5AsyncHwEl)
[2025-09-12 15:04:01.079] [9251] [HailoRT] [info] [edge_elements.cpp:187] [create] Created (LastAsyncEl1AsyncHwEl)
[2025-09-12 15:04:01.079] [9251] [HailoRT] [info] [queue_elements.cpp:450] [create] Created (PushQEl2AsyncHwEl | timeout: 10s)
[2025-09-12 15:04:01.079] [9251] [HailoRT] [info] [filter_elements.cpp:375] [create] Created (PostInferEl2AsyncHwEl | Reorder - src_order: FCR, src_shape: (20, 20, 56), dst_order: FCR, dst_shape: (20, 20, 51))
[2025-09-12 15:04:01.079] [9251] [HailoRT] [info] [edge_elements.cpp:187] [create] Created (LastAsyncEl0PostInferEl2AsyncHwEl)
[2025-09-12 15:04:01.079] [9251] [HailoRT] [info] [edge_elements.cpp:187] [create] Created (LastAsyncEl3AsyncHwEl)
[2025-09-12 15:04:01.079] [9251] [HailoRT] [info] [edge_elements.cpp:187] [create] Created (LastAsyncEl0AsyncHwEl)
[2025-09-12 15:04:01.079] [9251] [HailoRT] [info] [edge_elements.cpp:187] [create] Created (LastAsyncEl8AsyncHwEl)
[2025-09-12 15:04:01.079] [9251] [HailoRT] [info] [edge_elements.cpp:187] [create] Created (LastAsyncEl6AsyncHwEl)
[2025-09-12 15:04:01.080] [9251] [HailoRT] [info] [queue_elements.cpp:450] [create] Created (PushQEl7AsyncHwEl | timeout: 10s)
[2025-09-12 15:04:01.080] [9251] [HailoRT] [info] [filter_elements.cpp:375] [create] Created (PostInferEl7AsyncHwEl | Reorder - src_order: FCR, src_shape: (80, 80, 56), dst_order: FCR, dst_shape: (80, 80, 51))
[2025-09-12 15:04:01.080] [9251] [HailoRT] [info] [edge_elements.cpp:187] [create] Created (LastAsyncEl0PostInferEl7AsyncHwEl)
[2025-09-12 15:04:01.080] [9251] [HailoRT] [info] [pipeline.cpp:891] [print_deep_description] EntryPushQEl0yolov8m_pose/input_layer1 | inputs: user | outputs: PreInferEl1yolov8m_pose/input_layer1(running in thread_id: 9274)
[2025-09-12 15:04:01.080] [9251] [HailoRT] [info] [pipeline.cpp:891] [print_deep_description] PreInferEl1yolov8m_pose/input_layer1 | inputs: EntryPushQEl0yolov8m_pose/input_layer1[0] | outputs: PushQEl1yolov8m_pose/input_layer1
[2025-09-12 15:04:01.080] [9251] [HailoRT] [info] [pipeline.cpp:891] [print_deep_description] PushQEl1yolov8m_pose/input_layer1 | inputs: PreInferEl1yolov8m_pose/input_layer1[0] | outputs: AsyncHwEl(running in thread_id: 9275)
[2025-09-12 15:04:01.080] [9251] [HailoRT] [info] [pipeline.cpp:891] [print_deep_description] AsyncHwEl | inputs: PushQEl1yolov8m_pose/input_layer1[0] | outputs: LastAsyncEl0AsyncHwEl LastAsyncEl1AsyncHwEl PushQEl2AsyncHwEl LastAsyncEl3AsyncHwEl LastAsyncEl4AsyncHwEl PushQEl5AsyncHwEl LastAsyncEl6AsyncHwEl PushQEl7AsyncHwEl LastAsyncEl8AsyncHwEl
[2025-09-12 15:04:01.080] [9251] [HailoRT] [info] [pipeline.cpp:891] [print_deep_description] LastAsyncEl0AsyncHwEl | inputs: AsyncHwEl[0] | outputs: user
[2025-09-12 15:04:01.080] [9251] [HailoRT] [info] [pipeline.cpp:891] [print_deep_description] LastAsyncEl1AsyncHwEl | inputs: AsyncHwEl[0] | outputs: user
[2025-09-12 15:04:01.080] [9251] [HailoRT] [info] [pipeline.cpp:891] [print_deep_description] PushQEl2AsyncHwEl | inputs: AsyncHwEl[0] | outputs: PostInferEl2AsyncHwEl(running in thread_id: 9277)
[2025-09-12 15:04:01.080] [9251] [HailoRT] [info] [pipeline.cpp:891] [print_deep_description] PostInferEl2AsyncHwEl | inputs: PushQEl2AsyncHwEl[0] | outputs: LastAsyncEl0PostInferEl2AsyncHwEl
[2025-09-12 15:04:01.080] [9251] [HailoRT] [info] [pipeline.cpp:891] [print_deep_description] LastAsyncEl0PostInferEl2AsyncHwEl | inputs: PostInferEl2AsyncHwEl[0] | outputs: user
[2025-09-12 15:04:01.080] [9251] [HailoRT] [info] [pipeline.cpp:891] [print_deep_description] LastAsyncEl3AsyncHwEl | inputs: AsyncHwEl[0] | outputs: user
[2025-09-12 15:04:01.080] [9251] [HailoRT] [info] [pipeline.cpp:891] [print_deep_description] LastAsyncEl4AsyncHwEl | inputs: AsyncHwEl[0] | outputs: user
[2025-09-12 15:04:01.080] [9251] [HailoRT] [info] [pipeline.cpp:891] [print_deep_description] PushQEl5AsyncHwEl | inputs: AsyncHwEl[0] | outputs: PostInferEl5AsyncHwEl(running in thread_id: 9276)
[2025-09-12 15:04:01.080] [9251] [HailoRT] [info] [pipeline.cpp:891] [print_deep_description] PostInferEl5AsyncHwEl | inputs: PushQEl5AsyncHwEl[0] | outputs: LastAsyncEl0PostInferEl5AsyncHwEl
[2025-09-12 15:04:01.080] [9251] [HailoRT] [info] [pipeline.cpp:891] [print_deep_description] LastAsyncEl0PostInferEl5AsyncHwEl | inputs: PostInferEl5AsyncHwEl[0] | outputs: user
[2025-09-12 15:04:01.080] [9251] [HailoRT] [info] [pipeline.cpp:891] [print_deep_description] LastAsyncEl6AsyncHwEl | inputs: AsyncHwEl[0] | outputs: user
[2025-09-12 15:04:01.080] [9251] [HailoRT] [info] [pipeline.cpp:891] [print_deep_description] PushQEl7AsyncHwEl | inputs: AsyncHwEl[0] | outputs: PostInferEl7AsyncHwEl(running in thread_id: 9278)
[2025-09-12 15:04:01.080] [9251] [HailoRT] [info] [pipeline.cpp:891] [print_deep_description] PostInferEl7AsyncHwEl | inputs: PushQEl7AsyncHwEl[0] | outputs: LastAsyncEl0PostInferEl7AsyncHwEl
[2025-09-12 15:04:01.080] [9251] [HailoRT] [info] [pipeline.cpp:891] [print_deep_description] LastAsyncEl0PostInferEl7AsyncHwEl | inputs: PostInferEl7AsyncHwEl[0] | outputs: user
[2025-09-12 15:04:01.080] [9251] [HailoRT] [info] [pipeline.cpp:891] [print_deep_description] LastAsyncEl8AsyncHwEl | inputs: AsyncHwEl[0] | outputs: user
[2025-09-12 1[2025-09-12 16:38:11.644] [127121] [HailoRT] [info] [device.cpp:49] [Device] OS Version: Linux 6.12.34+rpt-rpi-2712 #1 SMP PREEMPT Debian 1:6.12.34-1+rpt1~bookworm (2025-06-26) aarch64
[2025-09-12 16:38:11.645] [127121] [HailoRT] [info] [control.cpp:108] [control__parse_identify_results] firmware_version is: 4.20.0
[2025-09-12 16:38:11.646] [127121] [HailoRT] [info] [control.cpp:108] [control__parse_identify_results] firmware_version is: 4.20.0
[2025-09-12 16:38:11.708] [127129] [HailoRT] [info] [device.cpp:49] [Device] OS Version: Linux 6.12.34+rpt-rpi-2712 #1 SMP PREEMPT Debian 1:6.12.34-1+rpt1~bookworm (2025-06-26) aarch64
[2025-09-12 16:38:11.709] [127129] [HailoRT] [info] [control.cpp:108] [control__parse_identify_results] firmware_version is: 4.20.0
[2025-09-12 16:38:11.710] [127129] [HailoRT] [info] [control.cpp:108] [control__parse_identify_results] firmware_version is: 4.20.0
[2025-09-12 16:38:11.752] [127137] [HailoRT] [info] [device.cpp:49] [Device] OS Version: Linux 6.12.34+rpt-rpi-2712 #1 SMP PREEMPT Debian 1:6.12.34-1+rpt1~bookworm (2025-06-26) aarch64
[2025-09-12 16:38:11.753] [127137] [HailoRT] [info] [control.cpp:108] [control__parse_identify_results] firmware_version is: 4.20.0
[2025-09-12 16:38:11.754] [127137] [HailoRT] [info] [control.cpp:108] [control__parse_identify_results] firmware_version is: 4.20.0
[2025-09-12 16:38:11.824] [127110] [HailoRT] [info] [vdevice.cpp:523] [create] Creating vdevice with params: device_count: 1, scheduling_algorithm: ROUND_ROBIN, multi_process_service: false
[2025-09-12 16:38:11.836] [127110] [HailoRT] [info] [device.cpp:49] [Device] OS Version: Linux 6.12.34+rpt-rpi-2712 #1 SMP PREEMPT Debian 1:6.12.34-1+rpt1~bookworm (2025-06-26) aarch64
[2025-09-12 16:38:11.837] [127110] [HailoRT] [info] [control.cpp:108] [control__parse_identify_results] firmware_version is: 4.20.0
[2025-09-12 16:38:11.837] [127110] [HailoRT] [info] [vdevice.cpp:651] [create] VDevice Infos: 0001:01:00.0
[2025-09-12 16:38:11.937] [127110] [HailoRT] [info] [hef.cpp:1929] [get_network_group_and_network_name] No name was given. Addressing all networks of default network_group: yolov8m_pose
[2025-09-12 16:38:11.937] [127110] [HailoRT] [info] [hef.cpp:1929] [get_network_group_and_network_name] No name was given. Addressing all networks of default network_group: yolov8m_pose
[2025-09-12 16:38:12.089] [127162] [HailoRT] [info] [internal_buffer_manager.cpp:204] [print_execution_results] Planned internal buffer memory: CMA memory 0, user memory 7300608. memory to edge layer usage factor is 1
[2025-09-12 16:38:12.089] [127162] [HailoRT] [info] [internal_buffer_manager.cpp:212] [print_execution_results] Default Internal buffer planner executed successfully
[2025-09-12 16:38:12.163] [127162] [HailoRT] [info] [device_internal.cpp:57] [configure] Configuring HEF took 98.771456 milliseconds
[2025-09-12 16:38:12.164] [127162] [HailoRT] [info] [vdevice.cpp:749] [configure] Configuring HEF on VDevice took 101.391692 milliseconds
[2025-09-12 16:38:12.164] [127162] [HailoRT] [info] [infer_model.cpp:436] [configure] Configuring network group 'yolov8m_pose' with params: batch size: 2, power mode: PERFORMANCE, latency: NONE
[2025-09-12 16:38:12.164] [127162] [HailoRT] [info] [multi_io_elements.cpp:756] [create] Created (AsyncHwEl)
[2025-09-12 16:38:12.164] [127162] [HailoRT] [info] [queue_elements.cpp:450] [create] Created (EntryPushQEl0yolov8m_pose/input_layer1 | timeout: 10s)
[2025-09-12 16:38:12.164] [127162] [HailoRT] [info] [filter_elements.cpp:101] [create] Created (PreInferEl1yolov8m_pose/input_layer1 | Reorder - src_order: RGB4, src_shape: (640, 640, 3), dst_order: NHWC, dst_shape: (640, 640, 3))
[2025-09-12 16:38:12.164] [127162] [HailoRT] [info] [queue_elements.cpp:450] [create] Created (PushQEl1yolov8m_pose/input_layer1 | timeout: 10s)
[2025-09-12 16:38:12.164] [127162] [HailoRT] [info] [edge_elements.cpp:187] [create] Created (LastAsyncEl4AsyncHwEl)
[2025-09-12 16:38:12.164] [127162] [HailoRT] [info] [queue_elements.cpp:450] [create] Created (PushQEl5AsyncHwEl | timeout: 10s)
[2025-09-12 16:38:12.164] [127162] [HailoRT] [info] [filter_elements.cpp:375] [create] Created (PostInferEl5AsyncHwEl | Reorder - src_order: FCR, src_shape: (40, 40, 56), dst_order: FCR, dst_shape: (40, 40, 51))
[2025-09-12 16:38:12.164] [127162] [HailoRT] [info] [edge_elements.cpp:187] [create] Created (LastAsyncEl0PostInferEl5AsyncHwEl)
[2025-09-12 16:38:12.164] [127162] [HailoRT] [info] [edge_elements.cpp:187] [create] Created (LastAsyncEl1AsyncHwEl)
[2025-09-12 16:38:12.164] [127162] [HailoRT] [info] [queue_elements.cpp:450] [create] Created (PushQEl2AsyncHwEl | timeout: 10s)
[2025-09-12 16:38:12.164] [127162] [HailoRT] [info] [filter_elements.cpp:375] [create] Created (PostInferEl2AsyncHwEl | Reorder - src_order: FCR, src_shape: (20, 20, 56), dst_order: FCR, dst_shape: (20, 20, 51))
[2025-09-12 16:38:12.164] [127162] [HailoRT] [info] [edge_elements.cpp:187] [create] Created (LastAsyncEl0PostInferEl2AsyncHwEl)
[2025-09-12 16:38:12.164] [127162] [HailoRT] [info] [edge_elements.cpp:187] [create] Created (LastAsyncEl3AsyncHwEl)
[2025-09-12 16:38:12.164] [127162] [HailoRT] [info] [edge_elements.cpp:187] [create] Created (LastAsyncEl0AsyncHwEl)
[2025-09-12 16:38:12.164] [127162] [HailoRT] [info] [edge_elements.cpp:187] [create] Created (LastAsyncEl8AsyncHwEl)
[2025-09-12 16:38:12.164] [127162] [HailoRT] [info] [edge_elements.cpp:187] [create] Created (LastAsyncEl6AsyncHwEl)
[2025-09-12 16:38:12.165] [127162] [HailoRT] [info] [queue_elements.cpp:450] [create] Created (PushQEl7AsyncHwEl | timeout: 10s)
[2025-09-12 16:38:12.165] [127162] [HailoRT] [info] [filter_elements.cpp:375] [create] Created (PostInferEl7AsyncHwEl | Reorder - src_order: FCR, src_shape: (80, 80, 56), dst_order: FCR, dst_shape: (80, 80, 51))
[2025-09-12 16:38:12.165] [127162] [HailoRT] [info] [edge_elements.cpp:187] [create] Created (LastAsyncEl0PostInferEl7AsyncHwEl)
[2025-09-12 16:38:12.165] [127162] [HailoRT] [info] [pipeline.cpp:891] [print_deep_description] EntryPushQEl0yolov8m_pose/input_layer1 | inputs: user | outputs: PreInferEl1yolov8m_pose/input_layer1(running in thread_id: 127185)
[2025-09-12 16:38:12.165] [127162] [HailoRT] [info] [pipeline.cpp:891] [print_deep_description] PreInferEl1yolov8m_pose/input_layer1 | inputs: EntryPushQEl0yolov8m_pose/input_layer1[0] | outputs: PushQEl1yolov8m_pose/input_layer1
[2025-09-12 16:38:12.165] [127162] [HailoRT] [info] [pipeline.cpp:891] [print_deep_description] PushQEl1yolov8m_pose/input_layer1 | inputs: PreInferEl1yolov8m_pose/input_layer1[0] | outputs: AsyncHwEl(running in thread_id: 127186)
[2025-09-12 16:38:12.165] [127162] [HailoRT] [info] [pipeline.cpp:891] [print_deep_description] AsyncHwEl | inputs: PushQEl1yolov8m_pose/input_layer1[0] | outputs: LastAsyncEl0AsyncHwEl LastAsyncEl1AsyncHwEl PushQEl2AsyncHwEl LastAsyncEl3AsyncHwEl LastAsyncEl4AsyncHwEl PushQEl5AsyncHwEl LastAsyncEl6AsyncHwEl PushQEl7AsyncHwEl LastAsyncEl8AsyncHwEl
[2025-09-12 16:38:12.165] [127162] [HailoRT] [info] [pipeline.cpp:891] [print_deep_description] LastAsyncEl0AsyncHwEl | inputs: AsyncHwEl[0] | outputs: user
[2025-09-12 16:38:12.165] [127162] [HailoRT] [info] [pipeline.cpp:891] [print_deep_description] LastAsyncEl1AsyncHwEl | inputs: AsyncHwEl[0] | outputs: user
[2025-09-12 16:38:12.165] [127162] [HailoRT] [info] [pipeline.cpp:891] [print_deep_description] PushQEl2AsyncHwEl | inputs: AsyncHwEl[0] | outputs: PostInferEl2AsyncHwEl(running in thread_id: 127188)
[2025-09-12 16:38:12.165] [127162] [HailoRT] [info] [pipeline.cpp:891] [print_deep_description] PostInferEl2AsyncHwEl | inputs: PushQEl2AsyncHwEl[0] | outputs: LastAsyncEl0PostInferEl2AsyncHwEl
[2025-09-12 16:38:12.165] [127162] [HailoRT] [info] [pipeline.cpp:891] [print_deep_description] LastAsyncEl0PostInferEl2AsyncHwEl | inputs: PostInferEl2AsyncHwEl[0] | outputs: user
[2025-09-12 16:38:12.165] [127162] [HailoRT] [info] [pipeline.cpp:891] [print_deep_description] LastAsyncEl3AsyncHwEl | inputs: AsyncHwEl[0] | outputs: user
[2025-09-12 16:38:12.165] [127162] [HailoRT] [info] [pipeline.cpp:891] [print_deep_description] LastAsyncEl4AsyncHwEl | inputs: AsyncHwEl[0] | outputs: user
[2025-09-12 16:38:12.165] [127162] [HailoRT] [info] [pipeline.cpp:891] [print_deep_description] PushQEl5AsyncHwEl | inputs: AsyncHwEl[0] | outputs: PostInferEl5AsyncHwEl(running in thread_id: 127187)
[2025-09-12 16:38:12.165] [127162] [HailoRT] [info] [pipeline.cpp:891] [print_deep_description] PostInferEl5AsyncHwEl | inputs: PushQEl5AsyncHwEl[0] | outputs: LastAsyncEl0PostInferEl5AsyncHwEl
[2025-09-12 16:38:12.165] [127162] [HailoRT] [info] [pipeline.cpp:891] [print_deep_description] LastAsyncEl0PostInferEl5AsyncHwEl | inputs: PostInferEl5AsyncHwEl[0] | outputs: user
[2025-09-12 16:38:12.165] [127162] [HailoRT] [info] [pipeline.cpp:891] [print_deep_description] LastAsyncEl6AsyncHwEl | inputs: AsyncHwEl[0] | outputs: user
[2025-09-12 16:38:12.165] [127162] [HailoRT] [info] [pipeline.cpp:891] [print_deep_description] PushQEl7AsyncHwEl | inputs: AsyncHwEl[0] | outputs: PostInferEl7AsyncHwEl(running in thread_id: 127189)
[2025-09-12 16:38:12.165] [127162] [HailoRT] [info] [pipeline.cpp:891] [print_deep_description] PostInferEl7AsyncHwEl | inputs: PushQEl7AsyncHwEl[0] | outputs: LastAsyncEl0PostInferEl7AsyncHwEl
[2025-09-12 16:38:12.165] [127162] [HailoRT] [info] [pipeline.cpp:891] [print_deep_description] LastAsyncEl0PostInferEl7AsyncHwEl | inputs: PostInferEl7AsyncHwEl[0] | outputs: user
[2025-09-12 16:38:12.165] [127162] [HailoRT] [info] [pipeline[2025-09-12 16:49:22.512] [128521] [HailoRT] [info] [device.cpp:49] [Device] OS Version: Linux 6.12.34+rpt-rpi-2712 #1 SMP PREEMPT Debian 1:6.12.34-1+rpt1~bookworm (2025-06-26) aarch64
[2025-09-12 16:49:22.513] [128521] [HailoRT] [info] [control.cpp:108] [control__parse_identify_results] firmware_version is: 4.20.0
[2025-09-12 16:49:22.514] [128521] [HailoRT] [info] [control.cpp:108] [control__parse_identify_results] firmware_version is: 4.20.0
[2025-09-12 16:49:22.564] [128529] [HailoRT] [info] [device.cpp:49] [Device] OS Version: Linux 6.12.34+rpt-rpi-2712 #1 SMP PREEMPT Debian 1:6.12.34-1+rpt1~bookworm (2025-06-26) aarch64
[2025-09-12 16:49:22.565] [128529] [HailoRT] [info] [control.cpp:108] [control__parse_identify_results] firmware_version is: 4.20.0
[2025-09-12 16:49:22.566] [128529] [HailoRT] [info] [control.cpp:108] [control__parse_identify_results] firmware_version is: 4.20.0
[2025-09-12 16:49:22.616] [128537] [HailoRT] [info] [device.cpp:49] [Device] OS Version: Linux 6.12.34+rpt-rpi-2712 #1 SMP PREEMPT Debian 1:6.12.34-1+rpt1~bookworm (2025-06-26) aarch64
[2025-09-12 16:49:22.617] [128537] [HailoRT] [info] [control.cpp:108] [control__parse_identify_results] firmware_version is: 4.20.0
[2025-09-12 16:49:22.618] [128537] [HailoRT] [info] [control.cpp:108] [control__parse_identify_results] firmware_version is: 4.20.0
[2025-09-12 16:49:22.687] [128510] [HailoRT] [info] [vdevice.cpp:523] [create] Creating vdevice with params: device_count: 1, scheduling_algorithm: ROUND_ROBIN, multi_process_service: false
[2025-09-12 16:49:22.700] [128510] [HailoRT] [info] [device.cpp:49] [Device] OS Version: Linux 6.12.34+rpt-rpi-2712 #1 SMP PREEMPT Debian 1:6.12.34-1+rpt1~bookworm (2025-06-26) aarch64
[2025-09-12 16:49:22.701] [128510] [HailoRT] [info] [control.cpp:108] [control__parse_identify_results] firmware_version is: 4.20.0
[2025-09-12 16:49:22.701] [128510] [HailoRT] [info] [vdevice.cpp:651] [create] VDevice Infos: 0001:01:00.0
[2025-09-12 16:49:22.802] [128510] [HailoRT] [info] [hef.cpp:1929] [get_network_group_and_network_name] No name was given. Addressing all networks of default network_group: yolov8m_pose
[2025-09-12 16:49:22.802] [128510] [HailoRT] [info] [hef.cpp:1929] [get_network_group_and_network_name] No name was given. Addressing all networks of default network_group: yolov8m_pose
[2025-09-12 16:49:23.054] [128562] [HailoRT] [info] [internal_buffer_manager.cpp:204] [print_execution_results] Planned internal buffer memory: CMA memory 0, user memory 7300608. memory to edge layer usage factor is 1
[2025-09-12 16:49:23.054] [128562] [HailoRT] [info] [internal_buffer_manager.cpp:212] [print_execution_results] Default Internal buffer planner executed successfully
[2025-09-12 16:49:23.202] [128562] [HailoRT] [info] [device_internal.cpp:57] [configure] Configuring HEF took 276.59026 milliseconds
[2025-09-12 16:49:23.202] [128562] [HailoRT] [info] [vdevice.cpp:749] [configure] Configuring HEF on VDevice took 277.421042 milliseconds
[2025-09-12 16:49:23.202] [128562] [HailoRT] [info] [infer_model.cpp:436] [configure] Configuring network group 'yolov8m_pose' with params: batch size: 2, power mode: PERFORMANCE, latency: NONE
[2025-09-12 16:49:23.202] [128562] [HailoRT] [info] [multi_io_elements.cpp:756] [create] Created (AsyncHwEl)
[2025-09-12 16:49:23.202] [128562] [HailoRT] [info] [queue_elements.cpp:450] [create] Created (EntryPushQEl0yolov8m_pose/input_layer1 | timeout: 10s)
[2025-09-12 16:49:23.202] [128562] [HailoRT] [info] [filter_elements.cpp:101] [create] Created (PreInferEl1yolov8m_pose/input_layer1 | Reorder - src_order: RGB4, src_shape: (640, 640, 3), dst_order: NHWC, dst_shape: (640, 640, 3))
[2025-09-12 16:49:23.202] [128562] [HailoRT] [info] [queue_elements.cpp:450] [create] Created (PushQEl1yolov8m_pose/input_layer1 | timeout: 10s)
[2025-09-12 16:49:23.202] [128562] [HailoRT] [info] [edge_elements.cpp:187] [create] Created (LastAsyncEl4AsyncHwEl)
[2025-09-12 16:49:23.202] [128562] [HailoRT] [info] [queue_elements.cpp:450] [create] Created (PushQEl5AsyncHwEl | timeout: 10s)
[2025-09-12 16:49:23.202] [128562] [HailoRT] [info] [filter_elements.cpp:375] [create] Created (PostInferEl5AsyncHwEl | Reorder - src_order: FCR, src_shape: (40, 40, 56), dst_order: FCR, dst_shape: (40, 40, 51))
[2025-09-12 16:49:23.202] [128562] [HailoRT] [info] [edge_elements.cpp:187] [create] Created (LastAsyncEl0PostInferEl5AsyncHwEl)
[2025-09-12 16:49:23.202] [128562] [HailoRT] [info] [edge_elements.cpp:187] [create] Created (LastAsyncEl1AsyncHwEl)
[2025-09-12 16:49:23.203] [128562] [HailoRT] [info] [queue_elements.cpp:450] [create] Created (PushQEl2AsyncHwEl | timeout: 10s)
[2025-09-12 16:49:23.203] [128562] [HailoRT] [info] [filter_elements.cpp:375] [create] Created (PostInferEl2AsyncHwEl | Reorder - src_order: FCR, src_shape: (20, 20, 56), dst_order: FCR, dst_shape: (20, 20, 51))
[2025-09-12 16:49:23.203] [128562] [HailoRT] [info] [edge_elements.cpp:187] [create] Created (LastAsyncEl0PostInferEl2AsyncHwEl)
[2025-09-12 16:49:23.203] [128562] [HailoRT] [info] [edge_elements.cpp:187] [create] Created (LastAsyncEl3AsyncHwEl)
[2025-09-12 16:49:23.203] [128562] [HailoRT] [info] [edge_elements.cpp:187] [create] Created (LastAsyncEl0AsyncHwEl)
[2025-09-12 16:49:23.203] [128562] [HailoRT] [info] [edge_elements.cpp:187] [create] Created (LastAsyncEl8AsyncHwEl)
[2025-09-12 16:49:23.203] [128562] [HailoRT] [info] [edge_elements.cpp:187] [create] Created (LastAsyncEl6AsyncHwEl)
[2025-09-12 16:49:23.203] [128562] [HailoRT] [info] [queue_elements.cpp:450] [create] Created (PushQEl7AsyncHwEl | timeout: 10s)
[2025-09-12 16:49:23.203] [128562] [HailoRT] [info] [filter_elements.cpp:375] [create] Created (PostInferEl7AsyncHwEl | Reorder - src_order: FCR, src_shape: (80, 80, 56), dst_order: FCR, dst_shape: (80, 80, 51))
[2025-09-12 16:49:23.203] [128562] [HailoRT] [info] [edge_elements.cpp:187] [create] Created (LastAsyncEl0PostInferEl7AsyncHwEl)
[2025-09-12 16:49:23.203] [128562] [HailoRT] [info] [pipeline.cpp:891] [print_deep_description] EntryPushQEl0yolov8m_pose/input_layer1 | inputs: user | outputs: PreInferEl1yolov8m_pose/input_layer1(running in thread_id: 128587)
[2025-09-12 16:49:23.203] [128562] [HailoRT] [info] [pipeline.cpp:891] [print_deep_description] PreInferEl1yolov8m_pose/input_layer1 | inputs: EntryPushQEl0yolov8m_pose/input_layer1[0] | outputs: PushQEl1yolov8m_pose/input_layer1
[2025-09-12 16:49:23.203] [128562] [HailoRT] [info] [pipeline.cpp:891] [print_deep_description] PushQEl1yolov8m_pose/input_layer1 | inputs: PreInferEl1yolov8m_pose/input_layer1[0] | outputs: AsyncHwEl(running in thread_id: 128588)
[2025-09-12 16:49:23.203] [128562] [HailoRT] [info] [pipeline.cpp:891] [print_deep_description] AsyncHwEl | inputs: PushQEl1yolov8m_pose/input_layer1[0] | outputs: LastAsyncEl0AsyncHwEl LastAsyncEl1AsyncHwEl PushQEl2AsyncHwEl LastAsyncEl3AsyncHwEl LastAsyncEl4AsyncHwEl PushQEl5AsyncHwEl LastAsyncEl6AsyncHwEl PushQEl7AsyncHwEl LastAsyncEl8AsyncHwEl
[2025-09-12 16:49:23.203] [128562] [HailoRT] [info] [pipeline.cpp:891] [print_deep_description] LastAsyncEl0AsyncHwEl | inputs: AsyncHwEl[0] | outputs: user
[2025-09-12 16:49:23.203] [128562] [HailoRT] [info] [pipeline.cpp:891] [print_deep_description] LastAsyncEl1AsyncHwEl | inputs: AsyncHwEl[0] | outputs: user
[2025-09-12 16:49:23.203] [128562] [HailoRT] [info] [pipeline.cpp:891] [print_deep_description] PushQEl2AsyncHwEl | inputs: AsyncHwEl[0] | outputs: PostInferEl2AsyncHwEl(running in thread_id: 128590)
[2025-09-12 16:49:23.203] [128562] [HailoRT] [info] [pipeline.cpp:891] [print_deep_description] PostInferEl2AsyncHwEl | inputs: PushQEl2AsyncHwEl[0] | outputs: LastAsyncEl0PostInferEl2AsyncHwEl
[2025-09-12 16:49:23.203] [128562] [HailoRT] [info] [pipeline.cpp:891] [print_deep_description] LastAsyncEl0PostInferEl2AsyncHwEl | inputs: PostInferEl2AsyncHwEl[0] | outputs: user
[2025-09-12 16:49:23.203] [128562] [HailoRT] [info] [pipeline.cpp:891] [print_deep_description] LastAsyncEl3AsyncHwEl | inputs: AsyncHwEl[0] | outputs: user
[2025-09-12 16:49:23.203] [128562] [HailoRT] [info] [pipeline.cpp:891] [print_deep_description] LastAsyncEl4AsyncHwEl | inputs: AsyncHwEl[0] | outputs: user
[2025-09-12 16:49:23.203] [128562] [HailoRT] [info] [pipeline.cpp:891] [print_deep_description] PushQEl5AsyncHwEl | inputs: AsyncHwEl[0] | outputs: PostInferEl5AsyncHwEl(running in thread_id: 128589)
[2025-09-12 16:49:23.203] [128562] [HailoRT] [info] [pipeline.cpp:891] [print_deep_description] PostInferEl5AsyncHwEl | inputs: PushQEl5AsyncHwEl[0] | outputs: LastAsyncEl0PostInferEl5AsyncHwEl
[2025-09-12 16:49:23.203] [128562] [HailoRT] [info] [pipeline.cpp:891] [print_deep_description] LastAsyncEl0PostInferEl5AsyncHwEl | inputs: PostInferEl5AsyncHwEl[0] | outputs: user
[2025-09-12 16:49:23.203] [128562] [HailoRT] [info] [pipeline.cpp:891] [print_deep_description] LastAsyncEl6AsyncHwEl | inputs: AsyncHwEl[0] | outputs: user
[2025-09-12 16:49:23.203] [128562] [HailoRT] [info] [pipeline.cpp:891] [print_deep_description] PushQEl7AsyncHwEl | inputs: AsyncHwEl[0] | outputs: PostInferEl7AsyncHwEl(running in thread_id: 128591)
[2025-09-12 16:49:23.203] [128562] [HailoRT] [info] [pipeline.cpp:891] [print_deep_description] PostInferEl7AsyncHwEl | inputs: PushQEl7AsyncHwEl[0] | outputs: LastAsyncEl0PostInferEl7AsyncHwEl
[2025-09-12 16:49:23.203] [128562] [HailoRT] [info] [pipeline.cpp:891] [print_deep_description] LastAsyncEl0PostInferEl7AsyncHwEl | inputs: PostInferEl7AsyncHwEl[0] | outputs: user
[2025-09-12 16:49:23.203] [128562] [HailoRT] [info] [pipeline[2025-09-12 16:54:53.720] [128675] [HailoRT] [info] [device.cpp:49] [Device] OS Version: Linux 6.12.34+rpt-rpi-2712 #1 SMP PREEMPT Debian 1:6.12.34-1+rpt1~bookworm (2025-06-26) aarch64
[2025-09-12 16:54:53.721] [128675] [HailoRT] [info] [control.cpp:108] [control__parse_identify_results] firmware_version is: 4.20.0
[2025-09-12 16:54:53.722] [128675] [HailoRT] [info] [control.cpp:108] [control__parse_identify_results] firmware_version is: 4.20.0
[2025-09-12 16:54:53.760] [128683] [HailoRT] [info] [device.cpp:49] [Device] OS Version: Linux 6.12.34+rpt-rpi-2712 #1 SMP PREEMPT Debian 1:6.12.34-1+rpt1~bookworm (2025-06-26) aarch64
[2025-09-12 16:54:53.761] [128683] [HailoRT] [info] [control.cpp:108] [control__parse_identify_results] firmware_version is: 4.20.0
[2025-09-12 16:54:53.762] [128683] [HailoRT] [info] [control.cpp:108] [control__parse_identify_results] firmware_version is: 4.20.0
[2025-09-12 16:54:53.808] [128691] [HailoRT] [info] [device.cpp:49] [Device] OS Version: Linux 6.12.34+rpt-rpi-2712 #1 SMP PREEMPT Debian 1:6.12.34-1+rpt1~bookworm (2025-06-26) aarch64
[2025-09-12 16:54:53.809] [128691] [HailoRT] [info] [control.cpp:108] [control__parse_identify_results] firmware_version is: 4.20.0
[2025-09-12 16:54:53.810] [128691] [HailoRT] [info] [control.cpp:108] [control__parse_identify_results] firmware_version is: 4.20.0
[2025-09-12 16:54:53.892] [128664] [HailoRT] [info] [vdevice.cpp:523] [create] Creating vdevice with params: device_count: 1, scheduling_algorithm: ROUND_ROBIN, multi_process_service: false
[2025-09-12 16:54:53.904] [128664] [HailoRT] [info] [device.cpp:49] [Device] OS Version: Linux 6.12.34+rpt-rpi-2712 #1 SMP PREEMPT Debian 1:6.12.34-1+rpt1~bookworm (2025-06-26) aarch64
[2025-09-12 16:54:53.905] [128664] [HailoRT] [info] [control.cpp:108] [control__parse_identify_results] firmware_version is: 4.20.0
[2025-09-12 16:54:53.905] [128664] [HailoRT] [info] [vdevice.cpp:651] [create] VDevice Infos: 0001:01:00.0
[2025-09-12 16:54:54.008] [128664] [HailoRT] [info] [hef.cpp:1929] [get_network_group_and_network_name] No name was given. Addressing all networks of default network_group: yolov8m_pose
[2025-09-12 16:54:54.008] [128664] [HailoRT] [info] [hef.cpp:1929] [get_network_group_and_network_name] No name was given. Addressing all networks of default network_group: yolov8m_pose
[2025-09-12 16:54:54.158] [128716] [HailoRT] [info] [internal_buffer_manager.cpp:204] [print_execution_results] Planned internal buffer memory: CMA memory 0, user memory 7300608. memory to edge layer usage factor is 1
[2025-09-12 16:54:54.158] [128716] [HailoRT] [info] [internal_buffer_manager.cpp:212] [print_execution_results] Default Internal buffer planner executed successfully
[2025-09-12 16:54:54.248] [128716] [HailoRT] [info] [device_internal.cpp:57] [configure] Configuring HEF took 108.684308 milliseconds
[2025-09-12 16:54:54.248] [128716] [HailoRT] [info] [vdevice.cpp:749] [configure] Configuring HEF on VDevice took 109.073533 milliseconds
[2025-09-12 16:54:54.248] [128716] [HailoRT] [info] [infer_model.cpp:436] [configure] Configuring network group 'yolov8m_pose' with params: batch size: 2, power mode: PERFORMANCE, latency: NONE
[2025-09-12 16:54:54.248] [128716] [HailoRT] [info] [multi_io_elements.cpp:756] [create] Created (AsyncHwEl)
[2025-09-12 16:54:54.248] [128716] [HailoRT] [info] [queue_elements.cpp:450] [create] Created (EntryPushQEl0yolov8m_pose/input_layer1 | timeout: 10s)
[2025-09-12 16:54:54.248] [128716] [HailoRT] [info] [filter_elements.cpp:101] [create] Created (PreInferEl1yolov8m_pose/input_layer1 | Reorder - src_order: RGB4, src_shape: (640, 640, 3), dst_order: NHWC, dst_shape: (640, 640, 3))
[2025-09-12 16:54:54.248] [128716] [HailoRT] [info] [queue_elements.cpp:450] [create] Created (PushQEl1yolov8m_pose/input_layer1 | timeout: 10s)
[2025-09-12 16:54:54.248] [128716] [HailoRT] [info] [edge_elements.cpp:187] [create] Created (LastAsyncEl4AsyncHwEl)
[2025-09-12 16:54:54.249] [128716] [HailoRT] [info] [queue_elements.cpp:450] [create] Created (PushQEl5AsyncHwEl | timeout: 10s)
[2025-09-12 16:54:54.249] [128716] [HailoRT] [info] [filter_elements.cpp:375] [create] Created (PostInferEl5AsyncHwEl | Reorder - src_order: FCR, src_shape: (40, 40, 56), dst_order: FCR, dst_shape: (40, 40, 51))
[2025-09-12 16:54:54.249] [128716] [HailoRT] [info] [edge_elements.cpp:187] [create] Created (LastAsyncEl0PostInferEl5AsyncHwEl)
[2025-09-12 16:54:54.249] [128716] [HailoRT] [info] [edge_elements.cpp:187] [create] Created (LastAsyncEl1AsyncHwEl)
[2025-09-12 16:54:54.249] [128716] [HailoRT] [info] [queue_elements.cpp:450] [create] Created (PushQEl2AsyncHwEl | timeout: 10s)
[2025-09-12 16:54:54.249] [128716] [HailoRT] [info] [filter_elements.cpp:375] [create] Created (PostInferEl2AsyncHwEl | Reorder - src_order: FCR, src_shape: (20, 20, 56), dst_order: FCR, dst_shape: (20, 20, 51))
[2025-09-12 16:54:54.249] [128716] [HailoRT] [info] [edge_elements.cpp:187] [create] Created (LastAsyncEl0PostInferEl2AsyncHwEl)
[2025-09-12 16:54:54.249] [128716] [HailoRT] [info] [edge_elements.cpp:187] [create] Created (LastAsyncEl3AsyncHwEl)
[2025-09-12 16:54:54.249] [128716] [HailoRT] [info] [edge_elements.cpp:187] [create] Created (LastAsyncEl0AsyncHwEl)
[2025-09-12 16:54:54.249] [128716] [HailoRT] [info] [edge_elements.cpp:187] [create] Created (LastAsyncEl8AsyncHwEl)
[2025-09-12 16:54:54.249] [128716] [HailoRT] [info] [edge_elements.cpp:187] [create] Created (LastAsyncEl6AsyncHwEl)
[2025-09-12 16:54:54.253] [128716] [HailoRT] [info] [queue_elements.cpp:450] [create] Created (PushQEl7AsyncHwEl | timeout: 10s)
[2025-09-12 16:54:54.253] [128716] [HailoRT] [info] [filter_elements.cpp:375] [create] Created (PostInferEl7AsyncHwEl | Reorder - src_order: FCR, src_shape: (80, 80, 56), dst_order: FCR, dst_shape: (80, 80, 51))
[2025-09-12 16:54:54.253] [128716] [HailoRT] [info] [edge_elements.cpp:187] [create] Created (LastAsyncEl0PostInferEl7AsyncHwEl)
[2025-09-12 16:54:54.253] [128716] [HailoRT] [info] [pipeline.cpp:891] [print_deep_description] EntryPushQEl0yolov8m_pose/input_layer1 | inputs: user | outputs: PreInferEl1yolov8m_pose/input_layer1(running in thread_id: 128739)
[2025-09-12 16:54:54.253] [128716] [HailoRT] [info] [pipeline.cpp:891] [print_deep_description] PreInferEl1yolov8m_pose/input_layer1 | inputs: EntryPushQEl0yolov8m_pose/input_layer1[0] | outputs: PushQEl1yolov8m_pose/input_layer1
[2025-09-12 16:54:54.253] [128716] [HailoRT] [info] [pipeline.cpp:891] [print_deep_description] PushQEl1yolov8m_pose/input_layer1 | inputs: PreInferEl1yolov8m_pose/input_layer1[0] | outputs: AsyncHwEl(running in thread_id: 128740)
[2025-09-12 16:54:54.253] [128716] [HailoRT] [info] [pipeline.cpp:891] [print_deep_description] AsyncHwEl | inputs: PushQEl1yolov8m_pose/input_layer1[0] | outputs: LastAsyncEl0AsyncHwEl LastAsyncEl1AsyncHwEl PushQEl2AsyncHwEl LastAsyncEl3AsyncHwEl LastAsyncEl4AsyncHwEl PushQEl5AsyncHwEl LastAsyncEl6AsyncHwEl PushQEl7AsyncHwEl LastAsyncEl8AsyncHwEl
[2025-09-12 16:54:54.253] [128716] [HailoRT] [info] [pipeline.cpp:891] [print_deep_description] LastAsyncEl0AsyncHwEl | inputs: AsyncHwEl[0] | outputs: user
[2025-09-12 16:54:54.253] [128716] [HailoRT] [info] [pipeline.cpp:891] [print_deep_description] LastAsyncEl1AsyncHwEl | inputs: AsyncHwEl[0] | outputs: user
[2025-09-12 16:54:54.253] [128716] [HailoRT] [info] [pipeline.cpp:891] [print_deep_description] PushQEl2AsyncHwEl | inputs: AsyncHwEl[0] | outputs: PostInferEl2AsyncHwEl(running in thread_id: 128742)
[2025-09-12 16:54:54.253] [128716] [HailoRT] [info] [pipeline.cpp:891] [print_deep_description] PostInferEl2AsyncHwEl | inputs: PushQEl2AsyncHwEl[0] | outputs: LastAsyncEl0PostInferEl2AsyncHwEl
[2025-09-12 16:54:54.253] [128716] [HailoRT] [info] [pipeline.cpp:891] [print_deep_description] LastAsyncEl0PostInferEl2AsyncHwEl | inputs: PostInferEl2AsyncHwEl[0] | outputs: user
[2025-09-12 16:54:54.253] [128716] [HailoRT] [info] [pipeline.cpp:891] [print_deep_description] LastAsyncEl3AsyncHwEl | inputs: AsyncHwEl[0] | outputs: user
[2025-09-12 16:54:54.253] [128716] [HailoRT] [info] [pipeline.cpp:891] [print_deep_description] LastAsyncEl4AsyncHwEl | inputs: AsyncHwEl[0] | outputs: user
[2025-09-12 16:54:54.253] [128716] [HailoRT] [info] [pipeline.cpp:891] [print_deep_description] PushQEl5AsyncHwEl | inputs: AsyncHwEl[0] | outputs: PostInferEl5AsyncHwEl(running in thread_id: 128741)
[2025-09-12 16:54:54.253] [128716] [HailoRT] [info] [pipeline.cpp:891] [print_deep_description] PostInferEl5AsyncHwEl | inputs: PushQEl5AsyncHwEl[0] | outputs: LastAsyncEl0PostInferEl5AsyncHwEl
[2025-09-12 16:54:54.253] [128716] [HailoRT] [info] [pipeline.cpp:891] [print_deep_description] LastAsyncEl0PostInferEl5AsyncHwEl | inputs: PostInferEl5AsyncHwEl[0] | outputs: user
[2025-09-12 16:54:54.253] [128716] [HailoRT] [info] [pipeline.cpp:891] [print_deep_description] LastAsyncEl6AsyncHwEl | inputs: AsyncHwEl[0] | outputs: user
[2025-09-12 16:54:54.253] [128716] [HailoRT] [info] [pipeline.cpp:891] [print_deep_description] PushQEl7AsyncHwEl | inputs: AsyncHwEl[0] | outputs: PostInferEl7AsyncHwEl(running in thread_id: 128743)
[2025-09-12 16:54:54.253] [128716] [HailoRT] [info] [pipeline.cpp:891] [print_deep_description] PostInferEl7AsyncHwEl | inputs: PushQEl7AsyncHwEl[0] | outputs: LastAsyncEl0PostInferEl7AsyncHwEl
[2025-09-12 16:54:54.253] [128716] [HailoRT] [info] [pipeline.cpp:891] [print_deep_description] LastAsyncEl0PostInferEl7AsyncHwEl | inputs: PostInferEl7AsyncHwEl[0] | outputs: user
[2025-09-12 16:54:54.253] [128716] [HailoRT] [info] [pipelin[2025-09-12 17:07:06.396] [128978] [HailoRT] [info] [device.cpp:49] [Device] OS Version: Linux 6.12.34+rpt-rpi-2712 #1 SMP PREEMPT Debian 1:6.12.34-1+rpt1~bookworm (2025-06-26) aarch64
[2025-09-12 17:07:06.397] [128978] [HailoRT] [info] [control.cpp:108] [control__parse_identify_results] firmware_version is: 4.20.0
[2025-09-12 17:07:06.398] [128978] [HailoRT] [info] [control.cpp:108] [control__parse_identify_results] firmware_version is: 4.20.0
[2025-09-12 17:07:06.444] [128986] [HailoRT] [info] [device.cpp:49] [Device] OS Version: Linux 6.12.34+rpt-rpi-2712 #1 SMP PREEMPT Debian 1:6.12.34-1+rpt1~bookworm (2025-06-26) aarch64
[2025-09-12 17:07:06.445] [128986] [HailoRT] [info] [control.cpp:108] [control__parse_identify_results] firmware_version is: 4.20.0
[2025-09-12 17:07:06.446] [128986] [HailoRT] [info] [control.cpp:108] [control__parse_identify_results] firmware_version is: 4.20.0
[2025-09-12 17:07:06.508] [128994] [HailoRT] [info] [device.cpp:49] [Device] OS Version: Linux 6.12.34+rpt-rpi-2712 #1 SMP PREEMPT Debian 1:6.12.34-1+rpt1~bookworm (2025-06-26) aarch64
[2025-09-12 17:07:06.509] [128994] [HailoRT] [info] [control.cpp:108] [control__parse_identify_results] firmware_version is: 4.20.0
[2025-09-12 17:07:06.510] [128994] [HailoRT] [info] [control.cpp:108] [control__parse_identify_results] firmware_version is: 4.20.0
[2025-09-12 17:07:06.592] [128967] [HailoRT] [info] [vdevice.cpp:523] [create] Creating vdevice with params: device_count: 1, scheduling_algorithm: ROUND_ROBIN, multi_process_service: false
[2025-09-12 17:07:06.604] [128967] [HailoRT] [info] [device.cpp:49] [Device] OS Version: Linux 6.12.34+rpt-rpi-2712 #1 SMP PREEMPT Debian 1:6.12.34-1+rpt1~bookworm (2025-06-26) aarch64
[2025-09-12 17:07:06.605] [128967] [HailoRT] [info] [control.cpp:108] [control__parse_identify_results] firmware_version is: 4.20.0
[2025-09-12 17:07:06.605] [128967] [HailoRT] [info] [vdevice.cpp:651] [create] VDevice Infos: 0001:01:00.0
[2025-09-12 17:07:06.760] [128967] [HailoRT] [info] [hef.cpp:1929] [get_network_group_and_network_name] No name was given. Addressing all networks of default network_group: yolov8m_pose
[2025-09-12 17:07:06.760] [128967] [HailoRT] [info] [hef.cpp:1929] [get_network_group_and_network_name] No name was given. Addressing all networks of default network_group: yolov8m_pose
[2025-09-12 17:07:06.953] [129019] [HailoRT] [info] [internal_buffer_manager.cpp:204] [print_execution_results] Planned internal buffer memory: CMA memory 0, user memory 7300608. memory to edge layer usage factor is 1
[2025-09-12 17:07:06.953] [129019] [HailoRT] [info] [internal_buffer_manager.cpp:212] [print_execution_results] Default Internal buffer planner executed successfully
[2025-09-12 17:07:07.033] [129019] [HailoRT] [info] [device_internal.cpp:57] [configure] Configuring HEF took 94.42697 milliseconds
[2025-09-12 17:07:07.033] [129019] [HailoRT] [info] [vdevice.cpp:749] [configure] Configuring HEF on VDevice took 94.902546 milliseconds
[2025-09-12 17:07:07.033] [129019] [HailoRT] [info] [infer_model.cpp:436] [configure] Configuring network group 'yolov8m_pose' with params: batch size: 2, power mode: PERFORMANCE, latency: NONE
[2025-09-12 17:07:07.034] [129019] [HailoRT] [info] [multi_io_elements.cpp:756] [create] Created (AsyncHwEl)
[2025-09-12 17:07:07.034] [129019] [HailoRT] [info] [queue_elements.cpp:450] [create] Created (EntryPushQEl0yolov8m_pose/input_layer1 | timeout: 10s)
[2025-09-12 17:07:07.034] [129019] [HailoRT] [info] [filter_elements.cpp:101] [create] Created (PreInferEl1yolov8m_pose/input_layer1 | Reorder - src_order: RGB4, src_shape: (640, 640, 3), dst_order: NHWC, dst_shape: (640, 640, 3))
[2025-09-12 17:07:07.034] [129019] [HailoRT] [info] [queue_elements.cpp:450] [create] Created (PushQEl1yolov8m_pose/input_layer1 | timeout: 10s)
[2025-09-12 17:07:07.034] [129019] [HailoRT] [info] [edge_elements.cpp:187] [create] Created (LastAsyncEl4AsyncHwEl)
[2025-09-12 17:07:07.034] [129019] [HailoRT] [info] [queue_elements.cpp:450] [create] Created (PushQEl5AsyncHwEl | timeout: 10s)
[2025-09-12 17:07:07.034] [129019] [HailoRT] [info] [filter_elements.cpp:375] [create] Created (PostInferEl5AsyncHwEl | Reorder - src_order: FCR, src_shape: (40, 40, 56), dst_order: FCR, dst_shape: (40, 40, 51))
[2025-09-12 17:07:07.034] [129019] [HailoRT] [info] [edge_elements.cpp:187] [create] Created (LastAsyncEl0PostInferEl5AsyncHwEl)
[2025-09-12 17:07:07.034] [129019] [HailoRT] [info] [edge_elements.cpp:187] [create] Created (LastAsyncEl1AsyncHwEl)
[2025-09-12 17:07:07.034] [129019] [HailoRT] [info] [queue_elements.cpp:450] [create] Created (PushQEl2AsyncHwEl | timeout: 10s)
[2025-09-12 17:07:07.034] [129019] [HailoRT] [info] [filter_elements.cpp:375] [create] Created (PostInferEl2AsyncHwEl | Reorder - src_order: FCR, src_shape: (20, 20, 56), dst_order: FCR, dst_shape: (20, 20, 51))
[2025-09-12 17:07:07.034] [129019] [HailoRT] [info] [edge_elements.cpp:187] [create] Created (LastAsyncEl0PostInferEl2AsyncHwEl)
[2025-09-12 17:07:07.034] [129019] [HailoRT] [info] [edge_elements.cpp:187] [create] Created (LastAsyncEl3AsyncHwEl)
[2025-09-12 17:07:07.034] [129019] [HailoRT] [info] [edge_elements.cpp:187] [create] Created (LastAsyncEl0AsyncHwEl)
[2025-09-12 17:07:07.034] [129019] [HailoRT] [info] [edge_elements.cpp:187] [create] Created (LastAsyncEl8AsyncHwEl)
[2025-09-12 17:07:07.034] [129019] [HailoRT] [info] [edge_elements.cpp:187] [create] Created (LastAsyncEl6AsyncHwEl)
[2025-09-12 17:07:07.034] [129019] [HailoRT] [info] [queue_elements.cpp:450] [create] Created (PushQEl7AsyncHwEl | timeout: 10s)
[2025-09-12 17:07:07.034] [129019] [HailoRT] [info] [filter_elements.cpp:375] [create] Created (PostInferEl7AsyncHwEl | Reorder - src_order: FCR, src_shape: (80, 80, 56), dst_order: FCR, dst_shape: (80, 80, 51))
[2025-09-12 17:07:07.034] [129019] [HailoRT] [info] [edge_elements.cpp:187] [create] Created (LastAsyncEl0PostInferEl7AsyncHwEl)
[2025-09-12 17:07:07.034] [129019] [HailoRT] [info] [pipeline.cpp:891] [print_deep_description] EntryPushQEl0yolov8m_pose/input_layer1 | inputs: user | outputs: PreInferEl1yolov8m_pose/input_layer1(running in thread_id: 129041)
[2025-09-12 17:07:07.034] [129019] [HailoRT] [info] [pipeline.cpp:891] [print_deep_description] PreInferEl1yolov8m_pose/input_layer1 | inputs: EntryPushQEl0yolov8m_pose/input_layer1[0] | outputs: PushQEl1yolov8m_pose/input_layer1
[2025-09-12 17:07:07.034] [129019] [HailoRT] [info] [pipeline.cpp:891] [print_deep_description] PushQEl1yolov8m_pose/input_layer1 | inputs: PreInferEl1yolov8m_pose/input_layer1[0] | outputs: AsyncHwEl(running in thread_id: 129042)
[2025-09-12 17:07:07.034] [129019] [HailoRT] [info] [pipeline.cpp:891] [print_deep_description] AsyncHwEl | inputs: PushQEl1yolov8m_pose/input_layer1[0] | outputs: LastAsyncEl0AsyncHwEl LastAsyncEl1AsyncHwEl PushQEl2AsyncHwEl LastAsyncEl3AsyncHwEl LastAsyncEl4AsyncHwEl PushQEl5AsyncHwEl LastAsyncEl6AsyncHwEl PushQEl7AsyncHwEl LastAsyncEl8AsyncHwEl
[2025-09-12 17:07:07.034] [129019] [HailoRT] [info] [pipeline.cpp:891] [print_deep_description] LastAsyncEl0AsyncHwEl | inputs: AsyncHwEl[0] | outputs: user
[2025-09-12 17:07:07.034] [129019] [HailoRT] [info] [pipeline.cpp:891] [print_deep_description] LastAsyncEl1AsyncHwEl | inputs: AsyncHwEl[0] | outputs: user
[2025-09-12 17:07:07.034] [129019] [HailoRT] [info] [pipeline.cpp:891] [print_deep_description] PushQEl2AsyncHwEl | inputs: AsyncHwEl[0] | outputs: PostInferEl2AsyncHwEl(running in thread_id: 129044)
[2025-09-12 17:07:07.034] [129019] [HailoRT] [info] [pipeline.cpp:891] [print_deep_description] PostInferEl2AsyncHwEl | inputs: PushQEl2AsyncHwEl[0] | outputs: LastAsyncEl0PostInferEl2AsyncHwEl
[2025-09-12 17:07:07.034] [129019] [HailoRT] [info] [pipeline.cpp:891] [print_deep_description] LastAsyncEl0PostInferEl2AsyncHwEl | inputs: PostInferEl2AsyncHwEl[0] | outputs: user
[2025-09-12 17:07:07.034] [129019] [HailoRT] [info] [pipeline.cpp:891] [print_deep_description] LastAsyncEl3AsyncHwEl | inputs: AsyncHwEl[0] | outputs: user
[2025-09-12 17:07:07.034] [129019] [HailoRT] [info] [pipeline.cpp:891] [print_deep_description] LastAsyncEl4AsyncHwEl | inputs: AsyncHwEl[0] | outputs: user
[2025-09-12 17:07:07.034] [129019] [HailoRT] [info] [pipeline.cpp:891] [print_deep_description] PushQEl5AsyncHwEl | inputs: AsyncHwEl[0] | outputs: PostInferEl5AsyncHwEl(running in thread_id: 129043)
[2025-09-12 17:07:07.034] [129019] [HailoRT] [info] [pipeline.cpp:891] [print_deep_description] PostInferEl5AsyncHwEl | inputs: PushQEl5AsyncHwEl[0] | outputs: LastAsyncEl0PostInferEl5AsyncHwEl
[2025-09-12 17:07:07.034] [129019] [HailoRT] [info] [pipeline.cpp:891] [print_deep_description] LastAsyncEl0PostInferEl5AsyncHwEl | inputs: PostInferEl5AsyncHwEl[0] | outputs: user
[2025-09-12 17:07:07.034] [129019] [HailoRT] [info] [pipeline.cpp:891] [print_deep_description] LastAsyncEl6AsyncHwEl | inputs: AsyncHwEl[0] | outputs: user
[2025-09-12 17:07:07.034] [129019] [HailoRT] [info] [pipeline.cpp:891] [print_deep_description] PushQEl7AsyncHwEl | inputs: AsyncHwEl[0] | outputs: PostInferEl7AsyncHwEl(running in thread_id: 129045)
[2025-09-12 17:07:07.034] [129019] [HailoRT] [info] [pipeline.cpp:891] [print_deep_description] PostInferEl7AsyncHwEl | inputs: PushQEl7AsyncHwEl[0] | outputs: LastAsyncEl0PostInferEl7AsyncHwEl
[2025-09-12 17:07:07.034] [129019] [HailoRT] [info] [pipeline.cpp:891] [print_deep_description] LastAsyncEl0PostInferEl7AsyncHwEl | inputs: PostInferEl7AsyncHwEl[0] | outputs: user
[2025-09-12 17:07:07.034] [129019] [HailoRT] [info] [pipeline.c[2025-09-12 17:37:45.400] [222178] [HailoRT] [info] [device.cpp:49] [Device] OS Version: Linux 6.12.34+rpt-rpi-2712 #1 SMP PREEMPT Debian 1:6.12.34-1+rpt1~bookworm (2025-06-26) aarch64
[2025-09-12 17:37:45.401] [222178] [HailoRT] [info] [control.cpp:108] [control__parse_identify_results] firmware_version is: 4.20.0
[2025-09-12 17:37:45.402] [222178] [HailoRT] [info] [control.cpp:108] [control__parse_identify_results] firmware_version is: 4.20.0
[2025-09-12 17:37:45.448] [222186] [HailoRT] [info] [device.cpp:49] [Device] OS Version: Linux 6.12.34+rpt-rpi-2712 #1 SMP PREEMPT Debian 1:6.12.34-1+rpt1~bookworm (2025-06-26) aarch64
[2025-09-12 17:37:45.449] [222186] [HailoRT] [info] [control.cpp:108] [control__parse_identify_results] firmware_version is: 4.20.0
[2025-09-12 17:37:45.450] [222186] [HailoRT] [info] [control.cpp:108] [control__parse_identify_results] firmware_version is: 4.20.0
[2025-09-12 17:37:45.508] [222194] [HailoRT] [info] [device.cpp:49] [Device] OS Version: Linux 6.12.34+rpt-rpi-2712 #1 SMP PREEMPT Debian 1:6.12.34-1+rpt1~bookworm (2025-06-26) aarch64
[2025-09-12 17:37:45.509] [222194] [HailoRT] [info] [control.cpp:108] [control__parse_identify_results] firmware_version is: 4.20.0
[2025-09-12 17:37:45.510] [222194] [HailoRT] [info] [control.cpp:108] [control__parse_identify_results] firmware_version is: 4.20.0
[2025-09-12 17:37:45.575] [222167] [HailoRT] [info] [vdevice.cpp:523] [create] Creating vdevice with params: device_count: 1, scheduling_algorithm: ROUND_ROBIN, multi_process_service: false
[2025-09-12 17:37:45.588] [222167] [HailoRT] [info] [device.cpp:49] [Device] OS Version: Linux 6.12.34+rpt-rpi-2712 #1 SMP PREEMPT Debian 1:6.12.34-1+rpt1~bookworm (2025-06-26) aarch64
[2025-09-12 17:37:45.589] [222167] [HailoRT] [info] [control.cpp:108] [control__parse_identify_results] firmware_version is: 4.20.0
[2025-09-12 17:37:45.589] [222167] [HailoRT] [info] [vdevice.cpp:651] [create] VDevice Infos: 0001:01:00.0
[2025-09-12 17:37:45.690] [222167] [HailoRT] [info] [hef.cpp:1929] [get_network_group_and_network_name] No name was given. Addressing all networks of default network_group: yolov8m_pose
[2025-09-12 17:37:45.690] [222167] [HailoRT] [info] [hef.cpp:1929] [get_network_group_and_network_name] No name was given. Addressing all networks of default network_group: yolov8m_pose
[2025-09-12 17:37:45.829] [222219] [HailoRT] [info] [internal_buffer_manager.cpp:204] [print_execution_results] Planned internal buffer memory: CMA memory 0, user memory 7300608. memory to edge layer usage factor is 1
[2025-09-12 17:37:45.829] [222219] [HailoRT] [info] [internal_buffer_manager.cpp:212] [print_execution_results] Default Internal buffer planner executed successfully
[2025-09-12 17:37:45.911] [222219] [HailoRT] [info] [device_internal.cpp:57] [configure] Configuring HEF took 104.251913 milliseconds
[2025-09-12 17:37:45.912] [222219] [HailoRT] [info] [vdevice.cpp:749] [configure] Configuring HEF on VDevice took 104.675397 milliseconds
[2025-09-12 17:37:45.912] [222219] [HailoRT] [info] [infer_model.cpp:436] [configure] Configuring network group 'yolov8m_pose' with params: batch size: 2, power mode: PERFORMANCE, latency: NONE
[2025-09-12 17:37:45.912] [222219] [HailoRT] [info] [multi_io_elements.cpp:756] [create] Created (AsyncHwEl)
[2025-09-12 17:37:45.912] [222219] [HailoRT] [info] [queue_elements.cpp:450] [create] Created (EntryPushQEl0yolov8m_pose/input_layer1 | timeout: 10s)
[2025-09-12 17:37:45.912] [222219] [HailoRT] [info] [filter_elements.cpp:101] [create] Created (PreInferEl1yolov8m_pose/input_layer1 | Reorder - src_order: RGB4, src_shape: (640, 640, 3), dst_order: NHWC, dst_shape: (640, 640, 3))
[2025-09-12 17:37:45.912] [222219] [HailoRT] [info] [queue_elements.cpp:450] [create] Created (PushQEl1yolov8m_pose/input_layer1 | timeout: 10s)
[2025-09-12 17:37:45.912] [222219] [HailoRT] [info] [edge_elements.cpp:187] [create] Created (LastAsyncEl4AsyncHwEl)
[2025-09-12 17:37:45.912] [222219] [HailoRT] [info] [queue_elements.cpp:450] [create] Created (PushQEl5AsyncHwEl | timeout: 10s)
[2025-09-12 17:37:45.912] [222219] [HailoRT] [info] [filter_elements.cpp:375] [create] Created (PostInferEl5AsyncHwEl | Reorder - src_order: FCR, src_shape: (40, 40, 56), dst_order: FCR, dst_shape: (40, 40, 51))
[2025-09-12 17:37:45.912] [222219] [HailoRT] [info] [edge_elements.cpp:187] [create] Created (LastAsyncEl0PostInferEl5AsyncHwEl)
[2025-09-12 17:37:45.912] [222219] [HailoRT] [info] [edge_elements.cpp:187] [create] Created (LastAsyncEl1AsyncHwEl)
[2025-09-12 17:37:45.912] [222219] [HailoRT] [info] [queue_elements.cpp:450] [create] Created (PushQEl2AsyncHwEl | timeout: 10s)
[2025-09-12 17:37:45.912] [222219] [HailoRT] [info] [filter_elements.cpp:375] [create] Created (PostInferEl2AsyncHwEl | Reorder - src_order: FCR, src_shape: (20, 20, 56), dst_order: FCR, dst_shape: (20, 20, 51))
[2025-09-12 17:37:45.912] [222219] [HailoRT] [info] [edge_elements.cpp:187] [create] Created (LastAsyncEl0PostInferEl2AsyncHwEl)
[2025-09-12 17:37:45.912] [222219] [HailoRT] [info] [edge_elements.cpp:187] [create] Created (LastAsyncEl3AsyncHwEl)
[2025-09-12 17:37:45.912] [222219] [HailoRT] [info] [edge_elements.cpp:187] [create] Created (LastAsyncEl0AsyncHwEl)
[2025-09-12 17:37:45.913] [222219] [HailoRT] [info] [edge_elements.cpp:187] [create] Created (LastAsyncEl8AsyncHwEl)
[2025-09-12 17:37:45.913] [222219] [HailoRT] [info] [edge_elements.cpp:187] [create] Created (LastAsyncEl6AsyncHwEl)
[2025-09-12 17:37:45.913] [222219] [HailoRT] [info] [queue_elements.cpp:450] [create] Created (PushQEl7AsyncHwEl | timeout: 10s)
[2025-09-12 17:37:45.913] [222219] [HailoRT] [info] [filter_elements.cpp:375] [create] Created (PostInferEl7AsyncHwEl | Reorder - src_order: FCR, src_shape: (80, 80, 56), dst_order: FCR, dst_shape: (80, 80, 51))
[2025-09-12 17:37:45.913] [222219] [HailoRT] [info] [edge_elements.cpp:187] [create] Created (LastAsyncEl0PostInferEl7AsyncHwEl)
[2025-09-12 17:37:45.913] [222219] [HailoRT] [info] [pipeline.cpp:891] [print_deep_description] EntryPushQEl0yolov8m_pose/input_layer1 | inputs: user | outputs: PreInferEl1yolov8m_pose/input_layer1(running in thread_id: 222241)
[2025-09-12 17:37:45.913] [222219] [HailoRT] [info] [pipeline.cpp:891] [print_deep_description] PreInferEl1yolov8m_pose/input_layer1 | inputs: EntryPushQEl0yolov8m_pose/input_layer1[0] | outputs: PushQEl1yolov8m_pose/input_layer1
[2025-09-12 17:37:45.913] [222219] [HailoRT] [info] [pipeline.cpp:891] [print_deep_description] PushQEl1yolov8m_pose/input_layer1 | inputs: PreInferEl1yolov8m_pose/input_layer1[0] | outputs: AsyncHwEl(running in thread_id: 222242)
[2025-09-12 17:37:45.913] [222219] [HailoRT] [info] [pipeline.cpp:891] [print_deep_description] AsyncHwEl | inputs: PushQEl1yolov8m_pose/input_layer1[0] | outputs: LastAsyncEl0AsyncHwEl LastAsyncEl1AsyncHwEl PushQEl2AsyncHwEl LastAsyncEl3AsyncHwEl LastAsyncEl4AsyncHwEl PushQEl5AsyncHwEl LastAsyncEl6AsyncHwEl PushQEl7AsyncHwEl LastAsyncEl8AsyncHwEl
[2025-09-12 17:37:45.913] [222219] [HailoRT] [info] [pipeline.cpp:891] [print_deep_description] LastAsyncEl0AsyncHwEl | inputs: AsyncHwEl[0] | outputs: user
[2025-09-12 17:37:45.913] [222219] [HailoRT] [info] [pipeline.cpp:891] [print_deep_description] LastAsyncEl1AsyncHwEl | inputs: AsyncHwEl[0] | outputs: user
[2025-09-12 17:37:45.913] [222219] [HailoRT] [info] [pipeline.cpp:891] [print_deep_description] PushQEl2AsyncHwEl | inputs: AsyncHwEl[0] | outputs: PostInferEl2AsyncHwEl(running in thread_id: 222244)
[2025-09-12 17:37:45.913] [222219] [HailoRT] [info] [pipeline.cpp:891] [print_deep_description] PostInferEl2AsyncHwEl | inputs: PushQEl2AsyncHwEl[0] | outputs: LastAsyncEl0PostInferEl2AsyncHwEl
[2025-09-12 17:37:45.913] [222219] [HailoRT] [info] [pipeline.cpp:891] [print_deep_description] LastAsyncEl0PostInferEl2AsyncHwEl | inputs: PostInferEl2AsyncHwEl[0] | outputs: user
[2025-09-12 17:37:45.913] [222219] [HailoRT] [info] [pipeline.cpp:891] [print_deep_description] LastAsyncEl3AsyncHwEl | inputs: AsyncHwEl[0] | outputs: user
[2025-09-12 17:37:45.913] [222219] [HailoRT] [info] [pipeline.cpp:891] [print_deep_description] LastAsyncEl4AsyncHwEl | inputs: AsyncHwEl[0] | outputs: user
[2025-09-12 17:37:45.913] [222219] [HailoRT] [info] [pipeline.cpp:891] [print_deep_description] PushQEl5AsyncHwEl | inputs: AsyncHwEl[0] | outputs: PostInferEl5AsyncHwEl(running in thread_id: 222243)
[2025-09-12 17:37:45.913] [222219] [HailoRT] [info] [pipeline.cpp:891] [print_deep_description] PostInferEl5AsyncHwEl | inputs: PushQEl5AsyncHwEl[0] | outputs: LastAsyncEl0PostInferEl5AsyncHwEl
[2025-09-12 17:37:45.913] [222219] [HailoRT] [info] [pipeline.cpp:891] [print_deep_description] LastAsyncEl0PostInferEl5AsyncHwEl | inputs: PostInferEl5AsyncHwEl[0] | outputs: user
[2025-09-12 17:37:45.913] [222219] [HailoRT] [info] [pipeline.cpp:891] [print_deep_description] LastAsyncEl6AsyncHwEl | inputs: AsyncHwEl[0] | outputs: user
[2025-09-12 17:37:45.913] [222219] [HailoRT] [info] [pipeline.cpp:891] [print_deep_description] PushQEl7AsyncHwEl | inputs: AsyncHwEl[0] | outputs: PostInferEl7AsyncHwEl(running in thread_id: 222245)
[2025-09-12 17:37:45.913] [222219] [HailoRT] [info] [pipeline.cpp:891] [print_deep_description] PostInferEl7AsyncHwEl | inputs: PushQEl7AsyncHwEl[0] | outputs: LastAsyncEl0PostInferEl7AsyncHwEl
[2025-09-12 17:37:45.913] [222219] [HailoRT] [info] [pipeline.cpp:891] [print_deep_description] LastAsyncEl0PostInferEl7AsyncHwEl | inputs: PostInferEl7AsyncHwEl[0] | outputs: user
[2025-09-12 17:37:45.913] [222219] [HailoRT] [info] [pipeline.cpp:891] [print_deep_description] LastAsyncEl8AsyncHwEl | inputs: AsyncHwEl[0] | outputs: user
[2025-09-12 17:37:45.918] [222219] [HailoRT] [info] [hef.cpp:1929] [get_network_group_and_network_name] No name was given. Addressing all networks of default network_group: yolov8m_pose
[2025-09-12 17:38:21.348] [222251] [HailoRT] [info] [device.cpp:49] [Device] OS Version: Linux 6.12.34+rpt-rpi-2712 #1 SMP PREEMPT Debian 1:6.12.34-1+rpt1~bookworm (2025-06-26) aarch64
[2025-09-12 17:38:21.349] [222251] [HailoRT] [info] [control.cpp:108] [control__parse_identify_results] firmware_version is: 4.20.0
[2025-09-12 17:38:21.350] [222251] [HailoRT] [info] [control.cpp:108] [control__parse_identify_results] firmware_version is: 4.20.0
[2025-09-12 17:38:21.392] [222259] [HailoRT] [info] [device.cpp:49] [Device] OS Version: Linux 6.12.34+rpt-rpi-2712 #1 SMP PREEMPT Debian 1:6.12.34-1+rpt1~bookworm (2025-06-26) aarch64
[2025-09-12 17:38:21.393] [222259] [HailoRT] [info] [control.cpp:108] [control__parse_identify_results] firmware_version is: 4.20.0
[2025-09-12 17:38:21.394] [222259] [HailoRT] [info] [control.cpp:108] [control__parse_identify_results] firmware_version is: 4.20.0
[2025-09-12 17:38:21.436] [222267] [HailoRT] [info] [device.cpp:49] [Device] OS Version: Linux 6.12.34+rpt-rpi-2712 #1 SMP PREEMPT Debian 1:6.12.34-1+rpt1~bookworm (2025-06-26) aarch64
[2025-09-12 17:38:21.437] [222267] [HailoRT] [info] [control.cpp:108] [control__parse_identify_results] firmware_version is: 4.20.0
[2025-09-12 17:38:21.438] [222267] [HailoRT] [info] [control.cpp:108] [control__parse_identify_results] firmware_version is: 4.20.0
[2025-09-12 17:38:21.197] [222167] [HailoRT] [info] [async_infer_runner.cpp:86] [shutdown] Pipeline was aborted. Shutting it down
[2025-09-12 17:38:21.198] [222167] [HailoRT] [info] [queue_elements.cpp:570] [execute_deactivate] enqueue() in element PushQEl2AsyncHwEl was aborted, got status = HAILO_SHUTDOWN_EVENT_SIGNALED(57)
[2025-09-12 17:38:21.198] [222167] [HailoRT] [info] [queue_elements.cpp:570] [execute_deactivate] enqueue() in element PushQEl5AsyncHwEl was aborted, got status = HAILO_SHUTDOWN_EVENT_SIGNALED(57)
[2025-09-12 17:38:21.198] [222167] [HailoRT] [info] [queue_elements.cpp:570] [execute_deactivate] enqueue() in element PushQEl7AsyncHwEl was aborted, got status = HAILO_SHUTDOWN_EVENT_SIGNALED(57)
[2025-09-12 17:38:21.198] [222167] [HailoRT] [info] [queue_elements.cpp:570] [execute_deactivate] enqueue() in element PushQEl1yolov8m_pose/input_layer1 was aborted, got status = HAILO_SHUTDOWN_EVENT_SIGNALED(57)
[2025-09-12 17:38:21.198] [222167] [HailoRT] [info] [queue_elements.cpp:570] [execute_deactivate] enqueue() in element EntryPushQEl0yolov8m_pose/input_layer1 was aborted, got status = HAILO_SHUTDOWN_EVENT_SIGNALED(57)
[2025-09-12 17:38:21.198] [222167] [HailoRT] [info] [queue_elements.cpp:46] [~BaseQueueElement] Queue element EntryPushQEl0yolov8m_pose/input_layer1 has 0 frames in his Queue on destruction
[2025-09-12 17:38:21.198] [222167] [HailoRT] [info] [queue_elements.cpp:46] [~BaseQueueElement] Queue element PushQEl1yolov8m_pose/input_layer1 has 0 frames in his Queue on destruction
[2025-09-12 17:38:21.198] [222167] [HailoRT] [info] [queue_elements.cpp:46] [~BaseQueueElement] Queue element PushQEl5AsyncHwEl has 0 frames in his Queue on destruction
[2025-09-12 17:38:21.199] [222167] [HailoRT] [info] [queue_elements.cpp:46] [~BaseQueueElement] Queue element PushQEl2AsyncHwEl has 0 frames in his Queue on destruction
[2025-09-12 17:38:21.199] [222167] [HailoRT] [info] [queue_elements.cpp:46] [~BaseQueueElement] Queue element PushQEl7AsyncHwEl has 0 frames in his Queue on destruction
[2025-09-12 17:38:21.493] [222167] [HailoRT] [info] [vdevice.cpp:523] [create] Creating vdevice with params: device_count: 1, scheduling_algorithm: ROUND_ROBIN, multi_process_service: false
[2025-09-12 17:38:21.504] [222167] [HailoRT] [info] [device.cpp:49] [Device] OS Version: Linux 6.12.34+rpt-rpi-2712 #1 SMP PREEMPT Debian 1:6.12.34-1+rpt1~bookworm (2025-06-26) aarch64
[2025-09-12 17:38:21.505] [222167] [HailoRT] [info] [control.cpp:108] [control__parse_identify_results] firmware_version is: 4.20.0
[2025-09-12 17:38:21.505] [222167] [HailoRT] [info] [vdevice.cpp:651] [create] VDevice Infos: 0001:01:00.0
[2025-09-12 17:38:21.616] [222167] [HailoRT] [info] [hef.cpp:1929] [get_network_group_and_network_name] No name was given. Addressing all networks of default network_group: yolov8m_pose
[2025-09-12 17:38:21.616] [222167] [HailoRT] [info] [hef.cpp:1929] [get_network_group_and_network_name] No name was given. Addressing all networks of default network_group: yolov8m_pose
[2025-09-12 17:38:21.758] [222219] [HailoRT] [info] [internal_buffer_manager.cpp:204] [print_execution_results] Planned internal buffer memory: CMA memory 0, user memory 7300608. memory to edge layer usage factor is 1
[2025-09-12 17:38:21.758] [222219] [HailoRT] [info] [internal_buffer_manager.cpp:212] [print_execution_results] Default Internal buffer planner executed successfully
[2025-09-12 17:38:21.829] [222219] [HailoRT] [info] [device_internal.cpp:57] [configure] Configuring HEF took 96.919965 milliseconds
[2025-09-12 17:38:21.829] [222219] [HailoRT] [info] [vdevice.cpp:749] [configure] Configuring HEF on VDevice took 98.699253 milliseconds
[2025-09-12 17:38:21.829] [222219] [HailoRT] [info] [infer_model.cpp:436] [configure] Configuring network group 'yolov8m_pose' with params: batch size: 2, power mode: PERFORMANCE, latency: NONE
[2025-09-12 17:38:21.829] [222219] [HailoRT] [info] [multi_io_elements.cpp:756] [create] Created (AsyncHwEl)
[2025-09-12 17:38:21.829] [222219] [HailoRT] [info] [queue_elements.cpp:450] [create] Created (EntryPushQEl0yolov8m_pose/input_layer1 | timeout: 10s)
[2025-09-12 17:38:21.829] [222219] [HailoRT] [info] [filter_elements.cpp:101] [create] Created (PreInferEl1yolov8m_pose/input_layer1 | Reorder - src_order: RGB4, src_shape: (640, 640, 3), dst_order: NHWC, dst_shape: (640, 640, 3))
[2025-09-12 17:38:21.829] [222219] [HailoRT] [info] [queue_elements.cpp:450] [create] Created (PushQEl1yolov8m_pose/input_layer1 | timeout: 10s)
[2025-09-12 17:38:21.829] [222219] [HailoRT] [info] [edge_elements.cpp:187] [create] Created (LastAsyncEl4AsyncHwEl)
[2025-09-12 17:38:21.830] [222219] [HailoRT] [info] [queue_elements.cpp:450] [create] Created (PushQEl5AsyncHwEl | timeout: 10s)
[2025-09-12 17:38:21.830] [222219] [HailoRT] [info] [filter_elements.cpp:375] [create] Created (PostInferEl5AsyncHwEl | Reorder - src_order: FCR, src_shape: (40, 40, 56), dst_order: FCR, dst_shape: (40, 40, 51))
[2025-09-12 17:38:21.830] [222219] [HailoRT] [info] [edge_elements.cpp:187] [create] Created (LastAsyncEl0PostInferEl5AsyncHwEl)
[2025-09-12 17:38:21.830] [222219] [HailoRT] [info] [edge_elements.cpp:187] [create] Created (LastAsyncEl1AsyncHwEl)
[2025-09-12 17:38:21.830] [222219] [HailoRT] [info] [queue_elements.cpp:450] [create] Created (PushQEl2AsyncHwEl | timeout: 10s)
[2025-09-12 17:38:21.830] [222219] [HailoRT] [info] [filter_elements.cpp:375] [create] Created (PostInferEl2AsyncHwEl | Reorder - src_order: FCR, src_shape: (20, 20, 56), dst_order: FCR, dst_shape: (20, 20, 51))
[2025-09-12 17:38:21.830] [222219] [HailoRT] [info] [edge_elements.cpp:187] [create] Created (LastAsyncEl0PostInferEl2AsyncHwEl)
[2025-09-12 17:38:21.830] [222219] [HailoRT] [info] [edge_elements.cpp:187] [create] Created (LastAsyncEl3AsyncHwEl)
[2025-09-12 17:38:21.830] [222219] [HailoRT] [info] [edge_elements.cpp:187] [create] Created (LastAsyncEl0AsyncHwEl)
[2025-09-12 17:38:21.830] [222219] [HailoRT] [info] [edge_elements.cpp:187] [create] Created (LastAsyncEl8AsyncHwEl)
[2025-09-12 17:38:21.830] [222219] [HailoRT] [info] [edge_elements.cpp:187] [create] Created (LastAsyncEl6AsyncHwEl)
[2025-09-12 17:38:21.830] [222219] [HailoRT] [info] [queue_elements.cpp:450] [create] Created (PushQEl7AsyncHwEl | timeout: 10s)
[2025-09-12 17:38:21.830] [222219] [HailoRT] [info] [filter_elements.cpp:375] [create] Created (PostInferEl7AsyncHwEl | Reorder - src_order: FCR, src_shape: (80, 80, 56), dst_order: FCR, dst_shape: (80, 80, 51))
[2025-09-12 17:38:21.830] [222219] [HailoRT] [info] [edge_elements.cpp:187] [create] Created (LastAsyncEl0PostInferEl7AsyncHwEl)
[2025-09-12 17:38:21.830] [222219] [HailoRT] [info] [pipeline.cpp:891] [print_deep_description] EntryPushQEl0yolov8m_pose/input_layer1 | inputs: user | outputs: PreInferEl1yolov8m_pose/input_layer1(running in thread_id: 222293)
[2025-09-12 17:38:21.830] [222219] [HailoRT] [info] [pipeline.cpp:891] [print_deep_description] PreInferEl1yolov8m_pose/input_layer1 | inputs: EntryPushQEl0yolov8m_pose/input_layer1[0] | outputs: PushQEl1yolov8m_pose/input_layer1
[2025-09-12 17:38:21.830] [222219] [HailoRT] [info] [pipeline.cpp:891] [print_deep_description] PushQEl1yolov8m_pose/input_layer1 | inputs: PreInferEl1yolov8m_pose/input_layer1[0] | outputs: AsyncHwEl(running in thread_id: 222294)
[2025-09-12 17:38:21.830] [222219] [HailoRT] [info] [pipeline.cpp:891] [print_deep_description] AsyncHwEl | inputs: PushQEl1yolov8m_pose/input_layer1[0] | outputs: LastAsyncEl0AsyncHwEl LastAsyncEl1AsyncHwEl PushQEl2AsyncHwEl LastAsyncEl3AsyncHwEl LastAsyncEl4AsyncHwEl PushQEl5AsyncHwEl LastAsyncEl6AsyncHwEl PushQEl7AsyncHwEl LastAsyncEl8AsyncHwEl
[2025-09-12 17:38:21.830] [222219] [HailoRT] [info] [pipeline.cpp:891] [print_deep_description] LastAsyncEl0AsyncHwEl | inputs: AsyncHwEl[0] | outputs: user
[2025-09-12 17:38:21.830] [222219] [HailoRT] [info] [pipeline.cpp:891] [print_deep_description] LastAsyncEl1AsyncHwEl | inputs: AsyncHwEl[0] | outputs: user
[2025-09-12 17:38:21.830] [222219] [HailoRT] [info] [pipeline.cpp:891] [print_deep_description] PushQEl2AsyncHwEl | inputs: AsyncHwEl[0] | outputs: PostInferEl2AsyncHwEl(running in thread_id: 222296)
[2025-09-12 17:38:21.830] [222219] [HailoRT] [info] [pipeline.cpp:891] [print_deep_description] PostInferEl2AsyncHwEl | inputs: PushQEl2AsyncHwEl[0] | outputs: LastAsyncEl0PostInferEl2AsyncHwEl
[2025-09-12 17:38:21.830] [222219] [HailoRT] [info] [pipeline.cpp:891] [print_deep_description] LastAsyncEl0PostInferEl2AsyncHwEl | inputs: PostInferEl2AsyncHwEl[0] | outputs: user
[2025-09-12 17:38:21.830] [222219] [HailoRT] [info] [pipeline.cpp:891] [print_deep_description] LastAsyncEl3AsyncHwEl | inputs: AsyncHwEl[0] | outputs: user
[2025-09-12 17:38:21.830] [222219] [HailoRT] [info] [pipeline.cpp:891] [print_deep_description] LastAsyncEl4AsyncHwEl | inputs: AsyncHwEl[0] | outputs: user
[2025-09-12 17:38:21.830] [222219] [HailoRT] [info] [pipeline.cpp:891] [print_deep_description] PushQEl5AsyncHwEl | inputs: AsyncHwEl[0] | outputs: PostInferEl5AsyncHwEl(running in thread_id: 222295)
[2025-09-12 17:38:21.830] [222219] [HailoRT] [info] [pipeline.cpp:891] [print_deep_description] PostInferEl5AsyncHwEl | inputs: PushQEl5AsyncHwEl[0] | outputs: LastAsyncEl0PostInferEl5AsyncHwEl
[2025-09-12 17:38:21.830] [222219] [HailoRT] [info] [pipeline.cpp:891] [print_deep_description] LastAsyncEl0PostInferEl5AsyncHwEl | inputs: PostInferEl5AsyncHwEl[0] | outputs: user
[2025-09-12 17:38:21.830] [222219] [HailoRT] [info] [pipeline.cpp:891] [print_deep_description] LastAsyncEl6AsyncHwEl | inputs: AsyncHwEl[0] | outputs: user
[2025-09-12 17:38:21.830] [222219] [HailoRT] [info] [pipeline.cpp:891] [print_deep_description] PushQEl7AsyncHwEl | inputs: AsyncHwEl[0] | outputs: PostInferEl7AsyncHwEl(running in thread_id: 222297)
[2025-09-12 17:38:21.830] [222219] [HailoRT] [info] [pipeline.cpp:891] [print_deep_description] PostInferEl7AsyncHwEl | inputs: PushQEl7AsyncHwEl[0] | outputs: LastAsyncEl0PostInferEl7AsyncHwEl
[2025-09-12 17:38:21.830] [222219] [HailoRT] [info] [pipeline.cpp:891] [print_deep_description] LastAsyncEl0PostInferEl7AsyncHwEl | inputs: PostInferEl7AsyncHwEl[0] | outputs: user
[2025-09-12 17:38:21.830] [222219] [HailoRT] [info] [pipeline.cpp:891] [print_deep_description] LastAsyncEl8AsyncHwEl | inputs: AsyncHwEl[0] | outputs: user
[2025-09-12 17:38:21.834] [222219] [HailoRT] [info] [hef.cpp:1929] [get_network_group_and_network_name] No name was given. Addressing all networks of default network_group: yolov8m_pose
